[
    {
        "events": [
            { "time": 0.0, "notes": ["thespectre_mid01_face_b_lead_lead1_b", "thespectre_mid04_face_b_bass_bass1_b", "thespectre_mid10_face_b_drum_kick_b"] },
            { "time": 1.87, "notes": ["thespectre_mid05_face_b_bass_bass2_b"] },
            { "time": 3.75, "notes": ["thespectre_mid02_face_b_lead_lead2_b", "thespectre_mid07_face_b_bass_bass3_b", "thespectre_mid10_face_b_drum_kick_b"] },
            { "time": 5.62, "notes": ["thespectre_mid08_face_b_bass_bass4_b"] },
            { "time": 7.73, "notes": ["thespectre_mid11_face_b_drum_hihat_b"] },
            { "time": 8.20, "notes": ["thespectre_mid11_face_b_drum_hihat_b"] },
            { "time": 9.14, "notes": ["thespectre_mid11_face_b_drum_hihat_b"] },
            { "time": 9.37, "notes": ["thespectre_mid05_face_b_bass_bass2_b"] },
            { "time": 10.07, "notes": ["thespectre_mid11_face_b_drum_hihat_b"] },
            { "time": 11.01, "notes": ["thespectre_mid11_face_b_drum_hihat_b"] },
            { "time": 11.25, "notes": ["thespectre_mid02_face_b_lead_lead2_b", "thespectre_mid07_face_b_bass_bass3_b"] },
            { "time": 13.12, "notes": ["thespectre_mid08_face_b_bass_bass4_b"] },
            { "time": 13.59, "notes": ["thespectre_mid10_face_b_drum_kick_b", "thespectre_mid11_face_b_drum_hihat_b", "thespectre_mid11_face_b_drum_snare_b"] },
            { "time": 14.53, "notes": ["thespectre_mid11_face_b_drum_snare_b"] },
            { "time": 15.0, "notes": ["thespectre_mid03_face_b_lead_lead3_b", "thespectre_mid04_face_b_bass_bass1_b", "thespectre_mid09_face_b_fx_fx_b", "thespectre_mid10_face_b_drum_kick_b"] },
            { "time": 16.87, "notes": ["thespectre_mid05_face_b_bass_bass2_b"] },
            { "time": 18.75, "notes": ["thespectre_mid06_face_b_lead_lead4_b", "thespectre_mid07_face_b_bass_bass3_b", "thespectre_mid10_face_b_drum_kick_b"] },
            { "time": 20.62, "notes": ["thespectre_mid08_face_b_bass_bass4_b"] },
            { "time": 22.50, "notes": ["thespectre_mid03_face_b_lead_lead3_b", "thespectre_mid04_face_b_bass_bass1_b"] },
            { "time": 24.37, "notes": ["thespectre_mid05_face_b_bass_bass2_b"] },
            { "time": 26.25, "notes": ["thespectre_mid06_face_b_lead_lead4_b", "thespectre_mid07_face_b_bass_bass3_b"] },
            { "time": 28.12, "notes": ["thespectre_mid08_face_b_bass_bass4_b"] },
            { "time": 29.53, "notes": ["thespectre_mid11_face_b_drum_hihat_b", "thespectre_mid11_face_b_drum_snare_b"] }
        ]
    }
]