[
    {
        "events": [
            { "time": 0.0, "notes": ["TheSpectre_mid01_face_a_drum_a"] },
            { "time": 3.0, "notes": ["TheSpectre_mid06_face_a_lead_a"] },
            { "time": 6.0, "notes": ["TheSpectre_mid12_face_a_lead_a"] },
            { "time": 9.0, "notes": ["TheSpectre_mid03_face_a_drum_a"] },
            { "time": 12.0, "notes": ["TheSpectre_mid10_face_a_drum_a"] },
            { "time": 15.0, "notes": ["TheSpectre_mid05_face_a_drum_a"] },
            { "time": 18.1, "notes": ["TheSpectre_mid07_face_a_drum_a"] },
            { "time": 21.1, "notes": ["TheSpectre_mid02_face_a_drum_a"] },
            { "time": 24.1, "notes": ["TheSpectre_mid11_face_a_lead_a"] },
            { "time": 27.1, "notes": ["TheSpectre_mid04_face_a_lead_a"] },
            { "time": 30.1, "notes": ["TheSpectre_mid09_face_a_drum_a"] },
            { "time": 33.1, "notes": ["TheSpectre_mid08_face_a_lead_a"] }
        ]
    }
]
