[{
    "events": [
        { "time": 0.0, "notes": ["TheSpectre_mid07_face_a_lead_a"] },
        { "time": 1.9, "notes": ["TheSpectre_mid01_face_a_lead_a"] },
        { "time": 3.8, "notes": ["TheSpectre_mid02_face_a_drum_a"] },
        { "time": 5.6, "notes": ["TheSpectre_mid05_face_a_lead_a"] },
        { "time": 7.5, "notes": ["TheSpectre_mid04_face_a_lead_a"] },
        { "time": 9.4, "notes": ["TheSpectre_mid08_face_a_lead_a"] },
        { "time": 11.2, "notes": ["TheSpectre_mid01_face_a_lead_a"] },
        { "time": 13.1, "notes": ["TheSpectre_mid06_face_a_lead_a"] },
        { "time": 15.0, "notes": ["TheSpectre_mid10_face_a_lead_a"] },
        { "time": 16.9, "notes": ["TheSpectre_mid06_face_a_drum_a"] },
        { "time": 18.8, "notes": ["TheSpectre_mid08_face_a_lead_a"] },
        { "time": 20.6, "notes": ["TheSpectre_mid09_face_a_drum_a"] },
        { "time": 22.5, "notes": ["TheSpectre_mid08_face_a_lead_a"] },
        { "time": 24.4, "notes": ["TheSpectre_mid04_face_a_lead_a"] },
        { "time": 26.2, "notes": ["TheSpectre_mid12_face_a_drum_a"] },
        { "time": 28.1, "notes": ["TheSpectre_mid11_face_a_drum_a"] },
        { "time": 30.0, "notes": ["TheSpectre_mid11_face_a_lead_a"] },
        { "time": 31.9, "notes": ["TheSpectre_mid12_face_a_lead_a"] },
        { "time": 33.8, "notes": ["TheSpectre_mid05_face_a_lead_a"] },
        { "time": 35.6, "notes": ["TheSpectre_mid11_face_a_lead_a"] },
        { "time": 37.5, "notes": ["TheSpectre_mid08_face_a_lead_a"] },
        { "time": 39.4, "notes": ["TheSpectre_mid08_face_a_lead_a"] },
        { "time": 41.2, "notes": ["TheSpectre_mid01_face_a_lead_a"] },
        { "time": 43.1, "notes": ["TheSpectre_mid07_face_a_drum_a"] },
        { "time": 45.0, "notes": ["TheSpectre_mid07_face_a_drum_a"] },
        { "time": 46.9, "notes": ["TheSpectre_mid04_face_a_drum_a"] },
        { "time": 48.8, "notes": ["TheSpectre_mid10_face_a_lead_a"] },
        { "time": 50.6, "notes": ["TheSpectre_mid11_face_a_drum_a"] },
        { "time": 52.5, "notes": ["TheSpectre_mid03_face_a_lead_a"] },
        { "time": 54.4, "notes": ["TheSpectre_mid02_face_a_lead_a"] },
        { "time": 56.2, "notes": ["TheSpectre_mid02_face_a_drum_a"] },
        { "time": 58.1, "notes": ["TheSpectre_mid07_face_a_lead_a"] },
        { "time": 60.0, "notes": ["TheSpectre_mid07_face_a_lead_a"] },
        { "time": 61.9, "notes": ["TheSpectre_mid12_face_a_drum_a"] },
        { "time": 63.8, "notes": ["TheSpectre_mid08_face_a_drum_a"] }
    ]
}
]
