[
  {
    "events": [
      { "time": 0.0, "notes": ["thespectre_mid10_face_a_drum_kick_a", "thespectre_mid11_face_a_drum_hihat_a"] },
      { "time": 0.93, "notes": ["thespectre_mid12_face_a_drum_snare_a"] },
      { "time": 1.87, "notes": ["thespectre_mid10_face_a_drum_kick_a"] },
      { "time": 2.81, "notes": ["thespectre_mid12_face_a_drum_snare_a"] },
      { "time": 3.51, "notes": ["thespectre_mid12_face_a_drum_snare_a"] },
      { "time": 3.75, "notes": ["thespectre_mid10_face_a_drum_kick_a"] },
      { "time": 4.68, "notes": ["thespectre_mid12_face_a_drum_snare_a"] },
      { "time": 5.62, "notes": ["thespectre_mid10_face_a_drum_kick_a"] },
      { "time": 6.56, "notes": ["thespectre_mid12_face_a_drum_snare_a"] },
      { "time": 7.26, "notes": ["thespectre_mid12_face_a_drum_snare_a"] },
      { "time": 7.5, "notes": ["thespectre_mid10_face_a_drum_kick_a", "thespectre_mid11_face_a_drum_hihat_a"] },
      { "time": 8.43, "notes": ["thespectre_mid12_face_a_drum_snare_a"] },
      { "time": 9.37, "notes": ["thespectre_mid10_face_a_drum_kick_a"] },
      { "time": 10.31, "notes": ["thespectre_mid12_face_a_drum_snare_a"] },
      { "time": 11.01, "notes": ["thespectre_mid12_face_a_drum_snare_a"] },
      { "time": 11.25, "notes": ["thespectre_mid10_face_a_drum_kick_a"] },
      { "time": 12.18, "notes": ["thespectre_mid12_face_a_drum_snare_a"] },
      { "time": 13.12, "notes": ["thespectre_mid10_face_a_drum_kick_a"] },
      { "time": 14.06, "notes": ["thespectre_mid12_face_a_drum_snare_a"] }
    ]
  },
  {
    "events": [
      { "time": 0.0, "notes": ["thespectre_mid01_face_a_lead_lead1_a"] },
      { "time": 1.87, "notes": ["thespectre_mid02_face_a_lead_lead2_a"] },
      { "time": 3.75, "notes": ["thespectre_mid03_face_a_lead_lead3_a"] },
      { "time": 5.62, "notes": ["thespectre_mid06_face_a_lead_lead4_a"] },
      { "time": 7.5, "notes": ["thespectre_mid01_face_a_lead_lead1_a"] },
      { "time": 9.37, "notes": ["thespectre_mid02_face_a_lead_lead2_a"] },
      { "time": 11.25, "notes": ["thespectre_mid03_face_a_lead_lead3_a"] },
      { "time": 13.12, "notes": ["thespectre_mid06_face_a_lead_lead4_a"] }
    ]
  },
  {
    "events": [
      { "time": 0.0, "notes": ["thespectre_mid04_face_a_bass_bass1_a"] },
      { "time": 1.87, "notes": ["thespectre_mid05_face_a_bass_bass2_a"] },
      { "time": 3.75, "notes": ["thespectre_mid07_face_a_bass_bass3_a"] },
      { "time": 5.62, "notes": ["thespectre_mid08_face_a_bass_bass4_a"] },
      { "time": 7.5, "notes": ["thespectre_mid04_face_a_bass_bass1_a"] },
      { "time": 9.37, "notes": ["thespectre_mid05_face_a_bass_bass2_a"] },
      { "time": 11.25, "notes": ["thespectre_mid07_face_a_bass_bass3_a"] },
      { "time": 13.12, "notes": ["thespectre_mid08_face_a_bass_bass4_a"] }
    ]
  },
  {
    "events": [
      { "time": 0.0, "notes": ["thespectre_mid04_face_a_bass_bass1_a", "thespectre_mid10_face_a_drum_kick_a", "thespectre_mid11_face_a_drum_hihat_a"] },
      { "time": 1.87, "notes": ["thespectre_mid05_face_a_bass_bass2_a", "thespectre_mid10_face_a_drum_kick_a"] },
      { "time": 3.75, "notes": ["thespectre_mid07_face_a_bass_bass3_a", "thespectre_mid10_face_a_drum_kick_a"] },
      { "time": 5.62, "notes": ["thespectre_mid08_face_a_bass_bass4_a", "thespectre_mid10_face_a_drum_kick_a"] },
      { "time": 7.5, "notes": ["thespectre_mid04_face_a_bass_bass1_a", "thespectre_mid10_face_a_drum_kick_a", "thespectre_mid11_face_a_drum_hihat_a"] },
      { "time": 9.37, "notes": ["thespectre_mid05_face_a_bass_bass2_a", "thespectre_mid10_face_a_drum_kick_a"] },
      { "time": 11.25, "notes": ["thespectre_mid07_face_a_bass_bass3_a", "thespectre_mid10_face_a_drum_kick_a"] },
      { "time": 13.12, "notes": ["thespectre_mid08_face_a_bass_bass4_a", "thespectre_mid10_face_a_drum_kick_a"] }
    ]
  },
  {
    "events": [
      { "time": 0.0, "notes": ["thespectre_mid01_face_a_lead_lead1_a", "thespectre_mid10_face_a_drum_kick_a", "thespectre_mid11_face_a_drum_hihat_a"] },
      { "time": 1.87, "notes": ["thespectre_mid02_face_a_lead_lead2_a", "thespectre_mid10_face_a_drum_kick_a"] },
      { "time": 3.75, "notes": ["thespectre_mid03_face_a_lead_lead3_a", "thespectre_mid10_face_a_drum_kick_a"] },
      { "time": 5.62, "notes": ["thespectre_mid06_face_a_lead_lead4_a", "thespectre_mid10_face_a_drum_kick_a"] },
      { "time": 7.5, "notes": ["thespectre_mid01_face_a_lead_lead1_a", "thespectre_mid10_face_a_drum_kick_a", "thespectre_mid11_face_a_drum_hihat_a"] },
      { "time": 9.37, "notes": ["thespectre_mid02_face_a_lead_lead2_a", "thespectre_mid10_face_a_drum_kick_a"] },
      { "time": 11.25, "notes": ["thespectre_mid03_face_a_lead_lead3_a", "thespectre_mid10_face_a_drum_kick_a"] },
      { "time": 13.12, "notes": ["thespectre_mid06_face_a_lead_lead4_a", "thespectre_mid10_face_a_drum_kick_a"] }
    ]
  },
  {
    "events": [
      { "time": 0.0, "notes": ["thespectre_mid01_face_a_lead_lead1_a", "thespectre_mid04_face_a_bass_bass1_a"] },
      { "time": 1.87, "notes": ["thespectre_mid02_face_a_lead_lead2_a", "thespectre_mid05_face_a_bass_bass2_a"] },
      { "time": 3.75, "notes": ["thespectre_mid03_face_a_lead_lead3_a", "thespectre_mid07_face_a_bass_bass3_a"] },
      { "time": 5.62, "notes": ["thespectre_mid06_face_a_lead_lead4_a", "thespectre_mid08_face_a_bass_bass4_a"] },
      { "time": 7.5, "notes": ["thespectre_mid01_face_a_lead_lead1_a", "thespectre_mid04_face_a_bass_bass1_a"] },
      { "time": 9.37, "notes": ["thespectre_mid02_face_a_lead_lead2_a", "thespectre_mid05_face_a_bass_bass2_a"] },
      { "time": 11.25, "notes": ["thespectre_mid03_face_a_lead_lead3_a", "thespectre_mid07_face_a_bass_bass3_a"] },
      { "time": 13.12, "notes": ["thespectre_mid06_face_a_lead_lead4_a", "thespectre_mid08_face_a_bass_bass4_a"] }
    ]
  },
  {
    "events": [
      { "time": 0.0, "notes": ["thespectre_mid01_face_a_lead_lead1_a", "thespectre_mid04_face_a_bass_bass1_a", "thespectre_mid10_face_a_drum_kick_a", "thespectre_mid11_face_a_drum_hihat_a"] },
      { "time": 0.93, "notes": ["thespectre_mid12_face_a_drum_snare_a"] },
      { "time": 1.87, "notes": ["thespectre_mid02_face_a_lead_lead2_a", "thespectre_mid05_face_a_bass_bass2_a", "thespectre_mid10_face_a_drum_kick_a"] },
      { "time": 2.81, "notes": ["thespectre_mid12_face_a_drum_snare_a"] },
      { "time": 3.51, "notes": ["thespectre_mid12_face_a_drum_snare_a"] },
      { "time": 3.75, "notes": ["thespectre_mid03_face_a_lead_lead3_a", "thespectre_mid07_face_a_bass_bass3_a", "thespectre_mid10_face_a_drum_kick_a"] },
      { "time": 4.68, "notes": ["thespectre_mid12_face_a_drum_snare_a"] },
      { "time": 5.62, "notes": ["thespectre_mid06_face_a_lead_lead4_a", "thespectre_mid08_face_a_bass_bass4_a", "thespectre_mid10_face_a_drum_kick_a"] },
      { "time": 6.56, "notes": ["thespectre_mid12_face_a_drum_snare_a"] },
      { "time": 7.26, "notes": ["thespectre_mid12_face_a_drum_snare_a"] },
      { "time": 7.5, "notes": ["thespectre_mid01_face_a_lead_lead1_a", "thespectre_mid04_face_a_bass_bass1_a", "thespectre_mid10_face_a_drum_kick_a", "thespectre_mid11_face_a_drum_hihat_a"] },
      { "time": 8.43, "notes": ["thespectre_mid12_face_a_drum_snare_a"] },
      { "time": 9.37, "notes": ["thespectre_mid02_face_a_lead_lead2_a", "thespectre_mid05_face_a_bass_bass2_a", "thespectre_mid10_face_a_drum_kick_a"] },
      { "time": 10.31, "notes": ["thespectre_mid12_face_a_drum_snare_a"] },
      { "time": 11.01, "notes": ["thespectre_mid12_face_a_drum_snare_a"] },
      { "time": 11.25, "notes": ["thespectre_mid03_face_a_lead_lead3_a", "thespectre_mid07_face_a_bass_bass3_a", "thespectre_mid10_face_a_drum_kick_a"] },
      { "time": 12.18, "notes": ["thespectre_mid12_face_a_drum_snare_a"] },
      { "time": 13.12, "notes": ["thespectre_mid06_face_a_lead_lead4_a", "thespectre_mid08_face_a_bass_bass4_a", "thespectre_mid10_face_a_drum_kick_a"] },
      { "time": 14.06, "notes": ["thespectre_mid12_face_a_drum_snare_a"] },
      { "time": 15.0, "notes": ["thespectre_mid09_face_a_fx_fx_a"] }
    ]
  },
  
  {
    "events": [
      {
        "time": 0.0,
        "notes": [
          "thespectre_mid10_face_b_drum_kick_b"
        ]
      },
      {
        "time": 0.46,
        "notes": [
          "thespectre_mid10_face_b_drum_kick_b",
          "thespectre_mid11_face_b_drum_snare_b"
        ]
      },
      {
        "time": 0.93,
        "notes": [
          "thespectre_mid10_face_b_drum_kick_b"
        ]
      },
      {
        "time": 1.4,
        "notes": [
          "thespectre_mid10_face_b_drum_kick_b",
          "thespectre_mid11_face_b_drum_snare_b"
        ]
      },
      {
        "time": 1.87,
        "notes": [
          "thespectre_mid10_face_b_drum_kick_b"
        ]
      },
      {
        "time": 2.34,
        "notes": [
          "thespectre_mid10_face_b_drum_kick_b",
          "thespectre_mid11_face_b_drum_snare_b"
        ]
      },
      {
        "time": 2.81,
        "notes": [
          "thespectre_mid10_face_b_drum_kick_b"
        ]
      },
      {
        "time": 3.28,
        "notes": [
          "thespectre_mid10_face_b_drum_kick_b",
          "thespectre_mid11_face_b_drum_snare_b"
        ]
      },
      {
        "time": 3.75,
        "notes": [
          "thespectre_mid10_face_b_drum_kick_b"
        ]
      },
      {
        "time": 4.21,
        "notes": [
          "thespectre_mid10_face_b_drum_kick_b",
          "thespectre_mid11_face_b_drum_snare_b"
        ]
      },
      {
        "time": 4.68,
        "notes": [
          "thespectre_mid10_face_b_drum_kick_b"
        ]
      },
      {
        "time": 5.15,
        "notes": [
          "thespectre_mid10_face_b_drum_kick_b",
          "thespectre_mid11_face_b_drum_snare_b"
        ]
      },
      {
        "time": 5.62,
        "notes": [
          "thespectre_mid10_face_b_drum_kick_b"
        ]
      },
      {
        "time": 6.09,
        "notes": [
          "thespectre_mid10_face_b_drum_kick_b",
          "thespectre_mid11_face_b_drum_snare_b"
        ]
      },
      {
        "time": 6.56,
        "notes": [
          "thespectre_mid10_face_b_drum_kick_b"
        ]
      },
      {
        "time": 7.03,
        "notes": [
          "thespectre_mid10_face_b_drum_kick_b",
          "thespectre_mid11_face_b_drum_snare_b"
        ]
      },
      {
        "time": 7.5,
        "notes": [
          "thespectre_mid10_face_b_drum_kick_b"
        ]
      },
      {
        "time": 7.73,
        "notes": [
          "thespectre_mid11_face_b_drum_hihat_b"
        ]
      },
      {
        "time": 7.96,
        "notes": [
          "thespectre_mid10_face_b_drum_kick_b",
          "thespectre_mid11_face_b_drum_snare_b"
        ]
      },
      {
        "time": 8.2,
        "notes": [
          "thespectre_mid11_face_b_drum_hihat_b"
        ]
      },
      {
        "time": 8.43,
        "notes": [
          "thespectre_mid10_face_b_drum_kick_b"
        ]
      },
      {
        "time": 8.67,
        "notes": [
          "thespectre_mid11_face_b_drum_hihat_b"
        ]
      },
      {
        "time": 8.9,
        "notes": [
          "thespectre_mid10_face_b_drum_kick_b",
          "thespectre_mid11_face_b_drum_snare_b"
        ]
      },
      {
        "time": 9.14,
        "notes": [
          "thespectre_mid11_face_b_drum_hihat_b"
        ]
      },
      {
        "time": 9.37,
        "notes": [
          "thespectre_mid10_face_b_drum_kick_b"
        ]
      },
      {
        "time": 9.6,
        "notes": [
          "thespectre_mid11_face_b_drum_hihat_b"
        ]
      },
      {
        "time": 9.84,
        "notes": [
          "thespectre_mid10_face_b_drum_kick_b",
          "thespectre_mid11_face_b_drum_snare_b"
        ]
      },
      {
        "time": 10.07,
        "notes": [
          "thespectre_mid11_face_b_drum_hihat_b"
        ]
      },
      {
        "time": 10.31,
        "notes": [
          "thespectre_mid10_face_b_drum_kick_b"
        ]
      },
      {
        "time": 10.54,
        "notes": [
          "thespectre_mid11_face_b_drum_hihat_b"
        ]
      },
      {
        "time": 10.78,
        "notes": [
          "thespectre_mid10_face_b_drum_kick_b",
          "thespectre_mid11_face_b_drum_snare_b"
        ]
      },
      {
        "time": 11.01,
        "notes": [
          "thespectre_mid11_face_b_drum_hihat_b"
        ]
      },
      {
        "time": 11.25,
        "notes": [
          "thespectre_mid10_face_b_drum_kick_b"
        ]
      },
      {
        "time": 11.48,
        "notes": [
          "thespectre_mid11_face_b_drum_hihat_b"
        ]
      },
      {
        "time": 11.71,
        "notes": [
          "thespectre_mid10_face_b_drum_kick_b",
          "thespectre_mid11_face_b_drum_snare_b"
        ]
      },
      {
        "time": 11.95,
        "notes": [
          "thespectre_mid11_face_b_drum_hihat_b"
        ]
      },
      {
        "time": 12.18,
        "notes": [
          "thespectre_mid10_face_b_drum_kick_b"
        ]
      },
      {
        "time": 12.42,
        "notes": [
          "thespectre_mid11_face_b_drum_hihat_b"
        ]
      },
      {
        "time": 12.65,
        "notes": [
          "thespectre_mid10_face_b_drum_kick_b",
          "thespectre_mid11_face_b_drum_snare_b"
        ]
      },
      {
        "time": 12.89,
        "notes": [
          "thespectre_mid11_face_b_drum_hihat_b"
        ]
      },
      {
        "time": 13.12,
        "notes": [
          "thespectre_mid10_face_b_drum_kick_b"
        ]
      },
      {
        "time": 13.35,
        "notes": [
          "thespectre_mid11_face_b_drum_hihat_b"
        ]
      },
      {
        "time": 13.59,
        "notes": [
          "thespectre_mid10_face_b_drum_kick_b",
          "thespectre_mid11_face_b_drum_snare_b"
        ]
      },
      {
        "time": 13.82,
        "notes": [
          "thespectre_mid11_face_b_drum_hihat_b"
        ]
      },
      {
        "time": 14.06,
        "notes": [
          "thespectre_mid10_face_b_drum_kick_b"
        ]
      },
      {
        "time": 14.29,
        "notes": [
          "thespectre_mid11_face_b_drum_hihat_b"
        ]
      },
      {
        "time": 14.53,
        "notes": [
          "thespectre_mid10_face_b_drum_kick_b",
          "thespectre_mid11_face_b_drum_snare_b"
        ]
      },
      {
        "time": 14.76,
        "notes": [
          "thespectre_mid11_face_b_drum_hihat_b"
        ]
      },
      {
        "time": 15.0,
        "notes": [
          "thespectre_mid10_face_b_drum_kick_b"
        ]
      },
      {
        "time": 15.23,
        "notes": [
          "thespectre_mid11_face_b_drum_hihat_b"
        ]
      },
      {
        "time": 15.46,
        "notes": [
          "thespectre_mid10_face_b_drum_kick_b",
          "thespectre_mid11_face_b_drum_snare_b"
        ]
      },
      {
        "time": 15.7,
        "notes": [
          "thespectre_mid11_face_b_drum_hihat_b"
        ]
      },
      {
        "time": 15.93,
        "notes": [
          "thespectre_mid10_face_b_drum_kick_b"
        ]
      },
      {
        "time": 16.17,
        "notes": [
          "thespectre_mid11_face_b_drum_hihat_b"
        ]
      },
      {
        "time": 16.4,
        "notes": [
          "thespectre_mid10_face_b_drum_kick_b",
          "thespectre_mid11_face_b_drum_snare_b"
        ]
      },
      {
        "time": 16.64,
        "notes": [
          "thespectre_mid11_face_b_drum_hihat_b"
        ]
      },
      {
        "time": 16.87,
        "notes": [
          "thespectre_mid10_face_b_drum_kick_b"
        ]
      },
      {
        "time": 17.1,
        "notes": [
          "thespectre_mid11_face_b_drum_hihat_b"
        ]
      },
      {
        "time": 17.34,
        "notes": [
          "thespectre_mid10_face_b_drum_kick_b",
          "thespectre_mid11_face_b_drum_snare_b"
        ]
      },
      {
        "time": 17.57,
        "notes": [
          "thespectre_mid11_face_b_drum_hihat_b"
        ]
      },
      {
        "time": 17.81,
        "notes": [
          "thespectre_mid10_face_b_drum_kick_b"
        ]
      },
      {
        "time": 18.04,
        "notes": [
          "thespectre_mid11_face_b_drum_hihat_b"
        ]
      },
      {
        "time": 18.28,
        "notes": [
          "thespectre_mid10_face_b_drum_kick_b",
          "thespectre_mid11_face_b_drum_snare_b"
        ]
      },
      {
        "time": 18.51,
        "notes": [
          "thespectre_mid11_face_b_drum_hihat_b"
        ]
      },
      {
        "time": 18.75,
        "notes": [
          "thespectre_mid10_face_b_drum_kick_b"
        ]
      },
      {
        "time": 18.98,
        "notes": [
          "thespectre_mid11_face_b_drum_hihat_b"
        ]
      },
      {
        "time": 19.21,
        "notes": [
          "thespectre_mid10_face_b_drum_kick_b",
          "thespectre_mid11_face_b_drum_snare_b"
        ]
      },
      {
        "time": 19.45,
        "notes": [
          "thespectre_mid11_face_b_drum_hihat_b"
        ]
      },
      {
        "time": 19.68,
        "notes": [
          "thespectre_mid10_face_b_drum_kick_b"
        ]
      },
      {
        "time": 19.92,
        "notes": [
          "thespectre_mid11_face_b_drum_hihat_b"
        ]
      },
      {
        "time": 20.15,
        "notes": [
          "thespectre_mid10_face_b_drum_kick_b",
          "thespectre_mid11_face_b_drum_snare_b"
        ]
      },
      {
        "time": 20.39,
        "notes": [
          "thespectre_mid11_face_b_drum_hihat_b"
        ]
      },
      {
        "time": 20.62,
        "notes": [
          "thespectre_mid10_face_b_drum_kick_b"
        ]
      },
      {
        "time": 20.85,
        "notes": [
          "thespectre_mid11_face_b_drum_hihat_b"
        ]
      },
      {
        "time": 21.09,
        "notes": [
          "thespectre_mid10_face_b_drum_kick_b",
          "thespectre_mid11_face_b_drum_snare_b"
        ]
      },
      {
        "time": 21.32,
        "notes": [
          "thespectre_mid11_face_b_drum_hihat_b"
        ]
      },
      {
        "time": 21.56,
        "notes": [
          "thespectre_mid10_face_b_drum_kick_b"
        ]
      },
      {
        "time": 21.79,
        "notes": [
          "thespectre_mid11_face_b_drum_hihat_b"
        ]
      },
      {
        "time": 22.03,
        "notes": [
          "thespectre_mid10_face_b_drum_kick_b",
          "thespectre_mid11_face_b_drum_snare_b"
        ]
      },
      {
        "time": 22.26,
        "notes": [
          "thespectre_mid11_face_b_drum_hihat_b"
        ]
      },
      {
        "time": 22.5,
        "notes": [
          "thespectre_mid10_face_b_drum_kick_b"
        ]
      },
      {
        "time": 22.73,
        "notes": [
          "thespectre_mid11_face_b_drum_hihat_b"
        ]
      },
      {
        "time": 22.96,
        "notes": [
          "thespectre_mid10_face_b_drum_kick_b",
          "thespectre_mid11_face_b_drum_snare_b"
        ]
      },
      {
        "time": 23.2,
        "notes": [
          "thespectre_mid11_face_b_drum_hihat_b"
        ]
      },
      {
        "time": 23.43,
        "notes": [
          "thespectre_mid10_face_b_drum_kick_b"
        ]
      },
      {
        "time": 23.67,
        "notes": [
          "thespectre_mid11_face_b_drum_hihat_b"
        ]
      },
      {
        "time": 23.9,
        "notes": [
          "thespectre_mid10_face_b_drum_kick_b",
          "thespectre_mid11_face_b_drum_snare_b"
        ]
      },
      {
        "time": 24.14,
        "notes": [
          "thespectre_mid11_face_b_drum_hihat_b"
        ]
      },
      {
        "time": 24.37,
        "notes": [
          "thespectre_mid10_face_b_drum_kick_b"
        ]
      },
      {
        "time": 24.6,
        "notes": [
          "thespectre_mid11_face_b_drum_hihat_b"
        ]
      },
      {
        "time": 24.84,
        "notes": [
          "thespectre_mid10_face_b_drum_kick_b",
          "thespectre_mid11_face_b_drum_snare_b"
        ]
      },
      {
        "time": 25.07,
        "notes": [
          "thespectre_mid11_face_b_drum_hihat_b"
        ]
      },
      {
        "time": 25.31,
        "notes": [
          "thespectre_mid10_face_b_drum_kick_b"
        ]
      },
      {
        "time": 25.54,
        "notes": [
          "thespectre_mid11_face_b_drum_hihat_b"
        ]
      },
      {
        "time": 25.78,
        "notes": [
          "thespectre_mid10_face_b_drum_kick_b",
          "thespectre_mid11_face_b_drum_snare_b"
        ]
      },
      {
        "time": 26.01,
        "notes": [
          "thespectre_mid11_face_b_drum_hihat_b"
        ]
      },
      {
        "time": 26.25,
        "notes": [
          "thespectre_mid10_face_b_drum_kick_b"
        ]
      },
      {
        "time": 26.48,
        "notes": [
          "thespectre_mid11_face_b_drum_hihat_b"
        ]
      },
      {
        "time": 26.71,
        "notes": [
          "thespectre_mid10_face_b_drum_kick_b",
          "thespectre_mid11_face_b_drum_snare_b"
        ]
      },
      {
        "time": 26.95,
        "notes": [
          "thespectre_mid11_face_b_drum_hihat_b"
        ]
      },
      {
        "time": 27.18,
        "notes": [
          "thespectre_mid10_face_b_drum_kick_b"
        ]
      },
      {
        "time": 27.42,
        "notes": [
          "thespectre_mid11_face_b_drum_hihat_b"
        ]
      },
      {
        "time": 27.65,
        "notes": [
          "thespectre_mid10_face_b_drum_kick_b",
          "thespectre_mid11_face_b_drum_snare_b"
        ]
      },
      {
        "time": 27.89,
        "notes": [
          "thespectre_mid11_face_b_drum_hihat_b"
        ]
      },
      {
        "time": 28.12,
        "notes": [
          "thespectre_mid10_face_b_drum_kick_b"
        ]
      },
      {
        "time": 28.35,
        "notes": [
          "thespectre_mid11_face_b_drum_hihat_b"
        ]
      },
      {
        "time": 28.59,
        "notes": [
          "thespectre_mid10_face_b_drum_kick_b",
          "thespectre_mid11_face_b_drum_snare_b"
        ]
      },
      {
        "time": 28.82,
        "notes": [
          "thespectre_mid11_face_b_drum_hihat_b"
        ]
      },
      {
        "time": 29.06,
        "notes": [
          "thespectre_mid10_face_b_drum_kick_b"
        ]
      },
      {
        "time": 29.29,
        "notes": [
          "thespectre_mid11_face_b_drum_hihat_b"
        ]
      },
      {
        "time": 29.53,
        "notes": [
          "thespectre_mid10_face_b_drum_kick_b",
          "thespectre_mid11_face_b_drum_snare_b"
        ]
      },
      {
        "time": 29.76,
        "notes": [
          "thespectre_mid11_face_b_drum_hihat_b"
        ]
      }
    ]
  },
  {
      "events": [
        {
          "time": 0.0,
          "notes": [
            "thespectre_mid01_face_b_lead_lead1_b"
          ]
        },
        {
          "time": 3.75,
          "notes": [
            "thespectre_mid02_face_b_lead_lead2_b"
          ]
        },
        {
          "time": 7.5,
          "notes": [
            "thespectre_mid01_face_b_lead_lead1_b"
          ]
        },
        {
          "time": 11.25,
          "notes": [
            "thespectre_mid02_face_b_lead_lead2_b"
          ]
        },
        {
          "time": 15.0,
          "notes": [
            "thespectre_mid03_face_b_lead_lead3_b"
          ]
        },
        {
          "time": 18.75,
          "notes": [
            "thespectre_mid06_face_b_lead_lead4_b"
          ]
        },
        {
          "time": 22.5,
          "notes": [
            "thespectre_mid03_face_b_lead_lead3_b"
          ]
        },
        {
          "time": 26.25,
          "notes": [
            "thespectre_mid06_face_b_lead_lead4_b"
          ]
        }
      ]
  },
  {
      "events": [
        {
          "time": 0.0,
          "notes": [
            "thespectre_mid04_face_b_bass_bass1_b"
          ]
        },
        {
          "time": 1.87,
          "notes": [
            "thespectre_mid05_face_b_bass_bass2_b"
          ]
        },
        {
          "time": 3.75,
          "notes": [
            "thespectre_mid07_face_b_bass_bass3_b"
          ]
        },
        {
          "time": 5.62,
          "notes": [
            "thespectre_mid08_face_b_bass_bass4_b"
          ]
        },
        {
          "time": 7.5,
          "notes": [
            "thespectre_mid04_face_b_bass_bass1_b"
          ]
        },
        {
          "time": 9.37,
          "notes": [
            "thespectre_mid05_face_b_bass_bass2_b"
          ]
        },
        {
          "time": 11.25,
          "notes": [
            "thespectre_mid07_face_b_bass_bass3_b"
          ]
        },
        {
          "time": 13.12,
          "notes": [
            "thespectre_mid08_face_b_bass_bass4_b"
          ]
        },
        {
          "time": 15.0,
          "notes": [
            "thespectre_mid04_face_b_bass_bass1_b"
          ]
        },
        {
          "time": 16.87,
          "notes": [
            "thespectre_mid05_face_b_bass_bass2_b"
          ]
        },
        {
          "time": 18.75,
          "notes": [
            "thespectre_mid07_face_b_bass_bass3_b"
          ]
        },
        {
          "time": 20.62,
          "notes": [
            "thespectre_mid08_face_b_bass_bass4_b"
          ]
        },
        {
          "time": 22.5,
          "notes": [
            "thespectre_mid04_face_b_bass_bass1_b"
          ]
        },
        {
          "time": 24.37,
          "notes": [
            "thespectre_mid05_face_b_bass_bass2_b"
          ]
        },
        {
          "time": 26.25,
          "notes": [
            "thespectre_mid07_face_b_bass_bass3_b"
          ]
        },
        {
          "time": 28.12,
          "notes": [
            "thespectre_mid08_face_b_bass_bass4_b"
          ]
        }
      ]
  },
  {
      "events": [
        {
          "time": 0.0,
          "notes": [
            "thespectre_mid04_face_b_bass_bass1_b",
            "thespectre_mid10_face_b_drum_kick_b"
          ]
        },
        {
          "time": 0.46,
          "notes": [
            "thespectre_mid10_face_b_drum_kick_b",
            "thespectre_mid11_face_b_drum_snare_b"
          ]
        },
        {
          "time": 0.93,
          "notes": [
            "thespectre_mid10_face_b_drum_kick_b"
          ]
        },
        {
          "time": 1.4,
          "notes": [
            "thespectre_mid10_face_b_drum_kick_b",
            "thespectre_mid11_face_b_drum_snare_b"
          ]
        },
        {
          "time": 1.87,
          "notes": [
            "thespectre_mid05_face_b_bass_bass2_b",
            "thespectre_mid10_face_b_drum_kick_b"
          ]
        },
        {
          "time": 2.34,
          "notes": [
            "thespectre_mid10_face_b_drum_kick_b",
            "thespectre_mid11_face_b_drum_snare_b"
          ]
        },
        {
          "time": 2.81,
          "notes": [
            "thespectre_mid10_face_b_drum_kick_b"
          ]
        },
        {
          "time": 3.28,
          "notes": [
            "thespectre_mid10_face_b_drum_kick_b",
            "thespectre_mid11_face_b_drum_snare_b"
          ]
        },
        {
          "time": 3.75,
          "notes": [
            "thespectre_mid07_face_b_bass_bass3_b",
            "thespectre_mid10_face_b_drum_kick_b"
          ]
        },
        {
          "time": 4.21,
          "notes": [
            "thespectre_mid10_face_b_drum_kick_b",
            "thespectre_mid11_face_b_drum_snare_b"
          ]
        },
        {
          "time": 4.68,
          "notes": [
            "thespectre_mid10_face_b_drum_kick_b"
          ]
        },
        {
          "time": 5.15,
          "notes": [
            "thespectre_mid10_face_b_drum_kick_b",
            "thespectre_mid11_face_b_drum_snare_b"
          ]
        },
        {
          "time": 5.62,
          "notes": [
            "thespectre_mid08_face_b_bass_bass4_b",
            "thespectre_mid10_face_b_drum_kick_b"
          ]
        },
        {
          "time": 6.09,
          "notes": [
            "thespectre_mid10_face_b_drum_kick_b",
            "thespectre_mid11_face_b_drum_snare_b"
          ]
        },
        {
          "time": 6.56,
          "notes": [
            "thespectre_mid10_face_b_drum_kick_b"
          ]
        },
        {
          "time": 7.03,
          "notes": [
            "thespectre_mid10_face_b_drum_kick_b",
            "thespectre_mid11_face_b_drum_snare_b"
          ]
        },
        {
          "time": 7.5,
          "notes": [
            "thespectre_mid04_face_b_bass_bass1_b",
            "thespectre_mid10_face_b_drum_kick_b"
          ]
        },
        {
          "time": 7.73,
          "notes": [
            "thespectre_mid11_face_b_drum_hihat_b"
          ]
        },
        {
          "time": 7.96,
          "notes": [
            "thespectre_mid10_face_b_drum_kick_b",
            "thespectre_mid11_face_b_drum_snare_b"
          ]
        },
        {
          "time": 8.2,
          "notes": [
            "thespectre_mid11_face_b_drum_hihat_b"
          ]
        },
        {
          "time": 8.43,
          "notes": [
            "thespectre_mid10_face_b_drum_kick_b"
          ]
        },
        {
          "time": 8.67,
          "notes": [
            "thespectre_mid11_face_b_drum_hihat_b"
          ]
        },
        {
          "time": 8.9,
          "notes": [
            "thespectre_mid10_face_b_drum_kick_b",
            "thespectre_mid11_face_b_drum_snare_b"
          ]
        },
        {
          "time": 9.14,
          "notes": [
            "thespectre_mid11_face_b_drum_hihat_b"
          ]
        },
        {
          "time": 9.37,
          "notes": [
            "thespectre_mid05_face_b_bass_bass2_b",
            "thespectre_mid10_face_b_drum_kick_b"
          ]
        },
        {
          "time": 9.6,
          "notes": [
            "thespectre_mid11_face_b_drum_hihat_b"
          ]
        },
        {
          "time": 9.84,
          "notes": [
            "thespectre_mid10_face_b_drum_kick_b",
            "thespectre_mid11_face_b_drum_snare_b"
          ]
        },
        {
          "time": 10.07,
          "notes": [
            "thespectre_mid11_face_b_drum_hihat_b"
          ]
        },
        {
          "time": 10.31,
          "notes": [
            "thespectre_mid10_face_b_drum_kick_b"
          ]
        },
        {
          "time": 10.54,
          "notes": [
            "thespectre_mid11_face_b_drum_hihat_b"
          ]
        },
        {
          "time": 10.78,
          "notes": [
            "thespectre_mid10_face_b_drum_kick_b",
            "thespectre_mid11_face_b_drum_snare_b"
          ]
        },
        {
          "time": 11.01,
          "notes": [
            "thespectre_mid11_face_b_drum_hihat_b"
          ]
        },
        {
          "time": 11.25,
          "notes": [
            "thespectre_mid07_face_b_bass_bass3_b",
            "thespectre_mid10_face_b_drum_kick_b"
          ]
        },
        {
          "time": 11.48,
          "notes": [
            "thespectre_mid11_face_b_drum_hihat_b"
          ]
        },
        {
          "time": 11.71,
          "notes": [
            "thespectre_mid10_face_b_drum_kick_b",
            "thespectre_mid11_face_b_drum_snare_b"
          ]
        },
        {
          "time": 11.95,
          "notes": [
            "thespectre_mid11_face_b_drum_hihat_b"
          ]
        },
        {
          "time": 12.18,
          "notes": [
            "thespectre_mid10_face_b_drum_kick_b"
          ]
        },
        {
          "time": 12.42,
          "notes": [
            "thespectre_mid11_face_b_drum_hihat_b"
          ]
        },
        {
          "time": 12.65,
          "notes": [
            "thespectre_mid10_face_b_drum_kick_b",
            "thespectre_mid11_face_b_drum_snare_b"
          ]
        },
        {
          "time": 12.89,
          "notes": [
            "thespectre_mid11_face_b_drum_hihat_b"
          ]
        },
        {
          "time": 13.12,
          "notes": [
            "thespectre_mid08_face_b_bass_bass4_b",
            "thespectre_mid10_face_b_drum_kick_b"
          ]
        },
        {
          "time": 13.35,
          "notes": [
            "thespectre_mid11_face_b_drum_hihat_b"
          ]
        },
        {
          "time": 13.59,
          "notes": [
            "thespectre_mid10_face_b_drum_kick_b",
            "thespectre_mid11_face_b_drum_snare_b"
          ]
        },
        {
          "time": 13.82,
          "notes": [
            "thespectre_mid11_face_b_drum_hihat_b"
          ]
        },
        {
          "time": 14.06,
          "notes": [
            "thespectre_mid10_face_b_drum_kick_b"
          ]
        },
        {
          "time": 14.29,
          "notes": [
            "thespectre_mid11_face_b_drum_hihat_b"
          ]
        },
        {
          "time": 14.53,
          "notes": [
            "thespectre_mid10_face_b_drum_kick_b",
            "thespectre_mid11_face_b_drum_snare_b"
          ]
        },
        {
          "time": 14.76,
          "notes": [
            "thespectre_mid11_face_b_drum_hihat_b"
          ]
        },
        {
          "time": 15.0,
          "notes": [
            "thespectre_mid04_face_b_bass_bass1_b",
            "thespectre_mid10_face_b_drum_kick_b"
          ]
        },
        {
          "time": 15.23,
          "notes": [
            "thespectre_mid11_face_b_drum_hihat_b"
          ]
        },
        {
          "time": 15.46,
          "notes": [
            "thespectre_mid10_face_b_drum_kick_b",
            "thespectre_mid11_face_b_drum_snare_b"
          ]
        },
        {
          "time": 15.7,
          "notes": [
            "thespectre_mid11_face_b_drum_hihat_b"
          ]
        },
        {
          "time": 15.93,
          "notes": [
            "thespectre_mid10_face_b_drum_kick_b"
          ]
        },
        {
          "time": 16.17,
          "notes": [
            "thespectre_mid11_face_b_drum_hihat_b"
          ]
        },
        {
          "time": 16.4,
          "notes": [
            "thespectre_mid10_face_b_drum_kick_b",
            "thespectre_mid11_face_b_drum_snare_b"
          ]
        },
        {
          "time": 16.64,
          "notes": [
            "thespectre_mid11_face_b_drum_hihat_b"
          ]
        },
        {
          "time": 16.87,
          "notes": [
            "thespectre_mid05_face_b_bass_bass2_b",
            "thespectre_mid10_face_b_drum_kick_b"
          ]
        },
        {
          "time": 17.1,
          "notes": [
            "thespectre_mid11_face_b_drum_hihat_b"
          ]
        },
        {
          "time": 17.34,
          "notes": [
            "thespectre_mid10_face_b_drum_kick_b",
            "thespectre_mid11_face_b_drum_snare_b"
          ]
        },
        {
          "time": 17.57,
          "notes": [
            "thespectre_mid11_face_b_drum_hihat_b"
          ]
        },
        {
          "time": 17.81,
          "notes": [
            "thespectre_mid10_face_b_drum_kick_b"
          ]
        },
        {
          "time": 18.04,
          "notes": [
            "thespectre_mid11_face_b_drum_hihat_b"
          ]
        },
        {
          "time": 18.28,
          "notes": [
            "thespectre_mid10_face_b_drum_kick_b",
            "thespectre_mid11_face_b_drum_snare_b"
          ]
        },
        {
          "time": 18.51,
          "notes": [
            "thespectre_mid11_face_b_drum_hihat_b"
          ]
        },
        {
          "time": 18.75,
          "notes": [
            "thespectre_mid07_face_b_bass_bass3_b",
            "thespectre_mid10_face_b_drum_kick_b"
          ]
        },
        {
          "time": 18.98,
          "notes": [
            "thespectre_mid11_face_b_drum_hihat_b"
          ]
        },
        {
          "time": 19.21,
          "notes": [
            "thespectre_mid10_face_b_drum_kick_b",
            "thespectre_mid11_face_b_drum_snare_b"
          ]
        },
        {
          "time": 19.45,
          "notes": [
            "thespectre_mid11_face_b_drum_hihat_b"
          ]
        },
        {
          "time": 19.68,
          "notes": [
            "thespectre_mid10_face_b_drum_kick_b"
          ]
        },
        {
          "time": 19.92,
          "notes": [
            "thespectre_mid11_face_b_drum_hihat_b"
          ]
        },
        {
          "time": 20.15,
          "notes": [
            "thespectre_mid10_face_b_drum_kick_b",
            "thespectre_mid11_face_b_drum_snare_b"
          ]
        },
        {
          "time": 20.39,
          "notes": [
            "thespectre_mid11_face_b_drum_hihat_b"
          ]
        },
        {
          "time": 20.62,
          "notes": [
            "thespectre_mid08_face_b_bass_bass4_b",
            "thespectre_mid10_face_b_drum_kick_b"
          ]
        },
        {
          "time": 20.85,
          "notes": [
            "thespectre_mid11_face_b_drum_hihat_b"
          ]
        },
        {
          "time": 21.09,
          "notes": [
            "thespectre_mid10_face_b_drum_kick_b",
            "thespectre_mid11_face_b_drum_snare_b"
          ]
        },
        {
          "time": 21.32,
          "notes": [
            "thespectre_mid11_face_b_drum_hihat_b"
          ]
        },
        {
          "time": 21.56,
          "notes": [
            "thespectre_mid10_face_b_drum_kick_b"
          ]
        },
        {
          "time": 21.79,
          "notes": [
            "thespectre_mid11_face_b_drum_hihat_b"
          ]
        },
        {
          "time": 22.03,
          "notes": [
            "thespectre_mid10_face_b_drum_kick_b",
            "thespectre_mid11_face_b_drum_snare_b"
          ]
        },
        {
          "time": 22.26,
          "notes": [
            "thespectre_mid11_face_b_drum_hihat_b"
          ]
        },
        {
          "time": 22.5,
          "notes": [
            "thespectre_mid04_face_b_bass_bass1_b",
            "thespectre_mid10_face_b_drum_kick_b"
          ]
        },
        {
          "time": 22.73,
          "notes": [
            "thespectre_mid11_face_b_drum_hihat_b"
          ]
        },
        {
          "time": 22.96,
          "notes": [
            "thespectre_mid10_face_b_drum_kick_b",
            "thespectre_mid11_face_b_drum_snare_b"
          ]
        },
        {
          "time": 23.2,
          "notes": [
            "thespectre_mid11_face_b_drum_hihat_b"
          ]
        },
        {
          "time": 23.43,
          "notes": [
            "thespectre_mid10_face_b_drum_kick_b"
          ]
        },
        {
          "time": 23.67,
          "notes": [
            "thespectre_mid11_face_b_drum_hihat_b"
          ]
        },
        {
          "time": 23.9,
          "notes": [
            "thespectre_mid10_face_b_drum_kick_b",
            "thespectre_mid11_face_b_drum_snare_b"
          ]
        },
        {
          "time": 24.14,
          "notes": [
            "thespectre_mid11_face_b_drum_hihat_b"
          ]
        },
        {
          "time": 24.37,
          "notes": [
            "thespectre_mid05_face_b_bass_bass2_b",
            "thespectre_mid10_face_b_drum_kick_b"
          ]
        },
        {
          "time": 24.6,
          "notes": [
            "thespectre_mid11_face_b_drum_hihat_b"
          ]
        },
        {
          "time": 24.84,
          "notes": [
            "thespectre_mid10_face_b_drum_kick_b",
            "thespectre_mid11_face_b_drum_snare_b"
          ]
        },
        {
          "time": 25.07,
          "notes": [
            "thespectre_mid11_face_b_drum_hihat_b"
          ]
        },
        {
          "time": 25.31,
          "notes": [
            "thespectre_mid10_face_b_drum_kick_b"
          ]
        },
        {
          "time": 25.54,
          "notes": [
            "thespectre_mid11_face_b_drum_hihat_b"
          ]
        },
        {
          "time": 25.78,
          "notes": [
            "thespectre_mid10_face_b_drum_kick_b",
            "thespectre_mid11_face_b_drum_snare_b"
          ]
        },
        {
          "time": 26.01,
          "notes": [
            "thespectre_mid11_face_b_drum_hihat_b"
          ]
        },
        {
          "time": 26.25,
          "notes": [
            "thespectre_mid07_face_b_bass_bass3_b",
            "thespectre_mid10_face_b_drum_kick_b"
          ]
        },
        {
          "time": 26.48,
          "notes": [
            "thespectre_mid11_face_b_drum_hihat_b"
          ]
        },
        {
          "time": 26.71,
          "notes": [
            "thespectre_mid10_face_b_drum_kick_b",
            "thespectre_mid11_face_b_drum_snare_b"
          ]
        },
        {
          "time": 26.95,
          "notes": [
            "thespectre_mid11_face_b_drum_hihat_b"
          ]
        },
        {
          "time": 27.18,
          "notes": [
            "thespectre_mid10_face_b_drum_kick_b"
          ]
        },
        {
          "time": 27.42,
          "notes": [
            "thespectre_mid11_face_b_drum_hihat_b"
          ]
        },
        {
          "time": 27.65,
          "notes": [
            "thespectre_mid10_face_b_drum_kick_b",
            "thespectre_mid11_face_b_drum_snare_b"
          ]
        },
        {
          "time": 27.89,
          "notes": [
            "thespectre_mid11_face_b_drum_hihat_b"
          ]
        },
        {
          "time": 28.12,
          "notes": [
            "thespectre_mid08_face_b_bass_bass4_b",
            "thespectre_mid10_face_b_drum_kick_b"
          ]
        },
        {
          "time": 28.35,
          "notes": [
            "thespectre_mid11_face_b_drum_hihat_b"
          ]
        },
        {
          "time": 28.59,
          "notes": [
            "thespectre_mid10_face_b_drum_kick_b",
            "thespectre_mid11_face_b_drum_snare_b"
          ]
        },
        {
          "time": 28.82,
          "notes": [
            "thespectre_mid11_face_b_drum_hihat_b"
          ]
        },
        {
          "time": 29.06,
          "notes": [
            "thespectre_mid10_face_b_drum_kick_b"
          ]
        },
        {
          "time": 29.29,
          "notes": [
            "thespectre_mid11_face_b_drum_hihat_b"
          ]
        },
        {
          "time": 29.53,
          "notes": [
            "thespectre_mid10_face_b_drum_kick_b",
            "thespectre_mid11_face_b_drum_snare_b"
          ]
        },
        {
          "time": 29.76,
          "notes": [
            "thespectre_mid11_face_b_drum_hihat_b"
          ]
        }
      ]
  },
  {
      "events": [
        {
          "time": 0.0,
          "notes": [
            "thespectre_mid01_face_b_lead_lead1_b",
            "thespectre_mid10_face_b_drum_kick_b"
          ]
        },
        {
          "time": 0.46,
          "notes": [
            "thespectre_mid10_face_b_drum_kick_b",
            "thespectre_mid11_face_b_drum_snare_b"
          ]
        },
        {
          "time": 0.93,
          "notes": [
            "thespectre_mid10_face_b_drum_kick_b"
          ]
        },
        {
          "time": 1.4,
          "notes": [
            "thespectre_mid10_face_b_drum_kick_b",
            "thespectre_mid11_face_b_drum_snare_b"
          ]
        },
        {
          "time": 1.87,
          "notes": [
            "thespectre_mid10_face_b_drum_kick_b"
          ]
        },
        {
          "time": 2.34,
          "notes": [
            "thespectre_mid10_face_b_drum_kick_b",
            "thespectre_mid11_face_b_drum_snare_b"
          ]
        },
        {
          "time": 2.81,
          "notes": [
            "thespectre_mid10_face_b_drum_kick_b"
          ]
        },
        {
          "time": 3.28,
          "notes": [
            "thespectre_mid10_face_b_drum_kick_b",
            "thespectre_mid11_face_b_drum_snare_b"
          ]
        },
        {
          "time": 3.75,
          "notes": [
            "thespectre_mid02_face_b_lead_lead2_b",
            "thespectre_mid10_face_b_drum_kick_b"
          ]
        },
        {
          "time": 4.21,
          "notes": [
            "thespectre_mid10_face_b_drum_kick_b",
            "thespectre_mid11_face_b_drum_snare_b"
          ]
        },
        {
          "time": 4.68,
          "notes": [
            "thespectre_mid10_face_b_drum_kick_b"
          ]
        },
        {
          "time": 5.15,
          "notes": [
            "thespectre_mid10_face_b_drum_kick_b",
            "thespectre_mid11_face_b_drum_snare_b"
          ]
        },
        {
          "time": 5.62,
          "notes": [
            "thespectre_mid10_face_b_drum_kick_b"
          ]
        },
        {
          "time": 6.09,
          "notes": [
            "thespectre_mid10_face_b_drum_kick_b",
            "thespectre_mid11_face_b_drum_snare_b"
          ]
        },
        {
          "time": 6.56,
          "notes": [
            "thespectre_mid10_face_b_drum_kick_b"
          ]
        },
        {
          "time": 7.03,
          "notes": [
            "thespectre_mid10_face_b_drum_kick_b",
            "thespectre_mid11_face_b_drum_snare_b"
          ]
        },
        {
          "time": 7.5,
          "notes": [
            "thespectre_mid01_face_b_lead_lead1_b",
            "thespectre_mid10_face_b_drum_kick_b"
          ]
        },
        {
          "time": 7.73,
          "notes": [
            "thespectre_mid11_face_b_drum_hihat_b"
          ]
        },
        {
          "time": 7.96,
          "notes": [
            "thespectre_mid10_face_b_drum_kick_b",
            "thespectre_mid11_face_b_drum_snare_b"
          ]
        },
        {
          "time": 8.2,
          "notes": [
            "thespectre_mid11_face_b_drum_hihat_b"
          ]
        },
        {
          "time": 8.43,
          "notes": [
            "thespectre_mid10_face_b_drum_kick_b"
          ]
        },
        {
          "time": 8.67,
          "notes": [
            "thespectre_mid11_face_b_drum_hihat_b"
          ]
        },
        {
          "time": 8.9,
          "notes": [
            "thespectre_mid10_face_b_drum_kick_b",
            "thespectre_mid11_face_b_drum_snare_b"
          ]
        },
        {
          "time": 9.14,
          "notes": [
            "thespectre_mid11_face_b_drum_hihat_b"
          ]
        },
        {
          "time": 9.37,
          "notes": [
            "thespectre_mid10_face_b_drum_kick_b"
          ]
        },
        {
          "time": 9.6,
          "notes": [
            "thespectre_mid11_face_b_drum_hihat_b"
          ]
        },
        {
          "time": 9.84,
          "notes": [
            "thespectre_mid10_face_b_drum_kick_b",
            "thespectre_mid11_face_b_drum_snare_b"
          ]
        },
        {
          "time": 10.07,
          "notes": [
            "thespectre_mid11_face_b_drum_hihat_b"
          ]
        },
        {
          "time": 10.31,
          "notes": [
            "thespectre_mid10_face_b_drum_kick_b"
          ]
        },
        {
          "time": 10.54,
          "notes": [
            "thespectre_mid11_face_b_drum_hihat_b"
          ]
        },
        {
          "time": 10.78,
          "notes": [
            "thespectre_mid10_face_b_drum_kick_b",
            "thespectre_mid11_face_b_drum_snare_b"
          ]
        },
        {
          "time": 11.01,
          "notes": [
            "thespectre_mid11_face_b_drum_hihat_b"
          ]
        },
        {
          "time": 11.25,
          "notes": [
            "thespectre_mid02_face_b_lead_lead2_b",
            "thespectre_mid10_face_b_drum_kick_b"
          ]
        },
        {
          "time": 11.48,
          "notes": [
            "thespectre_mid11_face_b_drum_hihat_b"
          ]
        },
        {
          "time": 11.71,
          "notes": [
            "thespectre_mid10_face_b_drum_kick_b",
            "thespectre_mid11_face_b_drum_snare_b"
          ]
        },
        {
          "time": 11.95,
          "notes": [
            "thespectre_mid11_face_b_drum_hihat_b"
          ]
        },
        {
          "time": 12.18,
          "notes": [
            "thespectre_mid10_face_b_drum_kick_b"
          ]
        },
        {
          "time": 12.42,
          "notes": [
            "thespectre_mid11_face_b_drum_hihat_b"
          ]
        },
        {
          "time": 12.65,
          "notes": [
            "thespectre_mid10_face_b_drum_kick_b",
            "thespectre_mid11_face_b_drum_snare_b"
          ]
        },
        {
          "time": 12.89,
          "notes": [
            "thespectre_mid11_face_b_drum_hihat_b"
          ]
        },
        {
          "time": 13.12,
          "notes": [
            "thespectre_mid10_face_b_drum_kick_b"
          ]
        },
        {
          "time": 13.35,
          "notes": [
            "thespectre_mid11_face_b_drum_hihat_b"
          ]
        },
        {
          "time": 13.59,
          "notes": [
            "thespectre_mid10_face_b_drum_kick_b",
            "thespectre_mid11_face_b_drum_snare_b"
          ]
        },
        {
          "time": 13.82,
          "notes": [
            "thespectre_mid11_face_b_drum_hihat_b"
          ]
        },
        {
          "time": 14.06,
          "notes": [
            "thespectre_mid10_face_b_drum_kick_b"
          ]
        },
        {
          "time": 14.29,
          "notes": [
            "thespectre_mid11_face_b_drum_hihat_b"
          ]
        },
        {
          "time": 14.53,
          "notes": [
            "thespectre_mid10_face_b_drum_kick_b",
            "thespectre_mid11_face_b_drum_snare_b"
          ]
        },
        {
          "time": 14.76,
          "notes": [
            "thespectre_mid11_face_b_drum_hihat_b"
          ]
        },
        {
          "time": 15.0,
          "notes": [
            "thespectre_mid03_face_b_lead_lead3_b",
            "thespectre_mid10_face_b_drum_kick_b"
          ]
        },
        {
          "time": 15.23,
          "notes": [
            "thespectre_mid11_face_b_drum_hihat_b"
          ]
        },
        {
          "time": 15.46,
          "notes": [
            "thespectre_mid10_face_b_drum_kick_b",
            "thespectre_mid11_face_b_drum_snare_b"
          ]
        },
        {
          "time": 15.7,
          "notes": [
            "thespectre_mid11_face_b_drum_hihat_b"
          ]
        },
        {
          "time": 15.93,
          "notes": [
            "thespectre_mid10_face_b_drum_kick_b"
          ]
        },
        {
          "time": 16.17,
          "notes": [
            "thespectre_mid11_face_b_drum_hihat_b"
          ]
        },
        {
          "time": 16.4,
          "notes": [
            "thespectre_mid10_face_b_drum_kick_b",
            "thespectre_mid11_face_b_drum_snare_b"
          ]
        },
        {
          "time": 16.64,
          "notes": [
            "thespectre_mid11_face_b_drum_hihat_b"
          ]
        },
        {
          "time": 16.87,
          "notes": [
            "thespectre_mid10_face_b_drum_kick_b"
          ]
        },
        {
          "time": 17.1,
          "notes": [
            "thespectre_mid11_face_b_drum_hihat_b"
          ]
        },
        {
          "time": 17.34,
          "notes": [
            "thespectre_mid10_face_b_drum_kick_b",
            "thespectre_mid11_face_b_drum_snare_b"
          ]
        },
        {
          "time": 17.57,
          "notes": [
            "thespectre_mid11_face_b_drum_hihat_b"
          ]
        },
        {
          "time": 17.81,
          "notes": [
            "thespectre_mid10_face_b_drum_kick_b"
          ]
        },
        {
          "time": 18.04,
          "notes": [
            "thespectre_mid11_face_b_drum_hihat_b"
          ]
        },
        {
          "time": 18.28,
          "notes": [
            "thespectre_mid10_face_b_drum_kick_b",
            "thespectre_mid11_face_b_drum_snare_b"
          ]
        },
        {
          "time": 18.51,
          "notes": [
            "thespectre_mid11_face_b_drum_hihat_b"
          ]
        },
        {
          "time": 18.75,
          "notes": [
            "thespectre_mid06_face_b_lead_lead4_b",
            "thespectre_mid10_face_b_drum_kick_b"
          ]
        },
        {
          "time": 18.98,
          "notes": [
            "thespectre_mid11_face_b_drum_hihat_b"
          ]
        },
        {
          "time": 19.21,
          "notes": [
            "thespectre_mid10_face_b_drum_kick_b",
            "thespectre_mid11_face_b_drum_snare_b"
          ]
        },
        {
          "time": 19.45,
          "notes": [
            "thespectre_mid11_face_b_drum_hihat_b"
          ]
        },
        {
          "time": 19.68,
          "notes": [
            "thespectre_mid10_face_b_drum_kick_b"
          ]
        },
        {
          "time": 19.92,
          "notes": [
            "thespectre_mid11_face_b_drum_hihat_b"
          ]
        },
        {
          "time": 20.15,
          "notes": [
            "thespectre_mid10_face_b_drum_kick_b",
            "thespectre_mid11_face_b_drum_snare_b"
          ]
        },
        {
          "time": 20.39,
          "notes": [
            "thespectre_mid11_face_b_drum_hihat_b"
          ]
        },
        {
          "time": 20.62,
          "notes": [
            "thespectre_mid10_face_b_drum_kick_b"
          ]
        },
        {
          "time": 20.85,
          "notes": [
            "thespectre_mid11_face_b_drum_hihat_b"
          ]
        },
        {
          "time": 21.09,
          "notes": [
            "thespectre_mid10_face_b_drum_kick_b",
            "thespectre_mid11_face_b_drum_snare_b"
          ]
        },
        {
          "time": 21.32,
          "notes": [
            "thespectre_mid11_face_b_drum_hihat_b"
          ]
        },
        {
          "time": 21.56,
          "notes": [
            "thespectre_mid10_face_b_drum_kick_b"
          ]
        },
        {
          "time": 21.79,
          "notes": [
            "thespectre_mid11_face_b_drum_hihat_b"
          ]
        },
        {
          "time": 22.03,
          "notes": [
            "thespectre_mid10_face_b_drum_kick_b",
            "thespectre_mid11_face_b_drum_snare_b"
          ]
        },
        {
          "time": 22.26,
          "notes": [
            "thespectre_mid11_face_b_drum_hihat_b"
          ]
        },
        {
          "time": 22.5,
          "notes": [
            "thespectre_mid03_face_b_lead_lead3_b",
            "thespectre_mid10_face_b_drum_kick_b"
          ]
        },
        {
          "time": 22.73,
          "notes": [
            "thespectre_mid11_face_b_drum_hihat_b"
          ]
        },
        {
          "time": 22.96,
          "notes": [
            "thespectre_mid10_face_b_drum_kick_b",
            "thespectre_mid11_face_b_drum_snare_b"
          ]
        },
        {
          "time": 23.2,
          "notes": [
            "thespectre_mid11_face_b_drum_hihat_b"
          ]
        },
        {
          "time": 23.43,
          "notes": [
            "thespectre_mid10_face_b_drum_kick_b"
          ]
        },
        {
          "time": 23.67,
          "notes": [
            "thespectre_mid11_face_b_drum_hihat_b"
          ]
        },
        {
          "time": 23.9,
          "notes": [
            "thespectre_mid10_face_b_drum_kick_b",
            "thespectre_mid11_face_b_drum_snare_b"
          ]
        },
        {
          "time": 24.14,
          "notes": [
            "thespectre_mid11_face_b_drum_hihat_b"
          ]
        },
        {
          "time": 24.37,
          "notes": [
            "thespectre_mid10_face_b_drum_kick_b"
          ]
        },
        {
          "time": 24.6,
          "notes": [
            "thespectre_mid11_face_b_drum_hihat_b"
          ]
        },
        {
          "time": 24.84,
          "notes": [
            "thespectre_mid10_face_b_drum_kick_b",
            "thespectre_mid11_face_b_drum_snare_b"
          ]
        },
        {
          "time": 25.07,
          "notes": [
            "thespectre_mid11_face_b_drum_hihat_b"
          ]
        },
        {
          "time": 25.31,
          "notes": [
            "thespectre_mid10_face_b_drum_kick_b"
          ]
        },
        {
          "time": 25.54,
          "notes": [
            "thespectre_mid11_face_b_drum_hihat_b"
          ]
        },
        {
          "time": 25.78,
          "notes": [
            "thespectre_mid10_face_b_drum_kick_b",
            "thespectre_mid11_face_b_drum_snare_b"
          ]
        },
        {
          "time": 26.01,
          "notes": [
            "thespectre_mid11_face_b_drum_hihat_b"
          ]
        },
        {
          "time": 26.25,
          "notes": [
            "thespectre_mid06_face_b_lead_lead4_b",
            "thespectre_mid10_face_b_drum_kick_b"
          ]
        },
        {
          "time": 26.48,
          "notes": [
            "thespectre_mid11_face_b_drum_hihat_b"
          ]
        },
        {
          "time": 26.71,
          "notes": [
            "thespectre_mid10_face_b_drum_kick_b",
            "thespectre_mid11_face_b_drum_snare_b"
          ]
        },
        {
          "time": 26.95,
          "notes": [
            "thespectre_mid11_face_b_drum_hihat_b"
          ]
        },
        {
          "time": 27.18,
          "notes": [
            "thespectre_mid10_face_b_drum_kick_b"
          ]
        },
        {
          "time": 27.42,
          "notes": [
            "thespectre_mid11_face_b_drum_hihat_b"
          ]
        },
        {
          "time": 27.65,
          "notes": [
            "thespectre_mid10_face_b_drum_kick_b",
            "thespectre_mid11_face_b_drum_snare_b"
          ]
        },
        {
          "time": 27.89,
          "notes": [
            "thespectre_mid11_face_b_drum_hihat_b"
          ]
        },
        {
          "time": 28.12,
          "notes": [
            "thespectre_mid10_face_b_drum_kick_b"
          ]
        },
        {
          "time": 28.35,
          "notes": [
            "thespectre_mid11_face_b_drum_hihat_b"
          ]
        },
        {
          "time": 28.59,
          "notes": [
            "thespectre_mid10_face_b_drum_kick_b",
            "thespectre_mid11_face_b_drum_snare_b"
          ]
        },
        {
          "time": 28.82,
          "notes": [
            "thespectre_mid11_face_b_drum_hihat_b"
          ]
        },
        {
          "time": 29.06,
          "notes": [
            "thespectre_mid10_face_b_drum_kick_b"
          ]
        },
        {
          "time": 29.29,
          "notes": [
            "thespectre_mid11_face_b_drum_hihat_b"
          ]
        },
        {
          "time": 29.53,
          "notes": [
            "thespectre_mid10_face_b_drum_kick_b",
            "thespectre_mid11_face_b_drum_snare_b"
          ]
        },
        {
          "time": 29.76,
          "notes": [
            "thespectre_mid11_face_b_drum_hihat_b"
          ]
        }
      ]
  },
  {
      "events": [
        {
          "time": 0.0,
          "notes": [
            "thespectre_mid01_face_b_lead_lead1_b",
            "thespectre_mid04_face_b_bass_bass1_b"
          ]
        },
        {
          "time": 1.87,
          "notes": [
            "thespectre_mid05_face_b_bass_bass2_b"
          ]
        },
        {
          "time": 3.75,
          "notes": [
            "thespectre_mid02_face_b_lead_lead2_b",
            "thespectre_mid07_face_b_bass_bass3_b"
          ]
        },
        {
          "time": 5.62,
          "notes": [
            "thespectre_mid08_face_b_bass_bass4_b"
          ]
        },
        {
          "time": 7.5,
          "notes": [
            "thespectre_mid01_face_b_lead_lead1_b",
            "thespectre_mid04_face_b_bass_bass1_b"
          ]
        },
        {
          "time": 9.37,
          "notes": [
            "thespectre_mid05_face_b_bass_bass2_b"
          ]
        },
        {
          "time": 11.25,
          "notes": [
            "thespectre_mid02_face_b_lead_lead2_b",
            "thespectre_mid07_face_b_bass_bass3_b"
          ]
        },
        {
          "time": 13.12,
          "notes": [
            "thespectre_mid08_face_b_bass_bass4_b"
          ]
        },
        {
          "time": 15.0,
          "notes": [
            "thespectre_mid03_face_b_lead_lead3_b",
            "thespectre_mid04_face_b_bass_bass1_b"
          ]
        },
        {
          "time": 16.87,
          "notes": [
            "thespectre_mid05_face_b_bass_bass2_b"
          ]
        },
        {
          "time": 18.75,
          "notes": [
            "thespectre_mid06_face_b_lead_lead4_b",
            "thespectre_mid07_face_b_bass_bass3_b"
          ]
        },
        {
          "time": 20.62,
          "notes": [
            "thespectre_mid08_face_b_bass_bass4_b"
          ]
        },
        {
          "time": 22.5,
          "notes": [
            "thespectre_mid03_face_b_lead_lead3_b",
            "thespectre_mid04_face_b_bass_bass1_b"
          ]
        },
        {
          "time": 24.37,
          "notes": [
            "thespectre_mid05_face_b_bass_bass2_b"
          ]
        },
        {
          "time": 26.25,
          "notes": [
            "thespectre_mid06_face_b_lead_lead4_b",
            "thespectre_mid07_face_b_bass_bass3_b"
          ]
        },
        {
          "time": 28.12,
          "notes": [
            "thespectre_mid08_face_b_bass_bass4_b"
          ]
        }
      ]
  },
{
"events": [
  {
    "time": 0.0,
    "notes": [
      "thespectre_mid01_face_b_lead_lead1_b",
      "thespectre_mid04_face_b_bass_bass1_b",
      "thespectre_mid10_face_b_drum_kick_b"
    ]
  },
  {
    "time": 0.46,
    "notes": [
      "thespectre_mid10_face_b_drum_kick_b",
      "thespectre_mid11_face_b_drum_snare_b"
    ]
  },
  {
    "time": 0.93,
    "notes": [
      "thespectre_mid10_face_b_drum_kick_b"
    ]
  },
  {
    "time": 1.4,
    "notes": [
      "thespectre_mid10_face_b_drum_kick_b",
      "thespectre_mid11_face_b_drum_snare_b"
    ]
  },
  {
    "time": 1.87,
    "notes": [
      "thespectre_mid05_face_b_bass_bass2_b",
      "thespectre_mid10_face_b_drum_kick_b"
    ]
  },
  {
    "time": 2.34,
    "notes": [
      "thespectre_mid10_face_b_drum_kick_b",
      "thespectre_mid11_face_b_drum_snare_b"
    ]
  },
  {
    "time": 2.81,
    "notes": [
      "thespectre_mid10_face_b_drum_kick_b"
    ]
  },
  {
    "time": 3.28,
    "notes": [
      "thespectre_mid10_face_b_drum_kick_b",
      "thespectre_mid11_face_b_drum_snare_b"
    ]
  },
  {
    "time": 3.75,
    "notes": [
      "thespectre_mid02_face_b_lead_lead2_b",
      "thespectre_mid07_face_b_bass_bass3_b",
      "thespectre_mid10_face_b_drum_kick_b"
    ]
  },
  {
    "time": 4.21,
    "notes": [
      "thespectre_mid10_face_b_drum_kick_b",
      "thespectre_mid11_face_b_drum_snare_b"
    ]
  },
  {
    "time": 4.68,
    "notes": [
      "thespectre_mid10_face_b_drum_kick_b"
    ]
  },
  {
    "time": 5.15,
    "notes": [
      "thespectre_mid10_face_b_drum_kick_b",
      "thespectre_mid11_face_b_drum_snare_b"
    ]
  },
  {
    "time": 5.62,
    "notes": [
      "thespectre_mid08_face_b_bass_bass4_b",
      "thespectre_mid10_face_b_drum_kick_b"
    ]
  },
  {
    "time": 6.09,
    "notes": [
      "thespectre_mid10_face_b_drum_kick_b",
      "thespectre_mid11_face_b_drum_snare_b"
    ]
  },
  {
    "time": 6.56,
    "notes": [
      "thespectre_mid10_face_b_drum_kick_b"
    ]
  },
  {
    "time": 7.03,
    "notes": [
      "thespectre_mid10_face_b_drum_kick_b",
      "thespectre_mid11_face_b_drum_snare_b"
    ]
  },
  {
    "time": 7.5,
    "notes": [
      "thespectre_mid01_face_b_lead_lead1_b",
      "thespectre_mid04_face_b_bass_bass1_b",
      "thespectre_mid10_face_b_drum_kick_b"
    ]
  },
  {
    "time": 7.73,
    "notes": [
      "thespectre_mid11_face_b_drum_hihat_b"
    ]
  },
  {
    "time": 7.96,
    "notes": [
      "thespectre_mid10_face_b_drum_kick_b",
      "thespectre_mid11_face_b_drum_snare_b"
    ]
  },
  {
    "time": 8.2,
    "notes": [
      "thespectre_mid11_face_b_drum_hihat_b"
    ]
  },
  {
    "time": 8.43,
    "notes": [
      "thespectre_mid10_face_b_drum_kick_b"
    ]
  },
  {
    "time": 8.67,
    "notes": [
      "thespectre_mid11_face_b_drum_hihat_b"
    ]
  },
  {
    "time": 8.9,
    "notes": [
      "thespectre_mid10_face_b_drum_kick_b",
      "thespectre_mid11_face_b_drum_snare_b"
    ]
  },
  {
    "time": 9.14,
    "notes": [
      "thespectre_mid11_face_b_drum_hihat_b"
    ]
  },
  {
    "time": 9.37,
    "notes": [
      "thespectre_mid05_face_b_bass_bass2_b",
      "thespectre_mid10_face_b_drum_kick_b"
    ]
  },
  {
    "time": 9.6,
    "notes": [
      "thespectre_mid11_face_b_drum_hihat_b"
    ]
  },
  {
    "time": 9.84,
    "notes": [
      "thespectre_mid10_face_b_drum_kick_b",
      "thespectre_mid11_face_b_drum_snare_b"
    ]
  },
  {
    "time": 10.07,
    "notes": [
      "thespectre_mid11_face_b_drum_hihat_b"
    ]
  },
  {
    "time": 10.31,
    "notes": [
      "thespectre_mid10_face_b_drum_kick_b"
    ]
  },
  {
    "time": 10.54,
    "notes": [
      "thespectre_mid11_face_b_drum_hihat_b"
    ]
  },
  {
    "time": 10.78,
    "notes": [
      "thespectre_mid10_face_b_drum_kick_b",
      "thespectre_mid11_face_b_drum_snare_b"
    ]
  },
  {
    "time": 11.01,
    "notes": [
      "thespectre_mid11_face_b_drum_hihat_b"
    ]
  },
  {
    "time": 11.25,
    "notes": [
      "thespectre_mid02_face_b_lead_lead2_b",
      "thespectre_mid07_face_b_bass_bass3_b",
      "thespectre_mid10_face_b_drum_kick_b"
    ]
  },
  {
    "time": 11.48,
    "notes": [
      "thespectre_mid11_face_b_drum_hihat_b"
    ]
  },
  {
    "time": 11.71,
    "notes": [
      "thespectre_mid10_face_b_drum_kick_b",
      "thespectre_mid11_face_b_drum_snare_b"
    ]
  },
  {
    "time": 11.95,
    "notes": [
      "thespectre_mid11_face_b_drum_hihat_b"
    ]
  },
  {
    "time": 12.18,
    "notes": [
      "thespectre_mid10_face_b_drum_kick_b"
    ]
  },
  {
    "time": 12.42,
    "notes": [
      "thespectre_mid11_face_b_drum_hihat_b"
    ]
  },
  {
    "time": 12.65,
    "notes": [
      "thespectre_mid10_face_b_drum_kick_b",
      "thespectre_mid11_face_b_drum_snare_b"
    ]
  },
  {
    "time": 12.89,
    "notes": [
      "thespectre_mid11_face_b_drum_hihat_b"
    ]
  },
  {
    "time": 13.12,
    "notes": [
      "thespectre_mid08_face_b_bass_bass4_b",
      "thespectre_mid10_face_b_drum_kick_b"
    ]
  },
  {
    "time": 13.35,
    "notes": [
      "thespectre_mid11_face_b_drum_hihat_b"
    ]
  },
  {
    "time": 13.59,
    "notes": [
      "thespectre_mid10_face_b_drum_kick_b",
      "thespectre_mid11_face_b_drum_snare_b"
    ]
  },
  {
    "time": 13.82,
    "notes": [
      "thespectre_mid11_face_b_drum_hihat_b"
    ]
  },
  {
    "time": 14.06,
    "notes": [
      "thespectre_mid10_face_b_drum_kick_b"
    ]
  },
  {
    "time": 14.29,
    "notes": [
      "thespectre_mid11_face_b_drum_hihat_b"
    ]
  },
  {
    "time": 14.53,
    "notes": [
      "thespectre_mid10_face_b_drum_kick_b",
      "thespectre_mid11_face_b_drum_snare_b"
    ]
  },
  {
    "time": 14.76,
    "notes": [
      "thespectre_mid11_face_b_drum_hihat_b"
    ]
  },
  {
    "time": 15.0,
    "notes": [
      "thespectre_mid03_face_b_lead_lead3_b",
      "thespectre_mid04_face_b_bass_bass1_b",
      "thespectre_mid10_face_b_drum_kick_b"
    ]
  },
  {
    "time": 15.23,
    "notes": [
      "thespectre_mid11_face_b_drum_hihat_b"
    ]
  },
  {
    "time": 15.46,
    "notes": [
      "thespectre_mid10_face_b_drum_kick_b",
      "thespectre_mid11_face_b_drum_snare_b"
    ]
  },
  {
    "time": 15.7,
    "notes": [
      "thespectre_mid11_face_b_drum_hihat_b"
    ]
  },
  {
    "time": 15.93,
    "notes": [
      "thespectre_mid10_face_b_drum_kick_b"
    ]
  },
  {
    "time": 16.17,
    "notes": [
      "thespectre_mid11_face_b_drum_hihat_b"
    ]
  },
  {
    "time": 16.4,
    "notes": [
      "thespectre_mid10_face_b_drum_kick_b",
      "thespectre_mid11_face_b_drum_snare_b"
    ]
  },
  {
    "time": 16.64,
    "notes": [
      "thespectre_mid11_face_b_drum_hihat_b"
    ]
  },
  {
    "time": 16.87,
    "notes": [
      "thespectre_mid05_face_b_bass_bass2_b",
      "thespectre_mid10_face_b_drum_kick_b"
    ]
  },
  {
    "time": 17.1,
    "notes": [
      "thespectre_mid11_face_b_drum_hihat_b"
    ]
  },
  {
    "time": 17.34,
    "notes": [
      "thespectre_mid10_face_b_drum_kick_b",
      "thespectre_mid11_face_b_drum_snare_b"
    ]
  },
  {
    "time": 17.57,
    "notes": [
      "thespectre_mid11_face_b_drum_hihat_b"
    ]
  },
  {
    "time": 17.81,
    "notes": [
      "thespectre_mid10_face_b_drum_kick_b"
    ]
  },
  {
    "time": 18.04,
    "notes": [
      "thespectre_mid11_face_b_drum_hihat_b"
    ]
  },
  {
    "time": 18.28,
    "notes": [
      "thespectre_mid10_face_b_drum_kick_b",
      "thespectre_mid11_face_b_drum_snare_b"
    ]
  },
  {
    "time": 18.51,
    "notes": [
      "thespectre_mid11_face_b_drum_hihat_b"
    ]
  },
  {
    "time": 18.75,
    "notes": [
      "thespectre_mid06_face_b_lead_lead4_b",
      "thespectre_mid07_face_b_bass_bass3_b",
      "thespectre_mid10_face_b_drum_kick_b"
    ]
  },
  {
    "time": 18.98,
    "notes": [
      "thespectre_mid11_face_b_drum_hihat_b"
    ]
  },
  {
    "time": 19.21,
    "notes": [
      "thespectre_mid10_face_b_drum_kick_b",
      "thespectre_mid11_face_b_drum_snare_b"
    ]
  },
  {
    "time": 19.45,
    "notes": [
      "thespectre_mid11_face_b_drum_hihat_b"
    ]
  },
  {
    "time": 19.68,
    "notes": [
      "thespectre_mid10_face_b_drum_kick_b"
    ]
  },
  {
    "time": 19.92,
    "notes": [
      "thespectre_mid11_face_b_drum_hihat_b"
    ]
  },
  {
    "time": 20.15,
    "notes": [
      "thespectre_mid10_face_b_drum_kick_b",
      "thespectre_mid11_face_b_drum_snare_b"
    ]
  },
  {
    "time": 20.39,
    "notes": [
      "thespectre_mid11_face_b_drum_hihat_b"
    ]
  },
  {
    "time": 20.62,
    "notes": [
      "thespectre_mid08_face_b_bass_bass4_b",
      "thespectre_mid10_face_b_drum_kick_b"
    ]
  },
  {
    "time": 20.85,
    "notes": [
      "thespectre_mid11_face_b_drum_hihat_b"
    ]
  },
  {
    "time": 21.09,
    "notes": [
      "thespectre_mid10_face_b_drum_kick_b",
      "thespectre_mid11_face_b_drum_snare_b"
    ]
  },
  {
    "time": 21.32,
    "notes": [
      "thespectre_mid11_face_b_drum_hihat_b"
    ]
  },
  {
    "time": 21.56,
    "notes": [
      "thespectre_mid10_face_b_drum_kick_b"
    ]
  },
  {
    "time": 21.79,
    "notes": [
      "thespectre_mid11_face_b_drum_hihat_b"
    ]
  },
  {
    "time": 22.03,
    "notes": [
      "thespectre_mid10_face_b_drum_kick_b",
      "thespectre_mid11_face_b_drum_snare_b"
    ]
  },
  {
    "time": 22.26,
    "notes": [
      "thespectre_mid11_face_b_drum_hihat_b"
    ]
  },
  {
    "time": 22.5,
    "notes": [
      "thespectre_mid03_face_b_lead_lead3_b",
      "thespectre_mid04_face_b_bass_bass1_b",
      "thespectre_mid10_face_b_drum_kick_b"
    ]
  },
  {
    "time": 22.73,
    "notes": [
      "thespectre_mid11_face_b_drum_hihat_b"
    ]
  },
  {
    "time": 22.96,
    "notes": [
      "thespectre_mid10_face_b_drum_kick_b",
      "thespectre_mid11_face_b_drum_snare_b"
    ]
  },
  {
    "time": 23.2,
    "notes": [
      "thespectre_mid11_face_b_drum_hihat_b"
    ]
  },
  {
    "time": 23.43,
    "notes": [
      "thespectre_mid10_face_b_drum_kick_b"
    ]
  },
  {
    "time": 23.67,
    "notes": [
      "thespectre_mid11_face_b_drum_hihat_b"
    ]
  },
  {
    "time": 23.9,
    "notes": [
      "thespectre_mid10_face_b_drum_kick_b",
      "thespectre_mid11_face_b_drum_snare_b"
    ]
  },
  {
    "time": 24.14,
    "notes": [
      "thespectre_mid11_face_b_drum_hihat_b"
    ]
  },
  {
    "time": 24.37,
    "notes": [
      "thespectre_mid05_face_b_bass_bass2_b",
      "thespectre_mid10_face_b_drum_kick_b"
    ]
  },
  {
    "time": 24.6,
    "notes": [
      "thespectre_mid11_face_b_drum_hihat_b"
    ]
  },
  {
    "time": 24.84,
    "notes": [
      "thespectre_mid10_face_b_drum_kick_b",
      "thespectre_mid11_face_b_drum_snare_b"
    ]
  },
  {
    "time": 25.07,
    "notes": [
      "thespectre_mid11_face_b_drum_hihat_b"
    ]
  },
  {
    "time": 25.31,
    "notes": [
      "thespectre_mid10_face_b_drum_kick_b"
    ]
  },
  {
    "time": 25.54,
    "notes": [
      "thespectre_mid11_face_b_drum_hihat_b"
    ]
  },
  {
    "time": 25.78,
    "notes": [
      "thespectre_mid10_face_b_drum_kick_b",
      "thespectre_mid11_face_b_drum_snare_b"
    ]
  },
  {
    "time": 26.01,
    "notes": [
      "thespectre_mid11_face_b_drum_hihat_b"
    ]
  },
  {
    "time": 26.25,
    "notes": [
      "thespectre_mid06_face_b_lead_lead4_b",
      "thespectre_mid07_face_b_bass_bass3_b",
      "thespectre_mid10_face_b_drum_kick_b"
    ]
  },
  {
    "time": 26.48,
    "notes": [
      "thespectre_mid11_face_b_drum_hihat_b"
    ]
  },
  {
    "time": 26.71,
    "notes": [
      "thespectre_mid10_face_b_drum_kick_b",
      "thespectre_mid11_face_b_drum_snare_b"
    ]
  },
  {
    "time": 26.95,
    "notes": [
      "thespectre_mid11_face_b_drum_hihat_b"
    ]
  },
  {
    "time": 27.18,
    "notes": [
      "thespectre_mid10_face_b_drum_kick_b"
    ]
  },
  {
    "time": 27.42,
    "notes": [
      "thespectre_mid11_face_b_drum_hihat_b"
    ]
  },
  {
    "time": 27.65,
    "notes": [
      "thespectre_mid10_face_b_drum_kick_b",
      "thespectre_mid11_face_b_drum_snare_b"
    ]
  },
  {
    "time": 27.89,
    "notes": [
      "thespectre_mid11_face_b_drum_hihat_b"
    ]
  },
  {
    "time": 28.12,
    "notes": [
      "thespectre_mid08_face_b_bass_bass4_b",
      "thespectre_mid10_face_b_drum_kick_b"
    ]
  },
  {
    "time": 28.35,
    "notes": [
      "thespectre_mid11_face_b_drum_hihat_b"
    ]
  },
  {
    "time": 28.59,
    "notes": [
      "thespectre_mid10_face_b_drum_kick_b",
      "thespectre_mid11_face_b_drum_snare_b"
    ]
  },
  {
    "time": 28.82,
    "notes": [
      "thespectre_mid11_face_b_drum_hihat_b"
    ]
  },
  {
    "time": 29.06,
    "notes": [
      "thespectre_mid10_face_b_drum_kick_b"
    ]
  },
  {
    "time": 29.29,
    "notes": [
      "thespectre_mid11_face_b_drum_hihat_b"
    ]
  },
  {
    "time": 29.53,
    "notes": [
      "thespectre_mid10_face_b_drum_kick_b",
      "thespectre_mid11_face_b_drum_snare_b"
    ]
  },
  {
    "time": 29.76,
    "notes": [
      "thespectre_mid11_face_b_drum_hihat_b"
    ]
  },
  {
    "time": 30.0,
    "notes": [
      "thespectre_mid09_face_b_fx_fx_b"
    ]
  }
]
}

]
