[
  {
    "events": [
      { "time": 0.0, "notes": ["Heartoflight_mid07_face_a_lead_a"] },
      { "time": 3.2, "notes": ["Heartoflight_mid02_face_a_lead_a"] },
      { "time": 6.4, "notes": ["Heartoflight_mid09_face_a_drum_a"] },
      { "time": 9.6, "notes": ["Heartoflight_mid08_face_a_drum_a"] },
      { "time": 12.8, "notes": ["Heartoflight_mid12_face_a_lead_a"] },
      { "time": 16.0, "notes": ["Heartoflight_mid04_face_a_lead_a"] },
      { "time": 19.2, "notes": ["Heartoflight_mid01_face_a_drum_a"] },
      { "time": 22.4, "notes": ["Heartoflight_mid05_face_a_lead_a"] },
      { "time": 25.6, "notes": ["Heartoflight_mid10_face_a_lead_a"] },
      { "time": 28.8, "notes": ["Heartoflight_mid03_face_a_lead_a"] }
    ]
  }

]