[
    {
      "events": [
        { "time": 12.80, "notes": ["heartoflight_mid10_face_a_drum_kick_a", "heartoflight_mid11_face_a_drum_hihat_a"] },
        { "time": 13.60, "notes": ["heartoflight_mid12_face_a_drum_snare_a"] },
        { "time": 14.40, "notes": ["heartoflight_mid10_face_a_drum_kick_a", "heartoflight_mid11_face_a_drum_hihat_a"] },
        { "time": 15.20, "notes": ["heartoflight_mid12_face_a_drum_snare_a"] },
        { "time": 16.00, "notes": ["heartoflight_mid10_face_a_drum_kick_a", "heartoflight_mid11_face_a_drum_hihat_a"] },
        { "time": 16.80, "notes": ["heartoflight_mid12_face_a_drum_snare_a"] },
        { "time": 17.60, "notes": ["heartoflight_mid10_face_a_drum_kick_a", "heartoflight_mid11_face_a_drum_hihat_a"] },
        { "time": 18.40, "notes": ["heartoflight_mid12_face_a_drum_snare_a"] },
        { "time": 19.20, "notes": ["heartoflight_mid10_face_a_drum_kick_a", "heartoflight_mid11_face_a_drum_hihat_a"] },
        { "time": 20.00, "notes": ["heartoflight_mid12_face_a_drum_snare_a"] },
        { "time": 20.80, "notes": ["heartoflight_mid10_face_a_drum_kick_a", "heartoflight_mid11_face_a_drum_hihat_a"] },
        { "time": 21.60, "notes": ["heartoflight_mid12_face_a_drum_snare_a"] },
        { "time": 22.40, "notes": ["heartoflight_mid10_face_a_drum_kick_a", "heartoflight_mid11_face_a_drum_hihat_a"] },
        { "time": 23.20, "notes": ["heartoflight_mid12_face_a_drum_snare_a"] },
        { "time": 24.00, "notes": ["heartoflight_mid10_face_a_drum_kick_a", "heartoflight_mid11_face_a_drum_hihat_a"] },
        { "time": 24.80, "notes": ["heartoflight_mid12_face_a_drum_snare_a"] }
      ]
    },
    {
      "events": [
        { "time": 12.80, "notes": ["heartoflight_mid01_face_a_lead_lead1_a"] },
        { "time": 16.00, "notes": ["heartoflight_mid02_face_a_lead_lead2_a"] },
        { "time": 19.20, "notes": ["heartoflight_mid03_face_a_lead_lead3_a"] },
        { "time": 22.40, "notes": ["heartoflight_mid06_face_a_lead_lead4_a"] }
      ]
    },
    {
      "events": [
        { "time": 0.00, "notes": ["heartoflight_mid04_face_a_bass_bass1_a"] },
        { "time": 3.20, "notes": ["heartoflight_mid05_face_a_bass_bass2_a"] },
        { "time": 6.40, "notes": ["heartoflight_mid07_face_a_bass_bass3_a"] },
        { "time": 9.60, "notes": ["heartoflight_mid08_face_a_bass_bass4_a"] },
        { "time": 12.80, "notes": ["heartoflight_mid04_face_a_bass_bass1_a"] },
        { "time": 16.00, "notes": ["heartoflight_mid05_face_a_bass_bass2_a"] },
        { "time": 19.20, "notes": ["heartoflight_mid07_face_a_bass_bass3_a"] },
        { "time": 22.40, "notes": ["heartoflight_mid08_face_a_bass_bass4_a"] }
      ]
    },
    {
      "events": [
        { "time": 0.00, "notes": ["heartoflight_mid04_face_a_bass_bass1_a"] },
        { "time": 3.20, "notes": ["heartoflight_mid05_face_a_bass_bass2_a"] },
        { "time": 6.40, "notes": ["heartoflight_mid07_face_a_bass_bass3_a"] },
        { "time": 9.60, "notes": ["heartoflight_mid08_face_a_bass_bass4_a"] },
        { "time": 12.80, "notes": ["heartoflight_mid04_face_a_bass_bass1_a", "heartoflight_mid10_face_a_drum_kick_a", "heartoflight_mid11_face_a_drum_hihat_a"] },
        { "time": 13.60, "notes": ["heartoflight_mid12_face_a_drum_snare_a"] },
        { "time": 14.40, "notes": ["heartoflight_mid10_face_a_drum_kick_a", "heartoflight_mid11_face_a_drum_hihat_a"] },
        { "time": 15.20, "notes": ["heartoflight_mid12_face_a_drum_snare_a"] },
        { "time": 16.00, "notes": ["heartoflight_mid05_face_a_bass_bass2_a", "heartoflight_mid10_face_a_drum_kick_a", "heartoflight_mid11_face_a_drum_hihat_a"] },
        { "time": 16.80, "notes": ["heartoflight_mid12_face_a_drum_snare_a"] },
        { "time": 17.60, "notes": ["heartoflight_mid10_face_a_drum_kick_a", "heartoflight_mid11_face_a_drum_hihat_a"] },
        { "time": 18.40, "notes": ["heartoflight_mid12_face_a_drum_snare_a"] },
        { "time": 19.20, "notes": ["heartoflight_mid07_face_a_bass_bass3_a", "heartoflight_mid10_face_a_drum_kick_a", "heartoflight_mid11_face_a_drum_hihat_a"] },
        { "time": 20.00, "notes": ["heartoflight_mid12_face_a_drum_snare_a"] },
        { "time": 20.80, "notes": ["heartoflight_mid10_face_a_drum_kick_a", "heartoflight_mid11_face_a_drum_hihat_a"] },
        { "time": 21.60, "notes": ["heartoflight_mid12_face_a_drum_snare_a"] },
        { "time": 22.40, "notes": ["heartoflight_mid08_face_a_bass_bass4_a", "heartoflight_mid10_face_a_drum_kick_a", "heartoflight_mid11_face_a_drum_hihat_a"] },
        { "time": 23.20, "notes": ["heartoflight_mid12_face_a_drum_snare_a"] },
        { "time": 24.00, "notes": ["heartoflight_mid10_face_a_drum_kick_a", "heartoflight_mid11_face_a_drum_hihat_a"] },
        { "time": 24.80, "notes": ["heartoflight_mid12_face_a_drum_snare_a"] }
      ]
    },
    {
      "events": [
        { "time": 12.80, "notes": ["heartoflight_mid01_face_a_lead_lead1_a", "heartoflight_mid10_face_a_drum_kick_a", "heartoflight_mid11_face_a_drum_hihat_a"] },
        { "time": 13.60, "notes": ["heartoflight_mid12_face_a_drum_snare_a"] },
        { "time": 14.40, "notes": ["heartoflight_mid10_face_a_drum_kick_a", "heartoflight_mid11_face_a_drum_hihat_a"] },
        { "time": 15.20, "notes": ["heartoflight_mid12_face_a_drum_snare_a"] },
        { "time": 16.00, "notes": ["heartoflight_mid02_face_a_lead_lead2_a", "heartoflight_mid10_face_a_drum_kick_a", "heartoflight_mid11_face_a_drum_hihat_a"] },
        { "time": 16.80, "notes": ["heartoflight_mid12_face_a_drum_snare_a"] },
        { "time": 17.60, "notes": ["heartoflight_mid10_face_a_drum_kick_a", "heartoflight_mid11_face_a_drum_hihat_a"] },
        { "time": 18.40, "notes": ["heartoflight_mid12_face_a_drum_snare_a"] },
        { "time": 19.20, "notes": ["heartoflight_mid03_face_a_lead_lead3_a", "heartoflight_mid10_face_a_drum_kick_a", "heartoflight_mid11_face_a_drum_hihat_a"] },
        { "time": 20.00, "notes": ["heartoflight_mid12_face_a_drum_snare_a"] },
        { "time": 20.80, "notes": ["heartoflight_mid10_face_a_drum_kick_a", "heartoflight_mid11_face_a_drum_hihat_a"] },
        { "time": 21.60, "notes": ["heartoflight_mid12_face_a_drum_snare_a"] },
        { "time": 22.40, "notes": ["heartoflight_mid06_face_a_lead_lead4_a", "heartoflight_mid10_face_a_drum_kick_a", "heartoflight_mid11_face_a_drum_hihat_a"] },
        { "time": 23.20, "notes": ["heartoflight_mid12_face_a_drum_snare_a"] },
        { "time": 24.00, "notes": ["heartoflight_mid10_face_a_drum_kick_a", "heartoflight_mid11_face_a_drum_hihat_a"] },
        { "time": 24.80, "notes": ["heartoflight_mid12_face_a_drum_snare_a"] }
      ]
    },
    {
      "events": [
        { "time": 0.00, "notes": ["heartoflight_mid04_face_a_bass_bass1_a"] },
        { "time": 3.20, "notes": ["heartoflight_mid05_face_a_bass_bass2_a"] },
        { "time": 6.40, "notes": ["heartoflight_mid07_face_a_bass_bass3_a"] },
        { "time": 9.60, "notes": ["heartoflight_mid08_face_a_bass_bass4_a"] },
        { "time": 12.80, "notes": ["heartoflight_mid01_face_a_lead_lead1_a", "heartoflight_mid04_face_a_bass_bass1_a"] },
        { "time": 16.00, "notes": ["heartoflight_mid02_face_a_lead_lead2_a", "heartoflight_mid05_face_a_bass_bass2_a"] },
        { "time": 19.20, "notes": ["heartoflight_mid03_face_a_lead_lead3_a", "heartoflight_mid07_face_a_bass_bass3_a"] },
        { "time": 22.40, "notes": ["heartoflight_mid06_face_a_lead_lead4_a", "heartoflight_mid08_face_a_bass_bass4_a"] }
      ]
    },
    {
      "events": [
        { "time": 0.00, "notes": ["heartoflight_mid04_face_a_bass_bass1_a"] },
        { "time": 3.20, "notes": ["heartoflight_mid05_face_a_bass_bass2_a"] },
        { "time": 6.40, "notes": ["heartoflight_mid07_face_a_bass_bass3_a"] },
        { "time": 9.60, "notes": ["heartoflight_mid08_face_a_bass_bass4_a"] },
        { "time": 12.80, "notes": ["heartoflight_mid01_face_a_lead_lead1_a", "heartoflight_mid04_face_a_bass_bass1_a", "heartoflight_mid10_face_a_drum_kick_a", "heartoflight_mid11_face_a_drum_hihat_a"] },
        { "time": 13.60, "notes": ["heartoflight_mid12_face_a_drum_snare_a"] },
        { "time": 14.40, "notes": ["heartoflight_mid10_face_a_drum_kick_a", "heartoflight_mid11_face_a_drum_hihat_a"] },
        { "time": 15.20, "notes": ["heartoflight_mid12_face_a_drum_snare_a"] },
        { "time": 16.00, "notes": ["heartoflight_mid02_face_a_lead_lead2_a", "heartoflight_mid05_face_a_bass_bass2_a", "heartoflight_mid10_face_a_drum_kick_a", "heartoflight_mid11_face_a_drum_hihat_a"] },
        { "time": 16.80, "notes": ["heartoflight_mid12_face_a_drum_snare_a"] },
        { "time": 17.60, "notes": ["heartoflight_mid10_face_a_drum_kick_a", "heartoflight_mid11_face_a_drum_hihat_a"] },
        { "time": 18.40, "notes": ["heartoflight_mid12_face_a_drum_snare_a"] },
        { "time": 19.20, "notes": ["heartoflight_mid03_face_a_lead_lead3_a", "heartoflight_mid07_face_a_bass_bass3_a", "heartoflight_mid10_face_a_drum_kick_a", "heartoflight_mid11_face_a_drum_hihat_a"] },
        { "time": 20.00, "notes": ["heartoflight_mid12_face_a_drum_snare_a"] },
        { "time": 20.80, "notes": ["heartoflight_mid10_face_a_drum_kick_a", "heartoflight_mid11_face_a_drum_hihat_a"] },
        { "time": 21.60, "notes": ["heartoflight_mid12_face_a_drum_snare_a"] },
        { "time": 22.40, "notes": ["heartoflight_mid06_face_a_lead_lead4_a", "heartoflight_mid08_face_a_bass_bass4_a", "heartoflight_mid10_face_a_drum_kick_a", "heartoflight_mid11_face_a_drum_hihat_a"] },
        { "time": 23.20, "notes": ["heartoflight_mid12_face_a_drum_snare_a"] },
        { "time": 24.00, "notes": ["heartoflight_mid09_face_a_fx_fx_a", "heartoflight_mid10_face_a_drum_kick_a", "heartoflight_mid11_face_a_drum_hihat_a"] },
        { "time": 24.80, "notes": ["heartoflight_mid12_face_a_drum_snare_a"] }
      ]
    },
    {
      "events": [
        { "time": 0.00, "notes": ["heartoflight_mid10_face_b_drum_kick_b", "heartoflight_mid11_face_b_drum_hihat_b"] },
        { "time": 0.80, "notes": ["heartoflight_mid12_face_b_drum_snare_b"] },
        { "time": 1.60, "notes": ["heartoflight_mid10_face_b_drum_kick_b", "heartoflight_mid11_face_b_drum_hihat_b"] },
        { "time": 2.40, "notes": ["heartoflight_mid12_face_b_drum_snare_b"] },
        { "time": 3.20, "notes": ["heartoflight_mid10_face_b_drum_kick_b", "heartoflight_mid11_face_b_drum_hihat_b"] },
        { "time": 4.00, "notes": ["heartoflight_mid12_face_b_drum_snare_b"] },
        { "time": 4.80, "notes": ["heartoflight_mid10_face_b_drum_kick_b", "heartoflight_mid11_face_b_drum_hihat_b"] },
        { "time": 5.60, "notes": ["heartoflight_mid12_face_b_drum_snare_b"] },
        { "time": 6.40, "notes": ["heartoflight_mid10_face_b_drum_kick_b", "heartoflight_mid11_face_b_drum_hihat_b"] },
        { "time": 7.20, "notes": ["heartoflight_mid12_face_b_drum_snare_b"] },
        { "time": 8.00, "notes": ["heartoflight_mid10_face_b_drum_kick_b", "heartoflight_mid11_face_b_drum_hihat_b"] },
        { "time": 8.80, "notes": ["heartoflight_mid12_face_b_drum_snare_b"] },
        { "time": 9.60, "notes": ["heartoflight_mid10_face_b_drum_kick_b", "heartoflight_mid11_face_b_drum_hihat_b"] },
        { "time": 10.40, "notes": ["heartoflight_mid12_face_b_drum_snare_b"] },
        { "time": 11.20, "notes": ["heartoflight_mid10_face_b_drum_kick_b", "heartoflight_mid11_face_b_drum_hihat_b"] },
        { "time": 12.00, "notes": ["heartoflight_mid12_face_b_drum_snare_b"] },
        { "time": 12.80, "notes": ["heartoflight_mid10_face_b_drum_kick_b", "heartoflight_mid11_face_b_drum_hihat_b"] },
        { "time": 13.60, "notes": ["heartoflight_mid12_face_b_drum_snare_b"] },
        { "time": 14.40, "notes": ["heartoflight_mid10_face_b_drum_kick_b", "heartoflight_mid11_face_b_drum_hihat_b"] },
        { "time": 15.20, "notes": ["heartoflight_mid12_face_b_drum_snare_b"] },
        { "time": 16.00, "notes": ["heartoflight_mid10_face_b_drum_kick_b", "heartoflight_mid11_face_b_drum_hihat_b"] },
        { "time": 16.80, "notes": ["heartoflight_mid12_face_b_drum_snare_b"] },
        { "time": 17.60, "notes": ["heartoflight_mid10_face_b_drum_kick_b", "heartoflight_mid11_face_b_drum_hihat_b"] },
        { "time": 18.40, "notes": ["heartoflight_mid12_face_b_drum_snare_b"] },
        { "time": 19.20, "notes": ["heartoflight_mid10_face_b_drum_kick_b", "heartoflight_mid11_face_b_drum_hihat_b"] },
        { "time": 20.00, "notes": ["heartoflight_mid12_face_b_drum_snare_b"] },
        { "time": 20.80, "notes": ["heartoflight_mid10_face_b_drum_kick_b", "heartoflight_mid11_face_b_drum_hihat_b"] },
        { "time": 21.60, "notes": ["heartoflight_mid12_face_b_drum_snare_b"] },
        { "time": 22.40, "notes": ["heartoflight_mid10_face_b_drum_kick_b", "heartoflight_mid11_face_b_drum_hihat_b"] },
        { "time": 23.20, "notes": ["heartoflight_mid12_face_b_drum_snare_b"] },
        { "time": 24.00, "notes": ["heartoflight_mid10_face_b_drum_kick_b", "heartoflight_mid11_face_b_drum_hihat_b"] },
        { "time": 24.80, "notes": ["heartoflight_mid12_face_b_drum_snare_b"] }
      ]
    },
    {
      "events": [
        { "time": 12.80, "notes": ["heartoflight_mid01_face_b_lead_lead1_b"] },
        { "time": 16.00, "notes": ["heartoflight_mid02_face_b_lead_lead2_b"] },
        { "time": 19.20, "notes": ["heartoflight_mid03_face_b_lead_lead3_b"] },
        { "time": 22.40, "notes": ["heartoflight_mid06_face_b_lead_lead4_b"] }
      ]
    },
    {
      "events": [
        { "time": 0.00, "notes": ["heartoflight_mid04_face_b_bass_bass1_b"] },
        { "time": 3.20, "notes": ["heartoflight_mid05_face_b_bass_bass2_b"] },
        { "time": 6.40, "notes": ["heartoflight_mid07_face_b_bass_bass3_b"] },
        { "time": 9.60, "notes": ["heartoflight_mid08_face_b_bass_bass4_b"] },
        { "time": 12.80, "notes": ["heartoflight_mid04_face_b_bass_bass1_b"] },
        { "time": 16.00, "notes": ["heartoflight_mid05_face_b_bass_bass2_b"] },
        { "time": 19.20, "notes": ["heartoflight_mid07_face_b_bass_bass3_b"] },
        { "time": 22.40, "notes": ["heartoflight_mid08_face_b_bass_bass4_b"] }
      ]
    },
    {
      "events": [
        { "time": 0.00, "notes": ["heartoflight_mid04_face_b_bass_bass1_b", "heartoflight_mid10_face_b_drum_kick_b", "heartoflight_mid11_face_b_drum_hihat_b"] },
        { "time": 0.80, "notes": ["heartoflight_mid12_face_b_drum_snare_b"] },
        { "time": 1.60, "notes": ["heartoflight_mid10_face_b_drum_kick_b", "heartoflight_mid11_face_b_drum_hihat_b"] },
        { "time": 2.40, "notes": ["heartoflight_mid12_face_b_drum_snare_b"] },
        { "time": 3.20, "notes": ["heartoflight_mid05_face_b_bass_bass2_b", "heartoflight_mid10_face_b_drum_kick_b", "heartoflight_mid11_face_b_drum_hihat_b"] },
        { "time": 4.00, "notes": ["heartoflight_mid12_face_b_drum_snare_b"] },
        { "time": 4.80, "notes": ["heartoflight_mid10_face_b_drum_kick_b", "heartoflight_mid11_face_b_drum_hihat_b"] },
        { "time": 5.60, "notes": ["heartoflight_mid12_face_b_drum_snare_b"] },
        { "time": 6.40, "notes": ["heartoflight_mid07_face_b_bass_bass3_b", "heartoflight_mid10_face_b_drum_kick_b", "heartoflight_mid11_face_b_drum_hihat_b"] },
        { "time": 7.20, "notes": ["heartoflight_mid12_face_b_drum_snare_b"] },
        { "time": 8.00, "notes": ["heartoflight_mid10_face_b_drum_kick_b", "heartoflight_mid11_face_b_drum_hihat_b"] },
        { "time": 8.80, "notes": ["heartoflight_mid12_face_b_drum_snare_b"] },
        { "time": 9.60, "notes": ["heartoflight_mid08_face_b_bass_bass4_b", "heartoflight_mid10_face_b_drum_kick_b", "heartoflight_mid11_face_b_drum_hihat_b"] },
        { "time": 10.40, "notes": ["heartoflight_mid12_face_b_drum_snare_b"] },
        { "time": 11.20, "notes": ["heartoflight_mid10_face_b_drum_kick_b", "heartoflight_mid11_face_b_drum_hihat_b"] },
        { "time": 12.00, "notes": ["heartoflight_mid12_face_b_drum_snare_b"] },
        { "time": 12.80, "notes": ["heartoflight_mid04_face_b_bass_bass1_b", "heartoflight_mid10_face_b_drum_kick_b", "heartoflight_mid11_face_b_drum_hihat_b"] },
        { "time": 13.60, "notes": ["heartoflight_mid12_face_b_drum_snare_b"] },
        { "time": 14.40, "notes": ["heartoflight_mid10_face_b_drum_kick_b", "heartoflight_mid11_face_b_drum_hihat_b"] },
        { "time": 15.20, "notes": ["heartoflight_mid12_face_b_drum_snare_b"] },
        { "time": 16.00, "notes": ["heartoflight_mid05_face_b_bass_bass2_b", "heartoflight_mid10_face_b_drum_kick_b", "heartoflight_mid11_face_b_drum_hihat_b"] },
        { "time": 16.80, "notes": ["heartoflight_mid12_face_b_drum_snare_b"] },
        { "time": 17.60, "notes": ["heartoflight_mid10_face_b_drum_kick_b", "heartoflight_mid11_face_b_drum_hihat_b"] },
        { "time": 18.40, "notes": ["heartoflight_mid12_face_b_drum_snare_b"] },
        { "time": 19.20, "notes": ["heartoflight_mid07_face_b_bass_bass3_b", "heartoflight_mid10_face_b_drum_kick_b", "heartoflight_mid11_face_b_drum_hihat_b"] },
        { "time": 20.00, "notes": ["heartoflight_mid12_face_b_drum_snare_b"] },
        { "time": 20.80, "notes": ["heartoflight_mid10_face_b_drum_kick_b", "heartoflight_mid11_face_b_drum_hihat_b"] },
        { "time": 21.60, "notes": ["heartoflight_mid12_face_b_drum_snare_b"] },
        { "time": 22.40, "notes": ["heartoflight_mid08_face_b_bass_bass4_b", "heartoflight_mid10_face_b_drum_kick_b", "heartoflight_mid11_face_b_drum_hihat_b"] },
        { "time": 23.20, "notes": ["heartoflight_mid12_face_b_drum_snare_b"] },
        { "time": 24.00, "notes": ["heartoflight_mid10_face_b_drum_kick_b", "heartoflight_mid11_face_b_drum_hihat_b"] },
        { "time": 24.80, "notes": ["heartoflight_mid12_face_b_drum_snare_b"] }
      ]
    },
    {
      "events": [
        { "time": 0.00, "notes": ["heartoflight_mid10_face_b_drum_kick_b", "heartoflight_mid11_face_b_drum_hihat_b"] },
        { "time": 0.80, "notes": ["heartoflight_mid12_face_b_drum_snare_b"] },
        { "time": 1.60, "notes": ["heartoflight_mid10_face_b_drum_kick_b", "heartoflight_mid11_face_b_drum_hihat_b"] },
        { "time": 2.40, "notes": ["heartoflight_mid12_face_b_drum_snare_b"] },
        { "time": 3.20, "notes": ["heartoflight_mid10_face_b_drum_kick_b", "heartoflight_mid11_face_b_drum_hihat_b"] },
        { "time": 4.00, "notes": ["heartoflight_mid12_face_b_drum_snare_b"] },
        { "time": 4.80, "notes": ["heartoflight_mid10_face_b_drum_kick_b", "heartoflight_mid11_face_b_drum_hihat_b"] },
        { "time": 5.60, "notes": ["heartoflight_mid12_face_b_drum_snare_b"] },
        { "time": 6.40, "notes": ["heartoflight_mid10_face_b_drum_kick_b", "heartoflight_mid11_face_b_drum_hihat_b"] },
        { "time": 7.20, "notes": ["heartoflight_mid12_face_b_drum_snare_b"] },
        { "time": 8.00, "notes": ["heartoflight_mid10_face_b_drum_kick_b", "heartoflight_mid11_face_b_drum_hihat_b"] },
        { "time": 8.80, "notes": ["heartoflight_mid12_face_b_drum_snare_b"] },
        { "time": 9.60, "notes": ["heartoflight_mid10_face_b_drum_kick_b", "heartoflight_mid11_face_b_drum_hihat_b"] },
        { "time": 10.40, "notes": ["heartoflight_mid12_face_b_drum_snare_b"] },
        { "time": 11.20, "notes": ["heartoflight_mid10_face_b_drum_kick_b", "heartoflight_mid11_face_b_drum_hihat_b"] },
        { "time": 12.00, "notes": ["heartoflight_mid12_face_b_drum_snare_b"] },
        { "time": 12.80, "notes": ["heartoflight_mid01_face_b_lead_lead1_b", "heartoflight_mid10_face_b_drum_kick_b", "heartoflight_mid11_face_b_drum_hihat_b"] },
        { "time": 13.60, "notes": ["heartoflight_mid12_face_b_drum_snare_b"] },
        { "time": 14.40, "notes": ["heartoflight_mid10_face_b_drum_kick_b", "heartoflight_mid11_face_b_drum_hihat_b"] },
        { "time": 15.20, "notes": ["heartoflight_mid12_face_b_drum_snare_b"] },
        { "time": 16.00, "notes": ["heartoflight_mid02_face_b_lead_lead2_b", "heartoflight_mid10_face_b_drum_kick_b", "heartoflight_mid11_face_b_drum_hihat_b"] },
        { "time": 16.80, "notes": ["heartoflight_mid12_face_b_drum_snare_b"] },
        { "time": 17.60, "notes": ["heartoflight_mid10_face_b_drum_kick_b", "heartoflight_mid11_face_b_drum_hihat_b"] },
        { "time": 18.40, "notes": ["heartoflight_mid12_face_b_drum_snare_b"] },
        { "time": 19.20, "notes": ["heartoflight_mid03_face_b_lead_lead3_b", "heartoflight_mid10_face_b_drum_kick_b", "heartoflight_mid11_face_b_drum_hihat_b"] },
        { "time": 20.00, "notes": ["heartoflight_mid12_face_b_drum_snare_b"] },
        { "time": 20.80, "notes": ["heartoflight_mid10_face_b_drum_kick_b", "heartoflight_mid11_face_b_drum_hihat_b"] },
        { "time": 21.60, "notes": ["heartoflight_mid12_face_b_drum_snare_b"] },
        { "time": 22.40, "notes": ["heartoflight_mid06_face_b_lead_lead4_b", "heartoflight_mid10_face_b_drum_kick_b", "heartoflight_mid11_face_b_drum_hihat_b"] },
        { "time": 23.20, "notes": ["heartoflight_mid12_face_b_drum_snare_b"] },
        { "time": 24.00, "notes": ["heartoflight_mid10_face_b_drum_kick_b", "heartoflight_mid11_face_b_drum_hihat_b"] },
        { "time": 24.80, "notes": ["heartoflight_mid12_face_b_drum_snare_b"] }
      ]
    },
    {
      "events": [
        { "time": 0.00, "notes": ["heartoflight_mid04_face_b_bass_bass1_b"] },
        { "time": 3.20, "notes": ["heartoflight_mid05_face_b_bass_bass2_b"] },
        { "time": 6.40, "notes": ["heartoflight_mid07_face_b_bass_bass3_b"] },
        { "time": 9.60, "notes": ["heartoflight_mid08_face_b_bass_bass4_b"] },
        { "time": 12.80, "notes": ["heartoflight_mid01_face_b_lead_lead1_b", "heartoflight_mid04_face_b_bass_bass1_b"] },
        { "time": 16.00, "notes": ["heartoflight_mid02_face_b_lead_lead2_b", "heartoflight_mid05_face_b_bass_bass2_b"] },
        { "time": 19.20, "notes": ["heartoflight_mid03_face_b_lead_lead3_b", "heartoflight_mid07_face_b_bass_bass3_b"] },
        { "time": 22.40, "notes": ["heartoflight_mid06_face_b_lead_lead4_b", "heartoflight_mid08_face_b_bass_bass4_b"] }
      ]
    },
    {
      "events": [
        { "time": 0.00, "notes": ["heartoflight_mid04_face_b_bass_bass1_b", "heartoflight_mid10_face_b_drum_kick_b", "heartoflight_mid11_face_b_drum_hihat_b"] },
        { "time": 0.80, "notes": ["heartoflight_mid12_face_b_drum_snare_b"] },
        { "time": 1.60, "notes": ["heartoflight_mid10_face_b_drum_kick_b", "heartoflight_mid11_face_b_drum_hihat_b"] },
        { "time": 2.40, "notes": ["heartoflight_mid12_face_b_drum_snare_b"] },
        { "time": 3.20, "notes": ["heartoflight_mid05_face_b_bass_bass2_b", "heartoflight_mid10_face_b_drum_kick_b", "heartoflight_mid11_face_b_drum_hihat_b"] },
        { "time": 4.00, "notes": ["heartoflight_mid12_face_b_drum_snare_b"] },
        { "time": 4.80, "notes": ["heartoflight_mid10_face_b_drum_kick_b", "heartoflight_mid11_face_b_drum_hihat_b"] },
        { "time": 5.60, "notes": ["heartoflight_mid12_face_b_drum_snare_b"] },
        { "time": 6.40, "notes": ["heartoflight_mid07_face_b_bass_bass3_b", "heartoflight_mid10_face_b_drum_kick_b", "heartoflight_mid11_face_b_drum_hihat_b"] },
        { "time": 7.20, "notes": ["heartoflight_mid12_face_b_drum_snare_b"] },
        { "time": 8.00, "notes": ["heartoflight_mid10_face_b_drum_kick_b", "heartoflight_mid11_face_b_drum_hihat_b"] },
        { "time": 8.80, "notes": ["heartoflight_mid12_face_b_drum_snare_b"] },
        { "time": 9.60, "notes": ["heartoflight_mid08_face_b_bass_bass4_b", "heartoflight_mid10_face_b_drum_kick_b", "heartoflight_mid11_face_b_drum_hihat_b"] },
        { "time": 10.40, "notes": ["heartoflight_mid12_face_b_drum_snare_b"] },
        { "time": 11.20, "notes": ["heartoflight_mid10_face_b_drum_kick_b", "heartoflight_mid11_face_b_drum_hihat_b"] },
        { "time": 12.00, "notes": ["heartoflight_mid12_face_b_drum_snare_b"] },
        { "time": 12.80, "notes": ["heartoflight_mid01_face_b_lead_lead1_b", "heartoflight_mid04_face_b_bass_bass1_b", "heartoflight_mid10_face_b_drum_kick_b", "heartoflight_mid11_face_b_drum_hihat_b"] },
        { "time": 13.60, "notes": ["heartoflight_mid12_face_b_drum_snare_b"] },
        { "time": 14.40, "notes": ["heartoflight_mid10_face_b_drum_kick_b", "heartoflight_mid11_face_b_drum_hihat_b"] },
        { "time": 15.20, "notes": ["heartoflight_mid12_face_b_drum_snare_b"] },
        { "time": 16.00, "notes": ["heartoflight_mid02_face_b_lead_lead2_b", "heartoflight_mid05_face_b_bass_bass2_b", "heartoflight_mid10_face_b_drum_kick_b", "heartoflight_mid11_face_b_drum_hihat_b"] },
        { "time": 16.80, "notes": ["heartoflight_mid12_face_b_drum_snare_b"] },
        { "time": 17.60, "notes": ["heartoflight_mid10_face_b_drum_kick_b", "heartoflight_mid11_face_b_drum_hihat_b"] },
        { "time": 18.40, "notes": ["heartoflight_mid12_face_b_drum_snare_b"] },
        { "time": 19.20, "notes": ["heartoflight_mid03_face_b_lead_lead3_b", "heartoflight_mid07_face_b_bass_bass3_b", "heartoflight_mid10_face_b_drum_kick_b", "heartoflight_mid11_face_b_drum_hihat_b"] },
        { "time": 20.00, "notes": ["heartoflight_mid12_face_b_drum_snare_b"] },
        { "time": 20.80, "notes": ["heartoflight_mid10_face_b_drum_kick_b", "heartoflight_mid11_face_b_drum_hihat_b"] },
        { "time": 21.60, "notes": ["heartoflight_mid12_face_b_drum_snare_b"] },
        { "time": 22.40, "notes": ["heartoflight_mid06_face_b_lead_lead4_b", "heartoflight_mid08_face_b_bass_bass4_b", "heartoflight_mid10_face_b_drum_kick_b", "heartoflight_mid11_face_b_drum_hihat_b"] },
        { "time": 23.20, "notes": ["heartoflight_mid12_face_b_drum_snare_b"] },
        { "time": 24.00, "notes": ["heartoflight_mid09_face_b_fx_fx_b", "heartoflight_mid10_face_b_drum_kick_b", "heartoflight_mid11_face_b_drum_hihat_b"] },
        { "time": 24.80, "notes": ["heartoflight_mid12_face_b_drum_snare_b"] }
      ]
    }
]
