[
  {
    "events": [
      { "time": 0.00, "notes": ["sunny_mid01_face_a_lead_lead1_a"] },
      { "time": 0.63, "notes": ["sunny_mid09_face_a_drum_snap_a"] },
      { "time": 1.89, "notes": ["sunny_mid09_face_a_drum_snap_a"] },
      { "time": 2.52, "notes": ["sunny_mid02_face_a_lead_lead2_a"] },
      { "time": 3.15, "notes": ["sunny_mid09_face_a_drum_snap_a"] },
      { "time": 4.42, "notes": ["sunny_mid09_face_a_drum_snap_a"] },
      { "time": 5.05, "notes": ["sunny_mid03_face_a_lead_lead3_a"] },
      { "time": 5.68, "notes": ["sunny_mid09_face_a_drum_snap_a"] },
      { "time": 6.94, "notes": ["sunny_mid09_face_a_drum_snap_a"] },
      { "time": 7.57, "notes": ["sunny_mid06_face_a_lead_lead4_a"] },
      { "time": 8.21, "notes": ["sunny_mid09_face_a_drum_snap_a"] },
      { "time": 10.10, "notes": ["sunny_mid01_face_a_lead_lead1_a", "sunny_mid04_face_a_bass_bass1_a", "sunny_mid10_face_a_drum_kick_a"] },
      { "time": 10.73, "notes": ["sunny_mid12_face_a_drum_snare_a"] },
      { "time": 11.21, "notes": ["sunny_mid12_face_a_drum_snare_a"] },
      { "time": 11.52, "notes": ["sunny_mid12_face_a_drum_snare_a"] },
      { "time": 11.68, "notes": ["sunny_mid10_face_a_drum_kick_a"] },
      { "time": 12.00, "notes": ["sunny_mid12_face_a_drum_snare_a"] },
      { "time": 12.63, "notes": ["sunny_mid02_face_a_lead_lead2_a", "sunny_mid05_face_a_bass_bass2_a", "sunny_mid10_face_a_drum_kick_a"] },
      { "time": 13.26, "notes": ["sunny_mid12_face_a_drum_snare_a"] },
      { "time": 13.57, "notes": ["sunny_mid10_face_a_drum_kick_a"] },
      { "time": 13.73, "notes": ["sunny_mid12_face_a_drum_snare_a"] },
      { "time": 14.05, "notes": ["sunny_mid12_face_a_drum_snare_a"] },
      { "time": 14.21, "notes": ["sunny_mid10_face_a_drum_kick_a"] },
      { "time": 14.52, "notes": ["sunny_mid12_face_a_drum_snare_a"] },
      { "time": 15.15, "notes": ["sunny_mid03_face_a_lead_lead3_a", "sunny_mid07_face_a_bass_bass3_a", "sunny_mid10_face_a_drum_kick_a"] },
      { "time": 15.78, "notes": ["sunny_mid12_face_a_drum_snare_a"] },
      { "time": 16.26, "notes": ["sunny_mid12_face_a_drum_snare_a"] },
      { "time": 16.57, "notes": ["sunny_mid12_face_a_drum_snare_a"] },
      { "time": 16.73, "notes": ["sunny_mid10_face_a_drum_kick_a"] },
      { "time": 17.05, "notes": ["sunny_mid12_face_a_drum_snare_a"] },
      { "time": 17.68, "notes": ["sunny_mid06_face_a_lead_lead4_a", "sunny_mid08_face_a_bass_bass4_a", "sunny_mid10_face_a_drum_kick_a"] },
      { "time": 18.31, "notes": ["sunny_mid12_face_a_drum_snare_a"] },
      { "time": 18.63, "notes": ["sunny_mid10_face_a_drum_kick_a"] },
      { "time": 18.78, "notes": ["sunny_mid12_face_a_drum_snare_a"] },
      { "time": 19.10, "notes": ["sunny_mid12_face_a_drum_snare_a"] },
      { "time": 19.26, "notes": ["sunny_mid10_face_a_drum_kick_a"] },
      { "time": 19.57, "notes": ["sunny_mid12_face_a_drum_snare_a"] },
      { "time": 20.21, "notes": ["sunny_mid01_face_a_lead_lead1_a", "sunny_mid04_face_a_bass_bass1_a", "sunny_mid10_face_a_drum_kick_a", "sunny_mid11_face_a_drum_hihat_a"] },
      { "time": 20.84, "notes": ["sunny_mid12_face_a_drum_snare_a"] },
      { "time": 21.31, "notes": ["sunny_mid12_face_a_drum_snare_a"] },
      { "time": 21.63, "notes": ["sunny_mid12_face_a_drum_snare_a"] },
      { "time": 21.78, "notes": ["sunny_mid10_face_a_drum_kick_a", "sunny_mid11_face_a_drum_hihat_a"] },
      { "time": 22.10, "notes": ["sunny_mid12_face_a_drum_snare_a"] },
      { "time": 22.73, "notes": ["sunny_mid02_face_a_lead_lead2_a", "sunny_mid05_face_a_bass_bass2_a", "sunny_mid10_face_a_drum_kick_a", "sunny_mid11_face_a_drum_hihat_a"] },
      { "time": 23.36, "notes": ["sunny_mid12_face_a_drum_snare_a"] },
      { "time": 23.68, "notes": ["sunny_mid10_face_a_drum_kick_a"] },
      { "time": 23.84, "notes": ["sunny_mid12_face_a_drum_snare_a"] },
      { "time": 24.15, "notes": ["sunny_mid12_face_a_drum_snare_a"] },
      { "time": 24.31, "notes": ["sunny_mid10_face_a_drum_kick_a"] },
      { "time": 24.63, "notes": ["sunny_mid12_face_a_drum_snare_a"] },
      { "time": 25.26, "notes": ["sunny_mid03_face_a_lead_lead3_a", "sunny_mid07_face_a_bass_bass3_a", "sunny_mid10_face_a_drum_kick_a", "sunny_mid11_face_a_drum_hihat_a"] },
      { "time": 25.89, "notes": ["sunny_mid12_face_a_drum_snare_a"] },
      { "time": 26.36, "notes": ["sunny_mid12_face_a_drum_snare_a"] },
      { "time": 26.68, "notes": ["sunny_mid12_face_a_drum_snare_a"] },
      { "time": 26.84, "notes": ["sunny_mid10_face_a_drum_kick_a"] },
      { "time": 27.15, "notes": ["sunny_mid12_face_a_drum_snare_a"] },
      { "time": 27.78, "notes": ["sunny_mid06_face_a_lead_lead4_a", "sunny_mid08_face_a_bass_bass4_a", "sunny_mid10_face_a_drum_kick_a", "sunny_mid11_face_a_drum_hihat_a"] },
      { "time": 28.42, "notes": ["sunny_mid12_face_a_drum_snare_a"] },
      { "time": 28.73, "notes": ["sunny_mid10_face_a_drum_kick_a"] },
      { "time": 28.89, "notes": ["sunny_mid12_face_a_drum_snare_a"] },
      { "time": 29.21, "notes": ["sunny_mid12_face_a_drum_snare_a"] },
      { "time": 29.36, "notes": ["sunny_mid10_face_a_drum_kick_a"] },
      { "time": 29.68, "notes": ["sunny_mid12_face_a_drum_snare_a"] }
    ]
  }
]