[{
  "events": [
    { "time": 0.0, "notes": ["Sunny_mid01_face_a_drum_a"] },
    { "time": 2.9, "notes": ["Sunny_mid05_face_a_drum_a"] },
    { "time": 5.8, "notes": ["Sunny_mid03_face_a_lead_a"] },
    { "time": 8.8, "notes": ["Sunny_mid12_face_a_drum_a"] },
    { "time": 11.7, "notes": ["Sunny_mid08_face_a_lead_a"] },
    { "time": 14.6, "notes": ["Sunny_mid10_face_a_drum_a"] },
    { "time": 17.5, "notes": ["Sunny_mid04_face_a_lead_a"] },
    { "time": 20.5, "notes": ["Sunny_mid09_face_a_lead_a"] },
    { "time": 23.4, "notes": ["Sunny_mid11_face_a_lead_a"] },
    { "time": 26.3, "notes": ["Sunny_mid02_face_a_lead_a"] },
    { "time": 29.2, "notes": ["Sunny_mid06_face_a_drum_a"] },
    { "time": 32.2, "notes": ["Sunny_mid07_face_a_drum_a"] }
  ]
}
]