[
    {
         "events": [
           { "time": 0.0, "notes": ["hope_mid10_face_b_drum_kick_b"] },
           { "time": 0.46, "notes": ["hope_mid10_face_b_drum_kick_b"] },
           { "time": 0.93, "notes": ["hope_mid10_face_b_drum_kick_b"] },
           { "time": 1.4, "notes": ["hope_mid10_face_b_drum_kick_b"] },
           { "time": 2.34, "notes": ["hope_mid10_face_b_drum_kick_b"] },
           { "time": 2.81, "notes": ["hope_mid10_face_b_drum_kick_b"] },
           { "time": 3.28, "notes": ["hope_mid10_face_b_drum_kick_b"] },
           { "time": 4.21, "notes": ["hope_mid10_face_b_drum_kick_b"] },
           { "time": 4.68, "notes": ["hope_mid10_face_b_drum_kick_b"] },
           { "time": 5.15, "notes": ["hope_mid10_face_b_drum_kick_b"] },
           { "time": 6.09, "notes": ["hope_mid10_face_b_drum_kick_b"] },
           { "time": 6.56, "notes": ["hope_mid10_face_b_drum_kick_b"] },
           { "time": 7.03, "notes": ["hope_mid10_face_b_drum_kick_b"] },
           { "time": 7.96, "notes": ["hope_mid10_face_b_drum_kick_b"] },
           { "time": 8.43, "notes": ["hope_mid10_face_b_drum_kick_b"] },
           { "time": 8.9, "notes": ["hope_mid10_face_b_drum_kick_b"] },
           { "time": 9.37, "notes": ["hope_mid10_face_b_drum_kick_b"] },
           { "time": 9.84, "notes": ["hope_mid10_face_b_drum_kick_b"] },
           { "time": 10.31, "notes": ["hope_mid10_face_b_drum_kick_b"] },
           { "time": 10.78, "notes": ["hope_mid10_face_b_drum_kick_b"] }
         ]
       },
       {
         "events": [
           { "time": 0.93, "notes": ["hope_mid01_face_b_lead_lead1_b"] },
           { "time": 1.87, "notes": ["hope_mid02_face_b_lead_lead2_b"] },
           { "time": 3.75, "notes": ["hope_mid03_face_b_lead_lead3_b"] },
           { "time": 5.62, "notes": ["hope_mid06_face_b_lead_lead6_b"] }
         ]
       },
       {
         "events": [
           { "time": 1.87, "notes": ["hope_mid05_face_b_bass_bass2_b"] },
           { "time": 3.75, "notes": ["hope_mid07_face_b_bass_bass3_b"] },
           { "time": 5.62, "notes": ["hope_mid04_face_b_bass_bass1_b"] },
           { "time": 5.62, "notes": ["hope_mid08_face_b_bass_bass2_b"] }
         ]
       },
       {
         "events": [
           { "time": 0.0, "notes": ["hope_mid10_face_b_drum_kick_b", "hope_mid05_face_b_bass_bass2_b"] },
           { "time": 0.46, "notes": ["hope_mid10_face_b_drum_kick_b"] },
           { "time": 0.93, "notes": ["hope_mid10_face_b_drum_kick_b", "hope_mid05_face_b_bass_bass2_b"] },
           { "time": 1.4, "notes": ["hope_mid10_face_b_drum_kick_b"] },
           { "time": 1.87, "notes": ["hope_mid10_face_b_drum_kick_b", "hope_mid05_face_b_bass_bass2_b"] },
           { "time": 2.34, "notes": ["hope_mid10_face_b_drum_kick_b"] },
           { "time": 2.81, "notes": ["hope_mid10_face_b_drum_kick_b"] },
           { "time": 3.28, "notes": ["hope_mid10_face_b_drum_kick_b"] },
           { "time": 3.75, "notes": ["hope_mid10_face_b_drum_kick_b", "hope_mid07_face_b_bass_bass3_b"] },
           { "time": 4.21, "notes": ["hope_mid10_face_b_drum_kick_b"] },
           { "time": 4.68, "notes": ["hope_mid10_face_b_drum_kick_b"] },
           { "time": 5.15, "notes": ["hope_mid10_face_b_drum_kick_b"] },
           { "time": 5.62, "notes": ["hope_mid10_face_b_drum_kick_b", "hope_mid04_face_b_bass_bass1_b"] },
           { "time": 6.09, "notes": ["hope_mid10_face_b_drum_kick_b"] },
           { "time": 6.56, "notes": ["hope_mid10_face_b_drum_kick_b"] },
           { "time": 7.03, "notes": ["hope_mid10_face_b_drum_kick_b"] },
           { "time": 7.96, "notes": ["hope_mid10_face_b_drum_kick_b"] },
           { "time": 8.43, "notes": ["hope_mid10_face_b_drum_kick_b"] },
           { "time": 8.9, "notes": ["hope_mid10_face_b_drum_kick_b"] },
           { "time": 9.37, "notes": ["hope_mid10_face_b_drum_kick_b"] },
           { "time": 9.84, "notes": ["hope_mid10_face_b_drum_kick_b"] },
           { "time": 10.31, "notes": ["hope_mid10_face_b_drum_kick_b"] },
           { "time": 10.78, "notes": ["hope_mid10_face_b_drum_kick_b"] }
         ]
       },
       {
         "events": [
           { "time": 0.0, "notes": ["hope_mid10_face_b_drum_kick_b", "hope_mid01_face_b_lead_lead1_b"] },
           { "time": 0.46, "notes": ["hope_mid10_face_b_drum_kick_b"] },
           { "time": 0.93, "notes": ["hope_mid10_face_b_drum_kick_b", "hope_mid01_face_b_lead_lead1_b"] },
           { "time": 1.4, "notes": ["hope_mid10_face_b_drum_kick_b"] },
           { "time": 1.87, "notes": ["hope_mid10_face_b_drum_kick_b", "hope_mid02_face_b_lead_lead2_b"] },
           { "time": 2.34, "notes": ["hope_mid10_face_b_drum_kick_b"] },
           { "time": 2.81, "notes": ["hope_mid10_face_b_drum_kick_b"] },
           { "time": 3.28, "notes": ["hope_mid10_face_b_drum_kick_b"] },
           { "time": 3.75, "notes": ["hope_mid10_face_b_drum_kick_b", "hope_mid03_face_b_lead_lead3_b"] },
           { "time": 4.21, "notes": ["hope_mid10_face_b_drum_kick_b"] },
           { "time": 4.68, "notes": ["hope_mid10_face_b_drum_kick_b"] },
           { "time": 5.15, "notes": ["hope_mid10_face_b_drum_kick_b"] },
           { "time": 5.62, "notes": ["hope_mid10_face_b_drum_kick_b", "hope_mid06_face_b_lead_lead6_b"] },
           { "time": 6.09, "notes": ["hope_mid10_face_b_drum_kick_b"] },
           { "time": 6.56, "notes": ["hope_mid10_face_b_drum_kick_b"] },
           { "time": 7.03, "notes": ["hope_mid10_face_b_drum_kick_b"] },
           { "time": 7.96, "notes": ["hope_mid10_face_b_drum_kick_b"] },
           { "time": 8.43, "notes": ["hope_mid10_face_b_drum_kick_b"] },
           { "time": 8.9, "notes": ["hope_mid10_face_b_drum_kick_b"] },
           { "time": 9.37, "notes": ["hope_mid10_face_b_drum_kick_b"] },
           { "time": 9.84, "notes": ["hope_mid10_face_b_drum_kick_b"] },
           { "time": 10.31, "notes": ["hope_mid10_face_b_drum_kick_b"] },
           { "time": 10.78, "notes": ["hope_mid10_face_b_drum_kick_b"] }
         ]
       },
       {
         "events": [
           { "time": 0.0, "notes": ["hope_mid10_face_b_drum_kick_b", "hope_mid01_face_b_lead_lead1_b", "hope_mid05_face_b_bass_bass2_b"] },
           { "time": 0.46, "notes": ["hope_mid10_face_b_drum_kick_b", "hope_mid11_face_b_drum_snare_b"] },
           { "time": 0.93, "notes": ["hope_mid10_face_b_drum_kick_b", "hope_mid11_face_b_drum_clap_b"] },
           { "time": 1.4, "notes": ["hope_mid10_face_b_drum_kick_b", "hope_mid11_face_b_drum_clap_b"] },
           { "time": 1.87, "notes": ["hope_mid10_face_b_drum_kick_b", "hope_mid11_face_b_drum_clap_b", "hope_mid02_face_b_lead_lead2_b", "hope_mid05_face_b_bass_bass2_b"] },
           { "time": 2.34, "notes": ["hope_mid10_face_b_drum_kick_b", "hope_mid11_face_b_drum_clap_b"] },
           { "time": 2.81, "notes": ["hope_mid10_face_b_drum_kick_b", "hope_mid11_face_b_drum_clap_b"] },
           { "time": 3.28, "notes": ["hope_mid10_face_b_drum_kick_b", "hope_mid11_face_b_drum_clap_b"] },
           { "time": 3.75, "notes": ["hope_mid10_face_b_drum_kick_b", "hope_mid11_face_b_drum_clap_b", "hope_mid03_face_b_lead_lead3_b", "hope_mid07_face_b_bass_bass3_b"] },
           { "time": 4.21, "notes": ["hope_mid10_face_b_drum_kick_b", "hope_mid11_face_b_drum_clap_b"] },
           { "time": 4.68, "notes": ["hope_mid10_face_b_drum_kick_b", "hope_mid11_face_b_drum_clap_b"] },
           { "time": 5.15, "notes": ["hope_mid10_face_b_drum_kick_b", "hope_mid11_face_b_drum_clap_b"] },
           { "time": 5.62, "notes": ["hope_mid10_face_b_drum_kick_b", "hope_mid11_face_b_drum_clap_b", "hope_mid04_face_b_bass_bass1_b", "hope_mid08_face_b_bass_bass2_b"] },
           { "time": 6.09, "notes": ["hope_mid10_face_b_drum_kick_b", "hope_mid11_face_b_drum_clap_b"] },
           { "time": 6.56, "notes": ["hope_mid10_face_b_drum_kick_b", "hope_mid11_face_b_drum_clap_b"] },
           { "time": 7.03, "notes": ["hope_mid10_face_b_drum_kick_b", "hope_mid11_face_b_drum_clap_b"] },
           { "time": 7.5, "notes": ["hope_mid10_face_b_drum_kick_b", "hope_mid11_face_b_drum_clap_b", "hope_mid06_face_b_lead_lead6_b", "hope_mid04_face_b_bass_bass1_b"] }
         ]
       }
]
