[
    {
        "events": [
            { "time": 0.0, "notes": ["Invincible_mid03_face_a_drum_a"] },
            { "time": 2.4, "notes": ["Invincible_mid02_face_a_lead_a"] },
            { "time": 4.8, "notes": ["Invincible_mid09_face_a_lead_a"] },
            { "time": 7.2, "notes": ["Invincible_mid01_face_a_drum_a"] },
            { "time": 9.6, "notes": ["Invincible_mid10_face_a_drum_a"] },
            { "time": 12.0, "notes": ["Invincible_mid04_face_a_lead_a"] },
            { "time": 14.4, "notes": ["Invincible_mid05_face_a_drum_a"] },
            { "time": 16.8, "notes": ["Invincible_mid11_face_a_drum_a"] },
            { "time": 19.2, "notes": ["Invincible_mid07_face_a_drum_a"] },
            { "time": 21.6, "notes": ["Invincible_mid12_face_a_lead_a"] }
        ]
    }
]
