[
    {
        "events": [
            { "time": 0.0, "notes": ["Warriors_mid09_face_a_lead_a"] },
            { "time": 2.2, "notes": ["Warriors_mid06_face_a_lead_a"] },
            { "time": 4.4, "notes": ["Warriors_mid03_face_a_drum_a"] },
            { "time": 6.5, "notes": ["Warriors_mid04_face_a_lead_a"] },
            { "time": 8.7, "notes": ["Warriors_mid11_face_a_drum_a"] },
            { "time": 10.9, "notes": ["Warriors_mid05_face_a_drum_a"] },
            { "time": 13.1, "notes": ["Warriors_mid10_face_a_drum_a"] },
            { "time": 15.3, "notes": ["Warriors_mid12_face_a_lead_a"] },
            { "time": 17.5, "notes": ["Warriors_mid01_face_a_drum_a"] },
            { "time": 19.6, "notes": ["Warriors_mid07_face_a_lead_a"] },
            { "time": 21.8, "notes": ["Warriors_mid02_face_a_lead_a"] }
        ]
    }
]
