[
  {
    "events": [
      { "time": 0.0, "notes": ["Mortals_mid03_face_a_drum_a"] },
      { "time": 5.1, "notes": ["Mortals_mid02_face_a_lead_a"] },
      { "time": 10.1, "notes": ["Mortals_mid01_face_a_drum_a"] },
      { "time": 15.2, "notes": ["Mortals_mid04_face_a_drum_a"] },
      { "time": 20.3, "notes": ["Mortals_mid09_face_a_lead_a"] },
      { "time": 25.3, "notes": ["Mortals_mid12_face_a_drum_a"] },
      { "time": 30.4, "notes": ["Mortals_mid07_face_a_drum_a"] },
      { "time": 35.4, "notes": ["Mortals_mid10_face_a_lead_a"] },
      { "time": 40.5, "notes": ["Mortals_mid06_face_a_drum_a"] },
      { "time": 45.6, "notes": ["Mortals_mid11_face_a_drum_a"] },
      { "time": 50.6, "notes": ["Mortals_mid05_face_a_drum_a"] },
      { "time": 55.7, "notes": ["Mortals_mid08_face_a_lead_a"] }
    ]
  }
]
