[
  { "events": [
          { "time": 10.66, "notes": ["mortals_mid10_face_a_drum_kick_a"] },
          { "time": 11.33, "notes": ["mortals_mid11_face_a_drum_snare_a"] },
          { "time": 12.33, "notes": ["mortals_mid10_face_a_drum_kick_a"] },
          { "time": 12.66, "notes": ["mortals_mid11_face_a_drum_snare_a"] },
          { "time": 13.33, "notes": ["mortals_mid10_face_a_drum_kick_a"] },
          { "time": 14.00, "notes": ["mortals_mid11_face_a_drum_snare_a"] },
          { "time": 15.00, "notes": ["mortals_mid10_face_a_drum_kick_a"] },
          { "time": 15.33, "notes": ["mortals_mid11_face_a_drum_snare_a"] },
          { "time": 16.66, "notes": ["mortals_mid11_face_a_drum_snare_a"] },
          { "time": 17.66, "notes": ["mortals_mid10_face_a_drum_kick_a"] },
          { "time": 18.16, "notes": ["mortals_mid10_face_a_drum_kick_a"] },
          { "time": 18.66, "notes": ["mortals_mid10_face_a_drum_kick_a"] },
          { "time": 19.33, "notes": ["mortals_mid11_face_a_drum_snare_a"] },
          { "time": 20.33, "notes": ["mortals_mid10_face_a_drum_kick_a"] },
          { "time": 20.66, "notes": ["mortals_mid11_face_a_drum_snare_a"] },
          { "time": 22.00, "notes": ["mortals_mid11_face_a_drum_snare_a"] },
          { "time": 23.00, "notes": ["mortals_mid10_face_a_drum_kick_a"] },
          { "time": 23.33, "notes": ["mortals_mid11_face_a_drum_snare_a"] },
          { "time": 23.50, "notes": ["mortals_mid10_face_a_drum_kick_a"] },
          { "time": 24.00, "notes": ["mortals_mid10_face_a_drum_kick_a"] },
          { "time": 24.66, "notes": ["mortals_mid11_face_a_drum_snare_a"] },
          { "time": 25.66, "notes": ["mortals_mid10_face_a_drum_kick_a"] },
          { "time": 26.00, "notes": ["mortals_mid11_face_a_drum_snare_a"] },
          { "time": 26.66, "notes": ["mortals_mid10_face_a_drum_kick_a"] },
          { "time": 27.33, "notes": ["mortals_mid11_face_a_drum_snare_a"] },
          { "time": 28.33, "notes": ["mortals_mid10_face_a_drum_kick_a"] },
          { "time": 28.83, "notes": ["mortals_mid10_face_a_drum_kick_a"] },
          { "time": 29.33, "notes": ["mortals_mid10_face_a_drum_kick_a"] },
          { "time": 30.00, "notes": ["mortals_mid11_face_a_drum_snare_a"] },
          { "time": 31.00, "notes": ["mortals_mid10_face_a_drum_kick_a"] },
          { "time": 31.33, "notes": ["mortals_mid11_face_a_drum_snare_a"] },
          { "time": 32.00, "notes": ["mortals_mid10_face_a_drum_kick_a"] },
          { "time": 32.66, "notes": ["mortals_mid11_face_a_drum_snare_a"] },
          { "time": 33.66, "notes": ["mortals_mid10_face_a_drum_kick_a"] },
          { "time": 34.00, "notes": ["mortals_mid11_face_a_drum_snare_a"] },
          { "time": 34.16, "notes": ["mortals_mid10_face_a_drum_kick_a"] },
          { "time": 34.66, "notes": ["mortals_mid10_face_a_drum_kick_a"] },
          { "time": 35.33, "notes": ["mortals_mid11_face_a_drum_snare_a"] },
          { "time": 36.33, "notes": ["mortals_mid10_face_a_drum_kick_a"] },
          { "time": 36.83, "notes": ["mortals_mid10_face_a_drum_kick_a"] },
          { "time": 37.33, "notes": ["mortals_mid10_face_a_drum_kick_a"] },
          { "time": 38.00, "notes": ["mortals_mid11_face_a_drum_snare_a"] },
          { "time": 39.00, "notes": ["mortals_mid10_face_a_drum_kick_a"] },
          { "time": 39.33, "notes": ["mortals_mid11_face_a_drum_snare_a"] },
          { "time": 39.50, "notes": ["mortals_mid10_face_a_drum_kick_a"] },
          { "time": 40.00, "notes": ["mortals_mid10_face_a_drum_kick_a"] },
          { "time": 40.66, "notes": ["mortals_mid11_face_a_drum_snare_a"] },
          { "time": 41.66, "notes": ["mortals_mid10_face_a_drum_kick_a"] },
          { "time": 42.16, "notes": ["mortals_mid10_face_a_drum_kick_a"] },
          { "time": 42.66, "notes": ["mortals_mid10_face_a_drum_kick_a"] },
          { "time": 43.33, "notes": ["mortals_mid11_face_a_drum_snare_a"] },
          { "time": 44.33, "notes": ["mortals_mid10_face_a_drum_kick_a"] },
          { "time": 44.66, "notes": ["mortals_mid11_face_a_drum_snare_a"] },
          { "time": 44.83, "notes": ["mortals_mid10_face_a_drum_kick_a"] },
          { "time": 45.33, "notes": ["mortals_mid10_face_a_drum_kick_a"] },
          { "time": 46.00, "notes": ["mortals_mid11_face_a_drum_snare_a"] },
          { "time": 47.00, "notes": ["mortals_mid10_face_a_drum_kick_a"] },
          { "time": 47.50, "notes": ["mortals_mid10_face_a_drum_kick_a"] },
          { "time": 48.00, "notes": ["mortals_mid10_face_a_drum_kick_a"] },
          { "time": 48.66, "notes": ["mortals_mid11_face_a_drum_snare_a"] },
          { "time": 49.66, "notes": ["mortals_mid10_face_a_drum_kick_a"] },
          { "time": 50.00, "notes": ["mortals_mid11_face_a_drum_snare_a"] },
          { "time": 50.16, "notes": ["mortals_mid10_face_a_drum_kick_a"] },
          { "time": 50.66, "notes": ["mortals_mid10_face_a_drum_kick_a"] },
          { "time": 51.33, "notes": ["mortals_mid11_face_a_drum_snare_a"] },
          { "time": 52.33, "notes": ["mortals_mid10_face_a_drum_kick_a"] },
          { "time": 52.83, "notes": ["mortals_mid10_face_a_drum_kick_a"] }
        ]
      },
      {
        "events": [
          { "time": 0.00, "notes": ["mortals_mid01_face_a_lead_lead1_a"] },
          { "time": 5.33, "notes": ["mortals_mid02_face_a_lead_lead2_a"] },
          { "time": 10.66, "notes": ["mortals_mid01_face_a_lead_lead1_a"] },
          { "time": 21.33, "notes": ["mortals_mid01_face_a_lead_lead1_a"] },
          { "time": 32.00, "notes": ["mortals_mid03_face_a_lead_lead3_a"] },
          { "time": 37.33, "notes": ["mortals_mid06_face_a_lead_lead4_a"] },
          { "time": 42.66, "notes": ["mortals_mid03_face_a_lead_lead3_a"] },
          { "time": 48.00, "notes": ["mortals_mid06_face_a_lead_lead4_a"] }
        ]
      },
      {
        "events": [
          { "time": 10.66, "notes": ["mortals_mid04_face_a_bass_bass1_a"] },
          { "time": 16.00, "notes": ["mortals_mid05_face_a_bass_bass2_a"] },
          { "time": 21.33, "notes": ["mortals_mid04_face_a_bass_bass1_a"] },
          { "time": 32.00, "notes": ["mortals_mid07_face_a_bass_bass3_a"] },
          { "time": 37.33, "notes": ["mortals_mid08_face_a_bass_bass4_a"] },
          { "time": 42.66, "notes": ["mortals_mid07_face_a_bass_bass3_a"] },
          { "time": 48.00, "notes": ["mortals_mid08_face_a_bass_bass4_a"] }
        ]
      },
      {
        "events": [
          { "time": 10.66, "notes": ["mortals_mid04_face_a_bass_bass1_a", "mortals_mid10_face_a_drum_kick_a"] },
          { "time": 11.33, "notes": ["mortals_mid11_face_a_drum_snare_a"] },
          { "time": 12.33, "notes": ["mortals_mid10_face_a_drum_kick_a"] },
          { "time": 12.66, "notes": ["mortals_mid11_face_a_drum_snare_a"] },
          { "time": 13.33, "notes": ["mortals_mid10_face_a_drum_kick_a"] },
          { "time": 14.00, "notes": ["mortals_mid11_face_a_drum_snare_a"] },
          { "time": 15.00, "notes": ["mortals_mid10_face_a_drum_kick_a"] },
          { "time": 15.33, "notes": ["mortals_mid11_face_a_drum_snare_a"] },
          { "time": 16.00, "notes": ["mortals_mid05_face_a_bass_bass2_a"] },
          { "time": 16.66, "notes": ["mortals_mid11_face_a_drum_snare_a"] },
          { "time": 17.66, "notes": ["mortals_mid10_face_a_drum_kick_a"] },
          { "time": 18.16, "notes": ["mortals_mid10_face_a_drum_kick_a"] },
          { "time": 18.66, "notes": ["mortals_mid10_face_a_drum_kick_a"] },
          { "time": 19.33, "notes": ["mortals_mid11_face_a_drum_snare_a"] },
          { "time": 20.33, "notes": ["mortals_mid10_face_a_drum_kick_a"] },
          { "time": 20.66, "notes": ["mortals_mid11_face_a_drum_snare_a"] },
          { "time": 21.33, "notes": ["mortals_mid04_face_a_bass_bass1_a"] },
          { "time": 22.00, "notes": ["mortals_mid11_face_a_drum_snare_a"] },
          { "time": 23.00, "notes": ["mortals_mid10_face_a_drum_kick_a"] },
          { "time": 23.33, "notes": ["mortals_mid11_face_a_drum_snare_a"] },
          { "time": 23.50, "notes": ["mortals_mid10_face_a_drum_kick_a"] },
          { "time": 24.00, "notes": ["mortals_mid10_face_a_drum_kick_a"] },
          { "time": 24.66, "notes": ["mortals_mid11_face_a_drum_snare_a"] },
          { "time": 25.66, "notes": ["mortals_mid10_face_a_drum_kick_a"] },
          { "time": 26.00, "notes": ["mortals_mid11_face_a_drum_snare_a"] },
          { "time": 26.66, "notes": ["mortals_mid10_face_a_drum_kick_a"] },
          { "time": 27.33, "notes": ["mortals_mid11_face_a_drum_snare_a"] },
          { "time": 28.33, "notes": ["mortals_mid10_face_a_drum_kick_a"] },
          { "time": 28.83, "notes": ["mortals_mid10_face_a_drum_kick_a"] },
          { "time": 29.33, "notes": ["mortals_mid10_face_a_drum_kick_a"] },
          { "time": 30.00, "notes": ["mortals_mid11_face_a_drum_snare_a"] },
          { "time": 31.00, "notes": ["mortals_mid10_face_a_drum_kick_a"] },
          { "time": 31.33, "notes": ["mortals_mid11_face_a_drum_snare_a"] },
          { "time": 32.00, "notes": ["mortals_mid07_face_a_bass_bass3_a", "mortals_mid10_face_a_drum_kick_a"] },
          { "time": 32.66, "notes": ["mortals_mid11_face_a_drum_snare_a"] },
          { "time": 33.66, "notes": ["mortals_mid10_face_a_drum_kick_a"] },
          { "time": 34.00, "notes": ["mortals_mid11_face_a_drum_snare_a"] },
          { "time": 34.16, "notes": ["mortals_mid10_face_a_drum_kick_a"] },
          { "time": 34.66, "notes": ["mortals_mid10_face_a_drum_kick_a"] },
          { "time": 35.33, "notes": ["mortals_mid11_face_a_drum_snare_a"] },
          { "time": 36.33, "notes": ["mortals_mid10_face_a_drum_kick_a"] },
          { "time": 36.83, "notes": ["mortals_mid10_face_a_drum_kick_a"] },
          { "time": 37.33, "notes": ["mortals_mid08_face_a_bass_bass4_a", "mortals_mid10_face_a_drum_kick_a"] },
          { "time": 38.00, "notes": ["mortals_mid11_face_a_drum_snare_a"] },
          { "time": 39.00, "notes": ["mortals_mid10_face_a_drum_kick_a"] },
          { "time": 39.33, "notes": ["mortals_mid11_face_a_drum_snare_a"] },
          { "time": 39.50, "notes": ["mortals_mid10_face_a_drum_kick_a"] },
          { "time": 40.00, "notes": ["mortals_mid10_face_a_drum_kick_a"] },
          { "time": 40.66, "notes": ["mortals_mid11_face_a_drum_snare_a"] },
          { "time": 41.66, "notes": ["mortals_mid10_face_a_drum_kick_a"] },
          { "time": 42.16, "notes": ["mortals_mid10_face_a_drum_kick_a"] },
          { "time": 42.66, "notes": ["mortals_mid07_face_a_bass_bass3_a", "mortals_mid10_face_a_drum_kick_a"] },
          { "time": 43.33, "notes": ["mortals_mid11_face_a_drum_snare_a"] },
          { "time": 44.33, "notes": ["mortals_mid10_face_a_drum_kick_a"] },
          { "time": 44.66, "notes": ["mortals_mid11_face_a_drum_snare_a"] },
          { "time": 44.83, "notes": ["mortals_mid10_face_a_drum_kick_a"] },
          { "time": 45.33, "notes": ["mortals_mid10_face_a_drum_kick_a"] },
          { "time": 46.00, "notes": ["mortals_mid11_face_a_drum_snare_a"] },
          { "time": 47.00, "notes": ["mortals_mid10_face_a_drum_kick_a"] },
          { "time": 47.50, "notes": ["mortals_mid10_face_a_drum_kick_a"] },
          { "time": 48.00, "notes": ["mortals_mid08_face_a_bass_bass4_a", "mortals_mid10_face_a_drum_kick_a"] },
          { "time": 48.66, "notes": ["mortals_mid11_face_a_drum_snare_a"] },
          { "time": 49.66, "notes": ["mortals_mid10_face_a_drum_kick_a"] },
          { "time": 50.00, "notes": ["mortals_mid11_face_a_drum_snare_a"] },
          { "time": 50.16, "notes": ["mortals_mid10_face_a_drum_kick_a"] },
          { "time": 50.66, "notes": ["mortals_mid10_face_a_drum_kick_a"] },
          { "time": 51.33, "notes": ["mortals_mid11_face_a_drum_snare_a"] },
          { "time": 52.33, "notes": ["mortals_mid10_face_a_drum_kick_a"] },
          { "time": 52.83, "notes": ["mortals_mid10_face_a_drum_kick_a"] }
        ]
      },
      {
        "events": [
          { "time": 0.00, "notes": ["mortals_mid01_face_a_lead_lead1_a"] },
          { "time": 5.33, "notes": ["mortals_mid02_face_a_lead_lead2_a"] },
          { "time": 10.66, "notes": ["mortals_mid01_face_a_lead_lead1_a", "mortals_mid10_face_a_drum_kick_a"] },
          { "time": 11.33, "notes": ["mortals_mid11_face_a_drum_snare_a"] },
          { "time": 12.33, "notes": ["mortals_mid10_face_a_drum_kick_a"] },
          { "time": 12.66, "notes": ["mortals_mid11_face_a_drum_snare_a"] },
          { "time": 13.33, "notes": ["mortals_mid10_face_a_drum_kick_a"] },
          { "time": 14.00, "notes": ["mortals_mid11_face_a_drum_snare_a"] },
          { "time": 15.00, "notes": ["mortals_mid10_face_a_drum_kick_a"] },
          { "time": 15.33, "notes": ["mortals_mid11_face_a_drum_snare_a"] },
          { "time": 16.66, "notes": ["mortals_mid11_face_a_drum_snare_a"] },
          { "time": 17.66, "notes": ["mortals_mid10_face_a_drum_kick_a"] },
          { "time": 18.16, "notes": ["mortals_mid10_face_a_drum_kick_a"] },
          { "time": 18.66, "notes": ["mortals_mid10_face_a_drum_kick_a"] },
          { "time": 19.33, "notes": ["mortals_mid11_face_a_drum_snare_a"] },
          { "time": 20.33, "notes": ["mortals_mid10_face_a_drum_kick_a"] },
          { "time": 20.66, "notes": ["mortals_mid11_face_a_drum_snare_a"] },
          { "time": 21.33, "notes": ["mortals_mid01_face_a_lead_lead1_a"] },
          { "time": 22.00, "notes": ["mortals_mid11_face_a_drum_snare_a"] },
          { "time": 23.00, "notes": ["mortals_mid10_face_a_drum_kick_a"] },
          { "time": 23.33, "notes": ["mortals_mid11_face_a_drum_snare_a"] },
          { "time": 23.50, "notes": ["mortals_mid10_face_a_drum_kick_a"] },
          { "time": 24.00, "notes": ["mortals_mid10_face_a_drum_kick_a"] },
          { "time": 24.66, "notes": ["mortals_mid11_face_a_drum_snare_a"] },
          { "time": 25.66, "notes": ["mortals_mid10_face_a_drum_kick_a"] },
          { "time": 26.00, "notes": ["mortals_mid11_face_a_drum_snare_a"] },
          { "time": 26.66, "notes": ["mortals_mid10_face_a_drum_kick_a"] },
          { "time": 27.33, "notes": ["mortals_mid11_face_a_drum_snare_a"] },
          { "time": 28.33, "notes": ["mortals_mid10_face_a_drum_kick_a"] },
          { "time": 28.83, "notes": ["mortals_mid10_face_a_drum_kick_a"] },
          { "time": 29.33, "notes": ["mortals_mid10_face_a_drum_kick_a"] },
          { "time": 30.00, "notes": ["mortals_mid11_face_a_drum_snare_a"] },
          { "time": 31.00, "notes": ["mortals_mid10_face_a_drum_kick_a"] },
          { "time": 31.33, "notes": ["mortals_mid11_face_a_drum_snare_a"] },
          { "time": 32.00, "notes": ["mortals_mid03_face_a_lead_lead3_a", "mortals_mid10_face_a_drum_kick_a"] },
          { "time": 32.66, "notes": ["mortals_mid11_face_a_drum_snare_a"] },
          { "time": 33.66, "notes": ["mortals_mid10_face_a_drum_kick_a"] },
          { "time": 34.00, "notes": ["mortals_mid11_face_a_drum_snare_a"] },
          { "time": 34.16, "notes": ["mortals_mid10_face_a_drum_kick_a"] },
          { "time": 34.66, "notes": ["mortals_mid10_face_a_drum_kick_a"] },
          { "time": 35.33, "notes": ["mortals_mid11_face_a_drum_snare_a"] },
          { "time": 36.33, "notes": ["mortals_mid10_face_a_drum_kick_a"] },
          { "time": 36.83, "notes": ["mortals_mid10_face_a_drum_kick_a"] },
          { "time": 37.33, "notes": ["mortals_mid06_face_a_lead_lead4_a", "mortals_mid10_face_a_drum_kick_a"] },
          { "time": 38.00, "notes": ["mortals_mid11_face_a_drum_snare_a"] },
          { "time": 39.00, "notes": ["mortals_mid10_face_a_drum_kick_a"] },
          { "time": 39.33, "notes": ["mortals_mid11_face_a_drum_snare_a"] },
          { "time": 39.50, "notes": ["mortals_mid10_face_a_drum_kick_a"] },
          { "time": 40.00, "notes": ["mortals_mid10_face_a_drum_kick_a"] },
          { "time": 40.66, "notes": ["mortals_mid11_face_a_drum_snare_a"] },
          { "time": 41.66, "notes": ["mortals_mid10_face_a_drum_kick_a"] },
          { "time": 42.16, "notes": ["mortals_mid10_face_a_drum_kick_a"] },
          { "time": 42.66, "notes": ["mortals_mid03_face_a_lead_lead3_a", "mortals_mid10_face_a_drum_kick_a"] },
          { "time": 43.33, "notes": ["mortals_mid11_face_a_drum_snare_a"] },
          { "time": 44.33, "notes": ["mortals_mid10_face_a_drum_kick_a"] },
          { "time": 44.66, "notes": ["mortals_mid11_face_a_drum_snare_a"] },
          { "time": 44.83, "notes": ["mortals_mid10_face_a_drum_kick_a"] },
          { "time": 45.33, "notes": ["mortals_mid10_face_a_drum_kick_a"] },
          { "time": 46.00, "notes": ["mortals_mid11_face_a_drum_snare_a"] },
          { "time": 47.00, "notes": ["mortals_mid10_face_a_drum_kick_a"] },
          { "time": 47.50, "notes": ["mortals_mid10_face_a_drum_kick_a"] },
          { "time": 48.00, "notes": ["mortals_mid06_face_a_lead_lead4_a", "mortals_mid10_face_a_drum_kick_a"] },
          { "time": 48.66, "notes": ["mortals_mid11_face_a_drum_snare_a"] },
          { "time": 49.66, "notes": ["mortals_mid10_face_a_drum_kick_a"] },
          { "time": 50.00, "notes": ["mortals_mid11_face_a_drum_snare_a"] },
          { "time": 50.16, "notes": ["mortals_mid10_face_a_drum_kick_a"] },
          { "time": 50.66, "notes": ["mortals_mid10_face_a_drum_kick_a"] },
          { "time": 51.33, "notes": ["mortals_mid11_face_a_drum_snare_a"] },
          { "time": 52.33, "notes": ["mortals_mid10_face_a_drum_kick_a"] },
          { "time": 52.83, "notes": ["mortals_mid10_face_a_drum_kick_a"] }
        ]
      },
      {
        "events": [
          { "time": 0.00, "notes": ["mortals_mid01_face_a_lead_lead1_a"] },
          { "time": 5.33, "notes": ["mortals_mid02_face_a_lead_lead2_a"] },
          { "time": 10.66, "notes": ["mortals_mid01_face_a_lead_lead1_a", "mortals_mid04_face_a_bass_bass1_a"] },
          { "time": 16.00, "notes": ["mortals_mid05_face_a_bass_bass2_a"] },
          { "time": 21.33, "notes": ["mortals_mid01_face_a_lead_lead1_a", "mortals_mid04_face_a_bass_bass1_a"] },
          { "time": 32.00, "notes": ["mortals_mid03_face_a_lead_lead3_a", "mortals_mid07_face_a_bass_bass3_a"] },
          { "time": 37.33, "notes": ["mortals_mid06_face_a_lead_lead4_a", "mortals_mid08_face_a_bass_bass4_a"] },
          { "time": 42.66, "notes": ["mortals_mid03_face_a_lead_lead3_a", "mortals_mid07_face_a_bass_bass3_a"] },
          { "time": 48.00, "notes": ["mortals_mid06_face_a_lead_lead4_a", "mortals_mid08_face_a_bass_bass4_a"] }
        ]
      },
      {
        "events": [
          { "time": 0.00, "notes": ["mortals_mid01_face_a_lead_lead1_a", "mortals_mid09_face_a_fx_fx1_a"] },
          { "time": 5.33, "notes": ["mortals_mid02_face_a_lead_lead2_a", "mortals_mid09_face_a_fx_fx1_a"] },
          { "time": 10.66, "notes": ["mortals_mid01_face_a_lead_lead1_a", "mortals_mid04_face_a_bass_bass1_a", "mortals_mid10_face_a_drum_kick_a"] },
          { "time": 11.33, "notes": ["mortals_mid11_face_a_drum_snare_a"] },
          { "time": 12.33, "notes": ["mortals_mid10_face_a_drum_kick_a"] },
          { "time": 12.66, "notes": ["mortals_mid11_face_a_drum_snare_a"] },
          { "time": 13.33, "notes": ["mortals_mid10_face_a_drum_kick_a"] },
          { "time": 14.00, "notes": ["mortals_mid11_face_a_drum_snare_a"] },
          { "time": 15.00, "notes": ["mortals_mid10_face_a_drum_kick_a"] },
          { "time": 15.33, "notes": ["mortals_mid11_face_a_drum_snare_a"] },
          { "time": 16.00, "notes": ["mortals_mid05_face_a_bass_bass2_a"] },
          { "time": 16.66, "notes": ["mortals_mid11_face_a_drum_snare_a"] },
          { "time": 17.66, "notes": ["mortals_mid10_face_a_drum_kick_a"] },
          { "time": 18.16, "notes": ["mortals_mid10_face_a_drum_kick_a"] },
          { "time": 18.66, "notes": ["mortals_mid10_face_a_drum_kick_a"] },
          { "time": 19.33, "notes": ["mortals_mid11_face_a_drum_snare_a"] },
          { "time": 20.33, "notes": ["mortals_mid10_face_a_drum_kick_a"] },
          { "time": 20.66, "notes": ["mortals_mid11_face_a_drum_snare_a"] },
          { "time": 21.33, "notes": ["mortals_mid01_face_a_lead_lead1_a", "mortals_mid04_face_a_bass_bass1_a"] },
          { "time": 22.00, "notes": ["mortals_mid11_face_a_drum_snare_a"] },
          { "time": 23.00, "notes": ["mortals_mid10_face_a_drum_kick_a"] },
          { "time": 23.33, "notes": ["mortals_mid11_face_a_drum_snare_a"] },
          { "time": 23.50, "notes": ["mortals_mid10_face_a_drum_kick_a"] },
          { "time": 24.00, "notes": ["mortals_mid10_face_a_drum_kick_a"] },
          { "time": 24.66, "notes": ["mortals_mid11_face_a_drum_snare_a"] },
          { "time": 25.66, "notes": ["mortals_mid10_face_a_drum_kick_a"] },
          { "time": 26.00, "notes": ["mortals_mid11_face_a_drum_snare_a"] },
          { "time": 26.66, "notes": ["mortals_mid10_face_a_drum_kick_a"] },
          { "time": 27.33, "notes": ["mortals_mid11_face_a_drum_snare_a"] },
          { "time": 28.33, "notes": ["mortals_mid10_face_a_drum_kick_a"] },
          { "time": 28.83, "notes": ["mortals_mid10_face_a_drum_kick_a"] },
          { "time": 29.33, "notes": ["mortals_mid10_face_a_drum_kick_a"] },
          { "time": 30.00, "notes": ["mortals_mid11_face_a_drum_snare_a"] },
          { "time": 31.00, "notes": ["mortals_mid10_face_a_drum_kick_a"] },
          { "time": 31.33, "notes": ["mortals_mid11_face_a_drum_snare_a"] },
          { "time": 32.00, "notes": ["mortals_mid03_face_a_lead_lead3_a", "mortals_mid07_face_a_bass_bass3_a", "mortals_mid10_face_a_drum_kick_a"] },
          { "time": 32.66, "notes": ["mortals_mid11_face_a_drum_snare_a"] },
          { "time": 33.66, "notes": ["mortals_mid10_face_a_drum_kick_a"] },
          { "time": 34.00, "notes": ["mortals_mid11_face_a_drum_snare_a"] },
          { "time": 34.16, "notes": ["mortals_mid10_face_a_drum_kick_a"] },
          { "time": 34.66, "notes": ["mortals_mid10_face_a_drum_kick_a"] },
          { "time": 35.33, "notes": ["mortals_mid11_face_a_drum_snare_a"] },
          { "time": 36.33, "notes": ["mortals_mid10_face_a_drum_kick_a"] },
          { "time": 36.83, "notes": ["mortals_mid10_face_a_drum_kick_a"] },
          { "time": 37.33, "notes": ["mortals_mid06_face_a_lead_lead4_a", "mortals_mid08_face_a_bass_bass4_a", "mortals_mid10_face_a_drum_kick_a"] },
          { "time": 38.00, "notes": ["mortals_mid11_face_a_drum_snare_a"] },
          { "time": 39.00, "notes": ["mortals_mid10_face_a_drum_kick_a"] },
          { "time": 39.33, "notes": ["mortals_mid11_face_a_drum_snare_a"] },
          { "time": 39.50, "notes": ["mortals_mid10_face_a_drum_kick_a"] },
          { "time": 40.00, "notes": ["mortals_mid10_face_a_drum_kick_a"] },
          { "time": 40.66, "notes": ["mortals_mid11_face_a_drum_snare_a"] },
          { "time": 41.66, "notes": ["mortals_mid10_face_a_drum_kick_a"] },
          { "time": 42.16, "notes": ["mortals_mid10_face_a_drum_kick_a"] },
          { "time": 42.66, "notes": ["mortals_mid03_face_a_lead_lead3_a", "mortals_mid07_face_a_bass_bass3_a", "mortals_mid10_face_a_drum_kick_a", "mortals_mid12_face_a_fx_fx2_a"] },
          { "time": 43.33, "notes": ["mortals_mid11_face_a_drum_snare_a"] },
          { "time": 44.33, "notes": ["mortals_mid10_face_a_drum_kick_a"] },
          { "time": 44.66, "notes": ["mortals_mid11_face_a_drum_snare_a"] },
          { "time": 44.83, "notes": ["mortals_mid10_face_a_drum_kick_a"] },
          { "time": 45.33, "notes": ["mortals_mid10_face_a_drum_kick_a"] },
          { "time": 46.00, "notes": ["mortals_mid11_face_a_drum_snare_a"] },
          { "time": 47.00, "notes": ["mortals_mid10_face_a_drum_kick_a"] },
          { "time": 47.50, "notes": ["mortals_mid10_face_a_drum_kick_a"] },
          { "time": 48.00, "notes": ["mortals_mid06_face_a_lead_lead4_a", "mortals_mid08_face_a_bass_bass4_a", "mortals_mid10_face_a_drum_kick_a", "mortals_mid12_face_a_fx_fx2_a"] },
          { "time": 48.66, "notes": ["mortals_mid11_face_a_drum_snare_a"] },
          { "time": 49.66, "notes": ["mortals_mid10_face_a_drum_kick_a"] },
          { "time": 50.00, "notes": ["mortals_mid11_face_a_drum_snare_a"] },
          { "time": 50.16, "notes": ["mortals_mid10_face_a_drum_kick_a"] },
          { "time": 50.66, "notes": ["mortals_mid10_face_a_drum_kick_a"] },
          { "time": 51.33, "notes": ["mortals_mid11_face_a_drum_snare_a"] },
          { "time": 52.33, "notes": ["mortals_mid10_face_a_drum_kick_a"] },
          { "time": 52.83, "notes": ["mortals_mid10_face_a_drum_kick_a"] }
        ]
      }
]