[
    {
        "events": [
            { "time": "00:00", "notes": ["hypnus_mid01_face_a_lead_lead1_a", "hypnus_mid04_face_a_bass_bass1_a", "hypnus_mid09_face_a_fx_vocal1_a"] },
            { "time": "02:26", "notes": ["hypnus_mid02_face_a_lead_lead2_a", "hypnus_mid05_face_a_bass_bass2_a"] },
            { "time": "04:52", "notes": ["hypnus_mid03_face_a_lead_lead3_a", "hypnus_mid07_face_a_bass_bass3_a", "hypnus_mid12_face_a_fx_vocal2_a"] },
            { "time": "06:79", "notes": ["hypnus_mid06_face_a_lead_lead4_a", "hypnus_mid08_face_a_bass_bass4_a"] },
            { "time": "09:05", "notes": ["hypnus_mid01_face_a_lead_lead1_a", "hypnus_mid04_face_a_bass_bass1_a", "hypnus_mid09_face_a_fx_vocal1_a"] },
            { "time": "11:32", "notes": ["hypnus_mid02_face_a_lead_lead2_a", "hypnus_mid05_face_a_bass_bass2_a"] },
            { "time": "13:58", "notes": ["hypnus_mid03_face_a_lead_lead3_a", "hypnus_mid07_face_a_bass_bass3_a", "hypnus_mid12_face_a_fx_vocal2_a"] },
            { "time": "15:84", "notes": ["hypnus_mid06_face_a_lead_lead4_a", "hypnus_mid08_face_a_bass_bass4_a"] },
            { "time": "18:11", "notes": ["hypnus_mid01_face_a_lead_lead1_a", "hypnus_mid04_face_a_bass_bass1_a", "hypnus_mid09_face_a_fx_vocal1_a", "hypnus_mid10_face_a_drum_kick1_a"] },
            { "time": "20:09", "notes": ["hypnus_mid10_face_a_drum_kick1_a"] },
            { "time": "20:37", "notes": ["hypnus_mid02_face_a_lead_lead2_a", "hypnus_mid05_face_a_bass_bass2_a", "hypnus_mid10_face_a_drum_kick1_a"] },
            { "time": "22:07", "notes": ["hypnus_mid10_face_a_drum_kick1_a"] },
            { "time": "22:64", "notes": ["hypnus_mid03_face_a_lead_lead3_a", "hypnus_mid07_face_a_bass_bass3_a", "hypnus_mid12_face_a_fx_vocal2_a", "hypnus_mid10_face_a_drum_kick1_a"] },
            { "time": "24:62", "notes": ["hypnus_mid10_face_a_drum_kick1_a"] },
            { "time": "24:90", "notes": ["hypnus_mid06_face_a_lead_lead4_a", "hypnus_mid08_face_a_bass_bass4_a", "hypnus_mid10_face_a_drum_kick1_a"] },
            { "time": "26:03", "notes": ["hypnus_mid10_face_a_drum_kick1_a"] },
            { "time": "26:60", "notes": ["hypnus_mid10_face_a_drum_kick1_a"] },
            { "time": "27:17", "notes": ["hypnus_mid01_face_a_lead_lead1_a", "hypnus_mid04_face_a_bass_bass1_a", "hypnus_mid09_face_a_fx_vocal1_a", "hypnus_mid10_face_a_drum_kick1_a"] },
            { "time": "29:15", "notes": ["hypnus_mid10_face_a_drum_kick1_a"] },
            { "time": "29:43", "notes": ["hypnus_mid02_face_a_lead_lead2_a", "hypnus_mid05_face_a_bass_bass2_a", "hypnus_mid10_face_a_drum_kick1_a"] },
            { "time": "31:13", "notes": ["hypnus_mid10_face_a_drum_kick1_a"] },
            { "time": "31:69", "notes": ["hypnus_mid03_face_a_lead_lead3_a", "hypnus_mid07_face_a_bass_bass3_a", "hypnus_mid12_face_a_fx_vocal2_a", "hypnus_mid10_face_a_drum_kick1_a"] },
            { "time": "33:67", "notes": ["hypnus_mid10_face_a_drum_kick1_a"] },
            { "time": "33:96", "notes": ["hypnus_mid06_face_a_lead_lead4_a", "hypnus_mid08_face_a_bass_bass4_a", "hypnus_mid10_face_a_drum_kick1_a"] },
            { "time": "35:09", "notes": ["hypnus_mid10_face_a_drum_kick1_a"] },
            { "time": "35:66", "notes": ["hypnus_mid10_face_a_drum_kick1_a"] }
        ]
    }
]