[
    {
        "events": [
            { "time": 0.0, "notes": ["Hypnus_mid12_face_a_lead_a"] },
            { "time": 3.4, "notes": ["Hypnus_mid09_face_a_drum_a"] },
            { "time": 6.7, "notes": ["Hypnus_mid05_face_a_lead_a"] },
            { "time": 10.1, "notes": ["Hypnus_mid08_face_a_lead_a"] },
            { "time": 13.5, "notes": ["Hypnus_mid04_face_a_lead_a"] },
            { "time": 16.8, "notes": ["Hypnus_mid10_face_a_drum_a"] },
            { "time": 20.2, "notes": ["Hypnus_mid07_face_a_drum_a"] },
            { "time": 23.6, "notes": ["Hypnus_mid11_face_a_lead_a"] },
            { "time": 26.9, "notes": ["Hypnus_mid02_face_a_drum_a"] },
            { "time": 30.3, "notes": ["Hypnus_mid06_face_a_lead_a"] },
            { "time": 33.7, "notes": ["Hypnus_mid03_face_a_drum_a"] },
            { "time": 37.0, "notes": ["Hypnus_mid01_face_a_lead_a"] }
        ]
    }
]
