[
  {
        "events": [
          { "time": 18.11, "notes": ["hypnus_mid10_face_a_drum_kick1_a"] },
          { "time": 20.09, "notes": ["hypnus_mid10_face_a_drum_kick1_a"] },
          { "time": 20.37, "notes": ["hypnus_mid10_face_a_drum_kick1_a"] },
          { "time": 22.07, "notes": ["hypnus_mid10_face_a_drum_kick1_a"] },
          { "time": 22.64, "notes": ["hypnus_mid10_face_a_drum_kick1_a"] },
          { "time": 24.62, "notes": ["hypnus_mid10_face_a_drum_kick1_a"] },
          { "time": 24.90, "notes": ["hypnus_mid10_face_a_drum_kick1_a"] },
          { "time": 26.03, "notes": ["hypnus_mid10_face_a_drum_kick1_a"] },
          { "time": 26.60, "notes": ["hypnus_mid10_face_a_drum_kick1_a"] },
          { "time": 27.17, "notes": ["hypnus_mid10_face_a_drum_kick1_a"] },
          { "time": 29.15, "notes": ["hypnus_mid10_face_a_drum_kick1_a"] },
          { "time": 29.43, "notes": ["hypnus_mid10_face_a_drum_kick1_a"] },
          { "time": 31.13, "notes": ["hypnus_mid10_face_a_drum_kick1_a"] },
          { "time": 31.69, "notes": ["hypnus_mid10_face_a_drum_kick1_a"] },
          { "time": 33.67, "notes": ["hypnus_mid10_face_a_drum_kick1_a"] },
          { "time": 33.96, "notes": ["hypnus_mid10_face_a_drum_kick1_a"] },
          { "time": 35.09, "notes": ["hypnus_mid10_face_a_drum_kick1_a"] },
          { "time": 35.66, "notes": ["hypnus_mid10_face_a_drum_kick1_a"] }
        ]
      },
      {
        "events": [
          { "time": 0.00, "notes": ["hypnus_mid01_face_a_lead_lead1_a"] },
          { "time": 2.26, "notes": ["hypnus_mid02_face_a_lead_lead2_a"] },
          { "time": 4.52, "notes": ["hypnus_mid03_face_a_lead_lead3_a"] },
          { "time": 6.79, "notes": ["hypnus_mid06_face_a_lead_lead4_a"] },
          { "time": 9.05, "notes": ["hypnus_mid01_face_a_lead_lead1_a"] },
          { "time": 11.32, "notes": ["hypnus_mid02_face_a_lead_lead2_a"] },
          { "time": 13.58, "notes": ["hypnus_mid03_face_a_lead_lead3_a"] },
          { "time": 15.84, "notes": ["hypnus_mid06_face_a_lead_lead4_a"] },
          { "time": 18.11, "notes": ["hypnus_mid01_face_a_lead_lead1_a"] },
          { "time": 20.37, "notes": ["hypnus_mid02_face_a_lead_lead2_a"] },
          { "time": 22.64, "notes": ["hypnus_mid03_face_a_lead_lead3_a"] },
          { "time": 24.90, "notes": ["hypnus_mid06_face_a_lead_lead4_a"] },
          { "time": 27.17, "notes": ["hypnus_mid01_face_a_lead_lead1_a"] },
          { "time": 29.43, "notes": ["hypnus_mid02_face_a_lead_lead2_a"] },
          { "time": 31.69, "notes": ["hypnus_mid03_face_a_lead_lead3_a"] },
          { "time": 33.96, "notes": ["hypnus_mid06_face_a_lead_lead4_a"] }
        ]
      },
      {
        "events": [
          { "time": 0.00, "notes": ["hypnus_mid04_face_a_bass_bass1_a"] },
          { "time": 2.26, "notes": ["hypnus_mid05_face_a_bass_bass2_a"] },
          { "time": 4.52, "notes": ["hypnus_mid07_face_a_bass_bass3_a"] },
          { "time": 6.79, "notes": ["hypnus_mid08_face_a_bass_bass4_a"] },
          { "time": 9.05, "notes": ["hypnus_mid04_face_a_bass_bass1_a"] },
          { "time": 11.32, "notes": ["hypnus_mid05_face_a_bass_bass2_a"] },
          { "time": 13.58, "notes": ["hypnus_mid07_face_a_bass_bass3_a"] },
          { "time": 15.84, "notes": ["hypnus_mid08_face_a_bass_bass4_a"] },
          { "time": 18.11, "notes": ["hypnus_mid04_face_a_bass_bass1_a"] },
          { "time": 20.37, "notes": ["hypnus_mid05_face_a_bass_bass2_a"] },
          { "time": 22.64, "notes": ["hypnus_mid07_face_a_bass_bass3_a"] },
          { "time": 24.90, "notes": ["hypnus_mid08_face_a_bass_bass4_a"] },
          { "time": 27.17, "notes": ["hypnus_mid04_face_a_bass_bass1_a"] },
          { "time": 29.43, "notes": ["hypnus_mid05_face_a_bass_bass2_a"] },
          { "time": 31.69, "notes": ["hypnus_mid07_face_a_bass_bass3_a"] },
          { "time": 33.96, "notes": ["hypnus_mid08_face_a_bass_bass4_a"] }
        ]
      },
      {
        "events": [
          { "time": 18.11, "notes": ["hypnus_mid04_face_a_bass_bass1_a", "hypnus_mid10_face_a_drum_kick1_a"] },
          { "time": 20.09, "notes": ["hypnus_mid10_face_a_drum_kick1_a"] },
          { "time": 20.37, "notes": ["hypnus_mid05_face_a_bass_bass2_a", "hypnus_mid10_face_a_drum_kick1_a"] },
          { "time": 22.07, "notes": ["hypnus_mid10_face_a_drum_kick1_a"] },
          { "time": 22.64, "notes": ["hypnus_mid07_face_a_bass_bass3_a", "hypnus_mid10_face_a_drum_kick1_a"] },
          { "time": 24.62, "notes": ["hypnus_mid10_face_a_drum_kick1_a"] },
          { "time": 24.90, "notes": ["hypnus_mid08_face_a_bass_bass4_a", "hypnus_mid10_face_a_drum_kick1_a"] },
          { "time": 26.03, "notes": ["hypnus_mid10_face_a_drum_kick1_a"] },
          { "time": 26.60, "notes": ["hypnus_mid10_face_a_drum_kick1_a"] },
          { "time": 27.17, "notes": ["hypnus_mid04_face_a_bass_bass1_a", "hypnus_mid10_face_a_drum_kick1_a"] },
          { "time": 29.15, "notes": ["hypnus_mid10_face_a_drum_kick1_a"] },
          { "time": 29.43, "notes": ["hypnus_mid05_face_a_bass_bass2_a", "hypnus_mid10_face_a_drum_kick1_a"] },
          { "time": 31.13, "notes": ["hypnus_mid10_face_a_drum_kick1_a"] },
          { "time": 31.69, "notes": ["hypnus_mid07_face_a_bass_bass3_a", "hypnus_mid10_face_a_drum_kick1_a"] },
          { "time": 33.67, "notes": ["hypnus_mid10_face_a_drum_kick1_a"] },
          { "time": 33.96, "notes": ["hypnus_mid08_face_a_bass_bass4_a", "hypnus_mid10_face_a_drum_kick1_a"] },
          { "time": 35.09, "notes": ["hypnus_mid10_face_a_drum_kick1_a"] },
          { "time": 35.66, "notes": ["hypnus_mid10_face_a_drum_kick1_a"] }
        ]
      },
      {
        "events": [
          { "time": 18.11, "notes": ["hypnus_mid01_face_a_lead_lead1_a", "hypnus_mid10_face_a_drum_kick1_a"] },
          { "time": 20.09, "notes": ["hypnus_mid10_face_a_drum_kick1_a"] },
          { "time": 20.37, "notes": ["hypnus_mid02_face_a_lead_lead2_a", "hypnus_mid10_face_a_drum_kick1_a"] },
          { "time": 22.07, "notes": ["hypnus_mid10_face_a_drum_kick1_a"] },
          { "time": 22.64, "notes": ["hypnus_mid03_face_a_lead_lead3_a", "hypnus_mid10_face_a_drum_kick1_a"] },
          { "time": 24.62, "notes": ["hypnus_mid10_face_a_drum_kick1_a"] },
          { "time": 24.90, "notes": ["hypnus_mid06_face_a_lead_lead4_a", "hypnus_mid10_face_a_drum_kick1_a"] },
          { "time": 26.03, "notes": ["hypnus_mid10_face_a_drum_kick1_a"] },
          { "time": 26.60, "notes": ["hypnus_mid10_face_a_drum_kick1_a"] },
          { "time": 27.17, "notes": ["hypnus_mid01_face_a_lead_lead1_a", "hypnus_mid10_face_a_drum_kick1_a"] },
          { "time": 29.15, "notes": ["hypnus_mid10_face_a_drum_kick1_a"] },
          { "time": 29.43, "notes": ["hypnus_mid02_face_a_lead_lead2_a", "hypnus_mid10_face_a_drum_kick1_a"] },
          { "time": 31.13, "notes": ["hypnus_mid10_face_a_drum_kick1_a"] },
          { "time": 31.69, "notes": ["hypnus_mid03_face_a_lead_lead3_a", "hypnus_mid10_face_a_drum_kick1_a"] },
          { "time": 33.67, "notes": ["hypnus_mid10_face_a_drum_kick1_a"] },
          { "time": 33.96, "notes": ["hypnus_mid06_face_a_lead_lead4_a", "hypnus_mid10_face_a_drum_kick1_a"] },
          { "time": 35.09, "notes": ["hypnus_mid10_face_a_drum_kick1_a"] },
          { "time": 35.66, "notes": ["hypnus_mid10_face_a_drum_kick1_a"] }
        ]
      },
      {
        "events": [
          { "time": 0.00, "notes": ["hypnus_mid01_face_a_lead_lead1_a", "hypnus_mid04_face_a_bass_bass1_a"] },
          { "time": 2.26, "notes": ["hypnus_mid02_face_a_lead_lead2_a", "hypnus_mid05_face_a_bass_bass2_a"] },
          { "time": 4.52, "notes": ["hypnus_mid03_face_a_lead_lead3_a", "hypnus_mid07_face_a_bass_bass3_a"] },
          { "time": 6.79, "notes": ["hypnus_mid06_face_a_lead_lead4_a", "hypnus_mid08_face_a_bass_bass4_a"] },
          { "time": 9.05, "notes": ["hypnus_mid01_face_a_lead_lead1_a", "hypnus_mid04_face_a_bass_bass1_a"] },
          { "time": 11.32, "notes": ["hypnus_mid02_face_a_lead_lead2_a", "hypnus_mid05_face_a_bass_bass2_a"] },
          { "time": 13.58, "notes": ["hypnus_mid03_face_a_lead_lead3_a", "hypnus_mid07_face_a_bass_bass3_a"] },
          { "time": 15.84, "notes": ["hypnus_mid06_face_a_lead_lead4_a", "hypnus_mid08_face_a_bass_bass4_a"] },
          { "time": 18.11, "notes": ["hypnus_mid01_face_a_lead_lead1_a", "hypnus_mid04_face_a_bass_bass1_a"] },
          { "time": 20.37, "notes": ["hypnus_mid02_face_a_lead_lead2_a", "hypnus_mid05_face_a_bass_bass2_a"] },
          { "time": 22.64, "notes": ["hypnus_mid03_face_a_lead_lead3_a", "hypnus_mid07_face_a_bass_bass3_a"] },
          { "time": 24.90, "notes": ["hypnus_mid06_face_a_lead_lead4_a", "hypnus_mid08_face_a_bass_bass4_a"] },
          { "time": 27.17, "notes": ["hypnus_mid01_face_a_lead_lead1_a", "hypnus_mid04_face_a_bass_bass1_a"] },
          { "time": 29.43, "notes": ["hypnus_mid02_face_a_lead_lead2_a", "hypnus_mid05_face_a_bass_bass2_a"] },
          { "time": 31.69, "notes": ["hypnus_mid03_face_a_lead_lead3_a", "hypnus_mid07_face_a_bass_bass3_a"] },
          { "time": 33.96, "notes": ["hypnus_mid06_face_a_lead_lead4_a", "hypnus_mid08_face_a_bass_bass4_a"] }
        ]
      },
      {
        "events": [
          { "time": 0.00, "notes": ["hypnus_mid01_face_a_lead_lead1_a", "hypnus_mid04_face_a_bass_bass1_a", "hypnus_mid09_face_a_fx_vocal1_a"] },
          { "time": 2.26, "notes": ["hypnus_mid02_face_a_lead_lead2_a", "hypnus_mid05_face_a_bass_bass2_a"] },
          { "time": 4.52, "notes": ["hypnus_mid03_face_a_lead_lead3_a", "hypnus_mid07_face_a_bass_bass3_a", "hypnus_mid12_face_a_fx_vocal2_a"] },
          { "time": 6.79, "notes": ["hypnus_mid06_face_a_lead_lead4_a", "hypnus_mid08_face_a_bass_bass4_a"] },
          { "time": 9.05, "notes": ["hypnus_mid01_face_a_lead_lead1_a", "hypnus_mid04_face_a_bass_bass1_a", "hypnus_mid09_face_a_fx_vocal1_a"] },
          { "time": 11.32, "notes": ["hypnus_mid02_face_a_lead_lead2_a", "hypnus_mid05_face_a_bass_bass2_a"] },
          { "time": 13.58, "notes": ["hypnus_mid03_face_a_lead_lead3_a", "hypnus_mid07_face_a_bass_bass3_a", "hypnus_mid12_face_a_fx_vocal2_a"] },
          { "time": 15.84, "notes": ["hypnus_mid06_face_a_lead_lead4_a", "hypnus_mid08_face_a_bass_bass4_a"] },
          { "time": 18.11, "notes": ["hypnus_mid01_face_a_lead_lead1_a", "hypnus_mid04_face_a_bass_bass1_a", "hypnus_mid09_face_a_fx_vocal1_a", "hypnus_mid10_face_a_drum_kick1_a"] },
          { "time": 20.09, "notes": ["hypnus_mid10_face_a_drum_kick1_a"] },
          { "time": 20.37, "notes": ["hypnus_mid02_face_a_lead_lead2_a", "hypnus_mid05_face_a_bass_bass2_a", "hypnus_mid10_face_a_drum_kick1_a"] },
          { "time": 22.07, "notes": ["hypnus_mid10_face_a_drum_kick1_a"] },
          { "time": 22.64, "notes": ["hypnus_mid03_face_a_lead_lead3_a", "hypnus_mid07_face_a_bass_bass3_a", "hypnus_mid12_face_a_fx_vocal2_a", "hypnus_mid10_face_a_drum_kick1_a"] },
          { "time": 24.62, "notes": ["hypnus_mid10_face_a_drum_kick1_a"] },
          { "time": 24.90, "notes": ["hypnus_mid06_face_a_lead_lead4_a", "hypnus_mid08_face_a_bass_bass4_a", "hypnus_mid10_face_a_drum_kick1_a"] },
          { "time": 26.03, "notes": ["hypnus_mid10_face_a_drum_kick1_a"] },
          { "time": 26.60, "notes": ["hypnus_mid10_face_a_drum_kick1_a"] },
          { "time": 27.17, "notes": ["hypnus_mid01_face_a_lead_lead1_a", "hypnus_mid04_face_a_bass_bass1_a", "hypnus_mid09_face_a_fx_vocal1_a", "hypnus_mid10_face_a_drum_kick1_a"] },
          { "time": 29.15, "notes": ["hypnus_mid10_face_a_drum_kick1_a"] },
          { "time": 29.43, "notes": ["hypnus_mid02_face_a_lead_lead2_a", "hypnus_mid05_face_a_bass_bass2_a", "hypnus_mid10_face_a_drum_kick1_a"] },
          { "time": 31.13, "notes": ["hypnus_mid10_face_a_drum_kick1_a"] },
          { "time": 31.69, "notes": ["hypnus_mid03_face_a_lead_lead3_a", "hypnus_mid07_face_a_bass_bass3_a", "hypnus_mid12_face_a_fx_vocal2_a", "hypnus_mid10_face_a_drum_kick1_a"] },
          { "time": 33.67, "notes": ["hypnus_mid10_face_a_drum_kick1_a"] },
          { "time": 33.96, "notes": ["hypnus_mid06_face_a_lead_lead4_a", "hypnus_mid08_face_a_bass_bass4_a", "hypnus_mid10_face_a_drum_kick1_a"] },
          { "time": 35.09, "notes": ["hypnus_mid10_face_a_drum_kick1_a"] },
          { "time": 35.66, "notes": ["hypnus_mid10_face_a_drum_kick1_a"] }
        ]
      },
      
      {
                  "events": [
                      { "time": 0.00, "notes": ["hypnus_mid10_face_b_drum_kick1_b"] },
                      { "time": 0.56, "notes": ["hypnus_mid11_face_b_drum_kick2_b"] },
                      { "time": 1.13, "notes": ["hypnus_mid11_face_b_drum_kick2_b"] },
                      { "time": 1.69, "notes": ["hypnus_mid11_face_b_drum_kick2_b"] },
                      { "time": 1.98, "notes": ["hypnus_mid10_face_b_drum_kick1_b"] },
                      { "time": 2.26, "notes": ["hypnus_mid10_face_b_drum_kick1_b"] },
                      { "time": 2.83, "notes": ["hypnus_mid11_face_b_drum_kick2_b"] },
                      { "time": 3.39, "notes": ["hypnus_mid11_face_b_drum_kick2_b"] },
                      { "time": 3.96, "notes": ["hypnus_mid10_face_b_drum_kick1_b"] },
                      { "time": 4.52, "notes": ["hypnus_mid10_face_b_drum_kick1_b"] },
                      { "time": 5.09, "notes": ["hypnus_mid11_face_b_drum_kick2_b"] },
                      { "time": 5.66, "notes": ["hypnus_mid11_face_b_drum_kick2_b"] },
                      { "time": 6.22, "notes": ["hypnus_mid11_face_b_drum_kick2_b"] },
                      { "time": 6.50, "notes": ["hypnus_mid10_face_b_drum_kick1_b"] },
                      { "time": 6.79, "notes": ["hypnus_mid10_face_b_drum_kick1_b"] },
                      { "time": 7.35, "notes": ["hypnus_mid11_face_b_drum_kick2_b"] },
                      { "time": 7.92, "notes": ["hypnus_mid10_face_b_drum_kick1_b"] },
                      { "time": 8.49, "notes": ["hypnus_mid10_face_b_drum_kick1_b"] },
                      { "time": 9.05, "notes": ["hypnus_mid10_face_b_drum_kick1_b"] },
                      { "time": 9.62, "notes": ["hypnus_mid11_face_b_drum_kick2_b"] },
                      { "time": 10.18, "notes": ["hypnus_mid11_face_b_drum_kick2_b"] },
                      { "time": 10.75, "notes": ["hypnus_mid11_face_b_drum_kick2_b"] },
                      { "time": 11.03, "notes": ["hypnus_mid10_face_b_drum_kick1_b"] },
                      { "time": 11.32, "notes": ["hypnus_mid10_face_b_drum_kick1_b"] },
                      { "time": 11.88, "notes": ["hypnus_mid11_face_b_drum_kick2_b"] },
                      { "time": 12.45, "notes": ["hypnus_mid11_face_b_drum_kick2_b"] },
                      { "time": 13.01, "notes": ["hypnus_mid10_face_b_drum_kick1_b"] },
                      { "time": 13.58, "notes": ["hypnus_mid10_face_b_drum_kick1_b"] },
                      { "time": 14.15, "notes": ["hypnus_mid11_face_b_drum_kick2_b"] },
                      { "time": 14.71, "notes": ["hypnus_mid11_face_b_drum_kick2_b"] },
                      { "time": 15.28, "notes": ["hypnus_mid11_face_b_drum_kick2_b"] },
                      { "time": 15.56, "notes": ["hypnus_mid10_face_b_drum_kick1_b"] },
                      { "time": 15.84, "notes": ["hypnus_mid10_face_b_drum_kick1_b"] },
                      { "time": 16.41, "notes": ["hypnus_mid11_face_b_drum_kick2_b"] },
                      { "time": 16.98, "notes": ["hypnus_mid10_face_b_drum_kick1_b"] },
                      { "time": 17.54, "notes": ["hypnus_mid10_face_b_drum_kick1_b"] }
                  ]
              },
              {
                  "events": [
                      { "time": 0.00, "notes": ["hypnus_mid01_face_b_lead_lead1_b"] },
                      { "time": 2.26, "notes": ["hypnus_mid02_face_b_lead_lead2_b"] },
                      { "time": 4.52, "notes": ["hypnus_mid03_face_b_lead_lead3_b"] },
                      { "time": 6.79, "notes": ["hypnus_mid06_face_b_lead_lead4_b"] },
                      { "time": 9.05, "notes": ["hypnus_mid01_face_b_lead_lead1_b"] },
                      { "time": 11.32, "notes": ["hypnus_mid02_face_b_lead_lead2_b"] },
                      { "time": 13.58, "notes": ["hypnus_mid03_face_b_lead_lead3_b"] },
                      { "time": 15.84, "notes": ["hypnus_mid06_face_b_lead_lead4_b"] },
                      { "time": 18.11, "notes": ["hypnus_mid01_face_b_lead_lead1_b"] },
                      { "time": 20.37, "notes": ["hypnus_mid02_face_b_lead_lead2_b"] },
                      { "time": 22.64, "notes": ["hypnus_mid03_face_b_lead_lead3_b"] },
                      { "time": 24.90, "notes": ["hypnus_mid06_face_b_lead_lead4_b"] },
                      { "time": 27.17, "notes": ["hypnus_mid01_face_b_lead_lead1_b"] },
                      { "time": 29.43, "notes": ["hypnus_mid02_face_b_lead_lead2_b"] },
                      { "time": 31.69, "notes": ["hypnus_mid03_face_b_lead_lead3_b"] },
                      { "time": 33.96, "notes": ["hypnus_mid06_face_b_lead_lead4_b"] }
                  ]
              },
              {
                  "events": [
                      { "time": 0.00, "notes": ["hypnus_mid04_face_b_bass_bass1_b"] },
                      { "time": 2.26, "notes": ["hypnus_mid05_face_b_bass_bass2_b"] },
                      { "time": 4.52, "notes": ["hypnus_mid07_face_b_bass_bass3_b"] },
                      { "time": 6.79, "notes": ["hypnus_mid08_face_b_bass_bass4_b"] },
                      { "time": 9.05, "notes": ["hypnus_mid04_face_b_bass_bass1_b"] },
                      { "time": 11.32, "notes": ["hypnus_mid05_face_b_bass_bass2_b"] },
                      { "time": 13.58, "notes": ["hypnus_mid07_face_b_bass_bass3_b"] },
                      { "time": 15.84, "notes": ["hypnus_mid08_face_b_bass_bass4_b"] },
                      { "time": 18.11, "notes": ["hypnus_mid04_face_b_bass_bass1_b"] },
                      { "time": 20.37, "notes": ["hypnus_mid05_face_b_bass_bass2_b"] },
                      { "time": 22.64, "notes": ["hypnus_mid07_face_b_bass_bass3_b"] },
                      { "time": 24.90, "notes": ["hypnus_mid08_face_b_bass_bass4_b"] },
                      { "time": 27.17, "notes": ["hypnus_mid04_face_b_bass_bass1_b"] },
                      { "time": 29.43, "notes": ["hypnus_mid05_face_b_bass_bass2_b"] },
                      { "time": 31.69, "notes": ["hypnus_mid07_face_b_bass_bass3_b"] },
                      { "time": 33.96, "notes": ["hypnus_mid08_face_b_bass_bass4_b"] }
                  ]
              },
              {
                  "events": [
                      { "time": 0.00, "notes": ["hypnus_mid04_face_b_bass_bass1_b", "hypnus_mid10_face_b_drum_kick1_b"] },
                      { "time": 0.56, "notes": ["hypnus_mid11_face_b_drum_kick2_b"] },
                      { "time": 1.13, "notes": ["hypnus_mid11_face_b_drum_kick2_b"] },
                      { "time": 1.69, "notes": ["hypnus_mid11_face_b_drum_kick2_b"] },
                      { "time": 1.98, "notes": ["hypnus_mid10_face_b_drum_kick1_b"] },
                      { "time": 2.26, "notes": ["hypnus_mid05_face_b_bass_bass2_b", "hypnus_mid10_face_b_drum_kick1_b"] },
                      { "time": 2.83, "notes": ["hypnus_mid11_face_b_drum_kick2_b"] },
                      { "time": 3.39, "notes": ["hypnus_mid11_face_b_drum_kick2_b"] },
                      { "time": 3.96, "notes": ["hypnus_mid10_face_b_drum_kick1_b"] },
                      { "time": 4.52, "notes": ["hypnus_mid07_face_b_bass_bass3_b", "hypnus_mid10_face_b_drum_kick1_b"] },
                      { "time": 5.09, "notes": ["hypnus_mid11_face_b_drum_kick2_b"] },
                      { "time": 5.66, "notes": ["hypnus_mid11_face_b_drum_kick2_b"] },
                      { "time": 6.22, "notes": ["hypnus_mid11_face_b_drum_kick2_b"] },
                      { "time": 6.50, "notes": ["hypnus_mid10_face_b_drum_kick1_b"] },
                      { "time": 6.79, "notes": ["hypnus_mid08_face_b_bass_bass4_b", "hypnus_mid10_face_b_drum_kick1_b"] },
                      { "time": 7.35, "notes": ["hypnus_mid11_face_b_drum_kick2_b"] },
                      { "time": 7.92, "notes": ["hypnus_mid10_face_b_drum_kick1_b"] },
                      { "time": 8.49, "notes": ["hypnus_mid10_face_b_drum_kick1_b"] },
                      { "time": 9.05, "notes": ["hypnus_mid04_face_b_bass_bass1_b", "hypnus_mid10_face_b_drum_kick1_b"] },
                      { "time": 9.62, "notes": ["hypnus_mid11_face_b_drum_kick2_b"] },
                      { "time": 10.18, "notes": ["hypnus_mid11_face_b_drum_kick2_b"] },
                      { "time": 10.75, "notes": ["hypnus_mid11_face_b_drum_kick2_b"] },
                      { "time": 11.03, "notes": ["hypnus_mid10_face_b_drum_kick1_b"] },
                      { "time": 11.32, "notes": ["hypnus_mid05_face_b_bass_bass2_b", "hypnus_mid10_face_b_drum_kick1_b"] },
                      { "time": 11.88, "notes": ["hypnus_mid11_face_b_drum_kick2_b"] },
                      { "time": 12.45, "notes": ["hypnus_mid11_face_b_drum_kick2_b"] },
                      { "time": 13.01, "notes": ["hypnus_mid10_face_b_drum_kick1_b"] },
                      { "time": 13.58, "notes": ["hypnus_mid07_face_b_bass_bass3_b", "hypnus_mid10_face_b_drum_kick1_b"] },
                      { "time": 14.15, "notes": ["hypnus_mid11_face_b_drum_kick2_b"] },
                      { "time": 14.71, "notes": ["hypnus_mid11_face_b_drum_kick2_b"] },
                      { "time": 15.28, "notes": ["hypnus_mid11_face_b_drum_kick2_b"] },
                      { "time": 15.56, "notes": ["hypnus_mid10_face_b_drum_kick1_b"] },
                      { "time": 15.84, "notes": ["hypnus_mid08_face_b_bass_bass4_b", "hypnus_mid10_face_b_drum_kick1_b"] },
                      { "time": 16.41, "notes": ["hypnus_mid11_face_b_drum_kick2_b"] },
                      { "time": 16.98, "notes": ["hypnus_mid10_face_b_drum_kick1_b"] },
                      { "time": 17.54, "notes": ["hypnus_mid10_face_b_drum_kick1_b"] }
                  ]
              },
              {
                  "events": [
                      { "time": 0.00, "notes": ["hypnus_mid01_face_b_lead_lead1_b", "hypnus_mid10_face_b_drum_kick1_b"] },
                      { "time": 0.56, "notes": ["hypnus_mid11_face_b_drum_kick2_b"] },
                      { "time": 1.13, "notes": ["hypnus_mid11_face_b_drum_kick2_b"] },
                      { "time": 1.69, "notes": ["hypnus_mid11_face_b_drum_kick2_b"] },
                      { "time": 1.98, "notes": ["hypnus_mid10_face_b_drum_kick1_b"] },
                      { "time": 2.26, "notes": ["hypnus_mid02_face_b_lead_lead2_b", "hypnus_mid10_face_b_drum_kick1_b"] },
                      { "time": 2.83, "notes": ["hypnus_mid11_face_b_drum_kick2_b"] },
                      { "time": 3.39, "notes": ["hypnus_mid11_face_b_drum_kick2_b"] },
                      { "time": 3.96, "notes": ["hypnus_mid10_face_b_drum_kick1_b"] },
                      { "time": 4.52, "notes": ["hypnus_mid03_face_b_lead_lead3_b", "hypnus_mid10_face_b_drum_kick1_b"] },
                      { "time": 5.09, "notes": ["hypnus_mid11_face_b_drum_kick2_b"] },
                      { "time": 5.66, "notes": ["hypnus_mid11_face_b_drum_kick2_b"] },
                      { "time": 6.22, "notes": ["hypnus_mid11_face_b_drum_kick2_b"] },
                      { "time": 6.50, "notes": ["hypnus_mid10_face_b_drum_kick1_b"] },
                      { "time": 6.79, "notes": ["hypnus_mid06_face_b_lead_lead4_b", "hypnus_mid10_face_b_drum_kick1_b"] },
                      { "time": 7.35, "notes": ["hypnus_mid11_face_b_drum_kick2_b"] },
                      { "time": 7.92, "notes": ["hypnus_mid10_face_b_drum_kick1_b"] },
                      { "time": 8.49, "notes": ["hypnus_mid10_face_b_drum_kick1_b"] },
                      { "time": 9.05, "notes": ["hypnus_mid01_face_b_lead_lead1_b", "hypnus_mid10_face_b_drum_kick1_b"] },
                      { "time": 9.62, "notes": ["hypnus_mid11_face_b_drum_kick2_b"] },
                      { "time": 10.18, "notes": ["hypnus_mid11_face_b_drum_kick2_b"] },
                      { "time": 10.75, "notes": ["hypnus_mid11_face_b_drum_kick2_b"] },
                      { "time": 11.03, "notes": ["hypnus_mid10_face_b_drum_kick1_b"] },
                      { "time": 11.32, "notes": ["hypnus_mid02_face_b_lead_lead2_b", "hypnus_mid10_face_b_drum_kick1_b"] },
                      { "time": 11.88, "notes": ["hypnus_mid11_face_b_drum_kick2_b"] },
                      { "time": 12.45, "notes": ["hypnus_mid11_face_b_drum_kick2_b"] },
                      { "time": 13.01, "notes": ["hypnus_mid10_face_b_drum_kick1_b"] },
                      { "time": 13.58, "notes": ["hypnus_mid03_face_b_lead_lead3_b", "hypnus_mid10_face_b_drum_kick1_b"] },
                      { "time": 14.15, "notes": ["hypnus_mid11_face_b_drum_kick2_b"] },
                      { "time": 14.71, "notes": ["hypnus_mid11_face_b_drum_kick2_b"] },
                      { "time": 15.28, "notes": ["hypnus_mid11_face_b_drum_kick2_b"] },
                      { "time": 15.56, "notes": ["hypnus_mid10_face_b_drum_kick1_b"] },
                      { "time": 15.84, "notes": ["hypnus_mid06_face_b_lead_lead4_b", "hypnus_mid10_face_b_drum_kick1_b"] },
                      { "time": 16.41, "notes": ["hypnus_mid11_face_b_drum_kick2_b"] },
                      { "time": 16.98, "notes": ["hypnus_mid10_face_b_drum_kick1_b"] },
                      { "time": 17.54, "notes": ["hypnus_mid10_face_b_drum_kick1_b"] }
                  ]
              },
              {
                  "events": [
                      { "time": 0.00, "notes": ["hypnus_mid01_face_b_lead_lead1_b", "hypnus_mid04_face_b_bass_bass1_b"] },
                      { "time": 2.26, "notes": ["hypnus_mid02_face_b_lead_lead2_b", "hypnus_mid05_face_b_bass_bass2_b"] },
                      { "time": 4.52, "notes": ["hypnus_mid03_face_b_lead_lead3_b", "hypnus_mid07_face_b_bass_bass3_b"] },
                      { "time": 6.79, "notes": ["hypnus_mid06_face_b_lead_lead4_b", "hypnus_mid08_face_b_bass_bass4_b"] },
                      { "time": 9.05, "notes": ["hypnus_mid01_face_b_lead_lead1_b", "hypnus_mid04_face_b_bass_bass1_b"] },
                      { "time": 11.32, "notes": ["hypnus_mid02_face_b_lead_lead2_b", "hypnus_mid05_face_b_bass_bass2_b"] },
                      { "time": 13.58, "notes": ["hypnus_mid03_face_b_lead_lead3_b", "hypnus_mid07_face_b_bass_bass3_b"] },
                      { "time": 15.84, "notes": ["hypnus_mid06_face_b_lead_lead4_b", "hypnus_mid08_face_b_bass_bass4_b"] },
                      { "time": 18.11, "notes": ["hypnus_mid01_face_b_lead_lead1_b", "hypnus_mid04_face_b_bass_bass1_b"] },
                      { "time": 20.37, "notes": ["hypnus_mid02_face_b_lead_lead2_b", "hypnus_mid05_face_b_bass_bass2_b"] },
                      { "time": 22.64, "notes": ["hypnus_mid03_face_b_lead_lead3_b", "hypnus_mid07_face_b_bass_bass3_b"] },
                      { "time": 24.90, "notes": ["hypnus_mid06_face_b_lead_lead4_b", "hypnus_mid08_face_b_bass_bass4_b"] },
                      { "time": 27.17, "notes": ["hypnus_mid01_face_b_lead_lead1_b", "hypnus_mid04_face_b_bass_bass1_b"] },
                      { "time": 29.43, "notes": ["hypnus_mid02_face_b_lead_lead2_b", "hypnus_mid05_face_b_bass_bass2_b"] },
                      { "time": 31.69, "notes": ["hypnus_mid03_face_b_lead_lead3_b", "hypnus_mid07_face_b_bass_bass3_b"] },
                      { "time": 33.96, "notes": ["hypnus_mid06_face_b_lead_lead4_b", "hypnus_mid08_face_b_bass_bass4_b"] }
                  ]
              },
              {
                  "events": [
                      { "time": 0.00, "notes": ["hypnus_mid01_face_b_lead_lead1_b", "hypnus_mid04_face_b_bass_bass1_b", "hypnus_mid09_face_b_fx_vocal1_b", "hypnus_mid10_face_b_drum_kick1_b"] },
                      { "time": 0.56, "notes": ["hypnus_mid11_face_b_drum_kick2_b"] },
                      { "time": 1.13, "notes": ["hypnus_mid11_face_b_drum_kick2_b"] },
                      { "time": 1.69, "notes": ["hypnus_mid11_face_b_drum_kick2_b"] },
                      { "time": 1.98, "notes": ["hypnus_mid10_face_b_drum_kick1_b"] },
                      { "time": 2.26, "notes": ["hypnus_mid02_face_b_lead_lead2_b", "hypnus_mid05_face_b_bass_bass2_b", "hypnus_mid10_face_b_drum_kick1_b"] },
                      { "time": 2.83, "notes": ["hypnus_mid11_face_b_drum_kick2_b"] },
                      { "time": 3.39, "notes": ["hypnus_mid11_face_b_drum_kick2_b"] },
                      { "time": 3.96, "notes": ["hypnus_mid10_face_b_drum_kick1_b"] },
                      { "time": 4.52, "notes": ["hypnus_mid03_face_b_lead_lead3_b", "hypnus_mid07_face_b_bass_bass3_b", "hypnus_mid10_face_b_drum_kick1_b", "hypnus_mid12_face_b_fx_vocal2_b"] },
                      { "time": 5.09, "notes": ["hypnus_mid11_face_b_drum_kick2_b"] },
                      { "time": 5.66, "notes": ["hypnus_mid11_face_b_drum_kick2_b"] },
                      { "time": 6.22, "notes": ["hypnus_mid11_face_b_drum_kick2_b"] },
                      { "time": 6.50, "notes": ["hypnus_mid10_face_b_drum_kick1_b"] },
                      { "time": 6.79, "notes": ["hypnus_mid06_face_b_lead_lead4_b", "hypnus_mid08_face_b_bass_bass4_b", "hypnus_mid10_face_b_drum_kick1_b"] },
                      { "time": 7.35, "notes": ["hypnus_mid11_face_b_drum_kick2_b"] },
                      { "time": 7.92, "notes": ["hypnus_mid10_face_b_drum_kick1_b"] },
                      { "time": 8.49, "notes": ["hypnus_mid10_face_b_drum_kick1_b"] },
                      { "time": 9.05, "notes": ["hypnus_mid01_face_b_lead_lead1_b", "hypnus_mid04_face_b_bass_bass1_b", "hypnus_mid09_face_b_fx_vocal1_b", "hypnus_mid10_face_b_drum_kick1_b"] },
                      { "time": 9.62, "notes": ["hypnus_mid11_face_b_drum_kick2_b"] },
                      { "time": 10.18, "notes": ["hypnus_mid11_face_b_drum_kick2_b"] },
                      { "time": 10.75, "notes": ["hypnus_mid11_face_b_drum_kick2_b"] },
                      { "time": 11.03, "notes": ["hypnus_mid10_face_b_drum_kick1_b"] },
                      { "time": 11.32, "notes": ["hypnus_mid02_face_b_lead_lead2_b", "hypnus_mid05_face_b_bass_bass2_b", "hypnus_mid10_face_b_drum_kick1_b"] },
                      { "time": 11.88, "notes": ["hypnus_mid11_face_b_drum_kick2_b"] },
                      { "time": 12.45, "notes": ["hypnus_mid11_face_b_drum_kick2_b"] },
                      { "time": 13.01, "notes": ["hypnus_mid10_face_b_drum_kick1_b"] },
                      { "time": 13.58, "notes": ["hypnus_mid03_face_b_lead_lead3_b", "hypnus_mid07_face_b_bass_bass3_b", "hypnus_mid10_face_b_drum_kick1_b", "hypnus_mid12_face_b_fx_vocal2_b"] },
                      { "time": 14.15, "notes": ["hypnus_mid11_face_b_drum_kick2_b"] },
                      { "time": 14.71, "notes": ["hypnus_mid11_face_b_drum_kick2_b"] },
                      { "time": 15.28, "notes": ["hypnus_mid11_face_b_drum_kick2_b"] },
                      { "time": 15.56, "notes": ["hypnus_mid10_face_b_drum_kick1_b"] },
                      { "time": 15.84, "notes": ["hypnus_mid06_face_b_lead_lead4_b", "hypnus_mid08_face_b_bass_bass4_b", "hypnus_mid10_face_b_drum_kick1_b"] },
                      { "time": 16.41, "notes": ["hypnus_mid11_face_b_drum_kick2_b"] },
                      { "time": 16.98, "notes": ["hypnus_mid10_face_b_drum_kick1_b"] },
                      { "time": 17.54, "notes": ["hypnus_mid10_face_b_drum_kick1_b"] },
                      { "time": 18.11, "notes": ["hypnus_mid01_face_b_lead_lead1_b", "hypnus_mid04_face_b_bass_bass1_b", "hypnus_mid09_face_b_fx_vocal1_b"] },
                      { "time": 20.37, "notes": ["hypnus_mid02_face_b_lead_lead2_b", "hypnus_mid05_face_b_bass_bass2_b"] },
                      { "time": 22.64, "notes": ["hypnus_mid03_face_b_lead_lead3_b", "hypnus_mid07_face_b_bass_bass3_b", "hypnus_mid12_face_b_fx_vocal2_b"] },
                      { "time": 24.90, "notes": ["hypnus_mid06_face_b_lead_lead4_b", "hypnus_mid08_face_b_bass_bass4_b"] },
                      { "time": 27.17, "notes": ["hypnus_mid01_face_b_lead_lead1_b", "hypnus_mid04_face_b_bass_bass1_b", "hypnus_mid09_face_b_fx_vocal1_b"] },
                      { "time": 29.43, "notes": ["hypnus_mid02_face_b_lead_lead2_b", "hypnus_mid05_face_b_bass_bass2_b"] },
                      { "time": 31.69, "notes": ["hypnus_mid03_face_b_lead_lead3_b", "hypnus_mid07_face_b_bass_bass3_b", "hypnus_mid12_face_b_fx_vocal2_b"] },
                      { "time": 33.96, "notes": ["hypnus_mid06_face_b_lead_lead4_b", "hypnus_mid08_face_b_bass_bass4_b"] }
                  ]
              }


]
