[
  {
    "events": [
      { "time": 0.0, "notes": ["JustHappy_mid06_face_a_drum_a"] },
      { "time": 3.3, "notes": ["JustHappy_mid08_face_a_drum_a"] },
      { "time": 6.6, "notes": ["JustHappy_mid12_face_a_drum_a"] },
      { "time": 9.9, "notes": ["JustHappy_mid09_face_a_drum_a"] },
      { "time": 13.2, "notes": ["JustHappy_mid05_face_a_drum_a"] },
      { "time": 16.4, "notes": ["JustHappy_mid10_face_a_lead_a"] },
      { "time": 19.7, "notes": ["JustHappy_mid04_face_a_lead_a"] },
      { "time": 23.0, "notes": ["JustHappy_mid02_face_a_lead_a"] },
      { "time": 26.3, "notes": ["JustHappy_mid01_face_a_drum_a"] }
    ]
  }

]