[
    {
      "events": [
        { "time": 0.00, "notes": ["justhappy_mid01_face_b_lead_lead1_b"] },
        { "time": 3.28, "notes": ["justhappy_mid02_face_b_lead_lead2_b"] },
        { "time": 6.57, "notes": ["justhappy_mid03_face_b_lead_lead3_b"] },
        { "time": 9.86, "notes": ["justhappy_mid06_face_b_lead_lead4_b"] },
        { "time": 13.15, "notes": ["justhappy_mid01_face_b_lead_lead1_b"] },
        { "time": 16.43, "notes": ["justhappy_mid02_face_b_lead_lead2_b"] },
        { "time": 19.72, "notes": ["justhappy_mid03_face_b_lead_lead3_b"] },
        { "time": 23.01, "notes": ["justhappy_mid06_face_b_lead_lead4_b"] }
      ]
    }
]
