[
  {
    "events": [
      {"time": "00:00", "notes": ["justhappy_mid01_face_b_lead_lead1_b", "justhappy_mid04_face_b_bass_bass1_b", "justhappy_mid10_face_b_drum_kick_b"]},
      {"time": "00:82", "notes": ["justhappy_mid10_face_b_drum_kick_b"]},
      {"time": "01:02", "notes": ["justhappy_mid10_face_b_drum_kick_b"]},
      {"time": "01:64", "notes": ["justhappy_mid10_face_b_drum_kick_b"]},
      {"time": "02:46", "notes": ["justhappy_mid10_face_b_drum_kick_b"]},
      {"time": "02:67", "notes": ["justhappy_mid10_face_b_drum_kick_b"]},
      {"time": "03:28", "notes": ["justhappy_mid02_face_b_lead_lead2_b", "justhappy_mid05_face_b_bass_bass2_b", "justhappy_mid10_face_b_drum_kick_b", "justhappy_mid11_face_b_drum_snare2_b", "justhappy_mid11_face_b_drum_snare1_b"]},
      {"time": "04:11", "notes": ["justhappy_mid10_face_b_drum_kick_b"]},
      {"time": "04:31", "notes": ["justhappy_mid10_face_b_drum_kick_b"]},
      {"time": "04:93", "notes": ["justhappy_mid10_face_b_drum_kick_b"]},
      {"time": "05:75", "notes": ["justhappy_mid10_face_b_drum_kick_b"]},
      {"time": "05:95", "notes": ["justhappy_mid10_face_b_drum_kick_b"]},
      {"time": "06:57", "notes": ["justhappy_mid03_face_b_lead_lead3_b", "justhappy_mid07_face_b_bass_bass3_b", "justhappy_mid10_face_b_drum_kick_b", "justhappy_mid11_face_b_drum_snare2_b", "justhappy_mid11_face_b_drum_snare1_b"]},
      {"time": "07:39", "notes": ["justhappy_mid10_face_b_drum_kick_b"]},
      {"time": "07:60", "notes": ["justhappy_mid10_face_b_drum_kick_b"]},
      {"time": "08:21", "notes": ["justhappy_mid10_face_b_drum_kick_b"]},
      {"time": "08:63", "notes": ["justhappy_mid11_face_b_drum_snare1_b"]},
      {"time": "09:04", "notes": ["justhappy_mid10_face_b_drum_kick_b"]},
      {"time": "09:24", "notes": ["justhappy_mid10_face_b_drum_kick_b"]},
      {"time": "09:45", "notes": ["justhappy_mid11_face_b_drum_snare1_b"]},
      {"time": "09:86", "notes": ["justhappy_mid06_face_b_lead_lead4_b", "justhappy_mid08_face_b_bass_bass4_b", "justhappy_mid10_face_b_drum_kick_b", "justhappy_mid11_face_b_drum_snare1_b"]},
      {"time": "10:27", "notes": ["justhappy_mid11_face_b_drum_snare1_b"]},
      {"time": "10:68", "notes": ["justhappy_mid10_face_b_drum_kick_b"]},
      {"time": "10:89", "notes": ["justhappy_mid10_face_b_drum_kick_b"]},
      {"time": "11:09", "notes": ["justhappy_mid11_face_b_drum_snare1_b", "justhappy_mid12_face_b_drum_snare2_b"]},
      {"time": "11:50", "notes": ["justhappy_mid10_face_b_drum_kick_b"]},
      {"time": "11:91", "notes": ["justhappy_mid11_face_b_drum_snare1_b"]},
      {"time": "12:32", "notes": ["justhappy_mid10_face_b_drum_kick_b"]},
      {"time": "12:53", "notes": ["justhappy_mid10_face_b_drum_kick_b"]},
      {"time": "12:74", "notes": ["justhappy_mid11_face_b_drum_snare1_b"]},
      {"time": "13:15", "notes": ["justhappy_mid01_face_b_lead_lead1_b", "justhappy_mid04_face_b_bass_bass1_b", "justhappy_mid09_face_b_fx_fx_b", "justhappy_mid10_face_b_drum_kick_b"]},
      {"time": "13:56", "notes": ["justhappy_mid11_face_b_drum_snare1_b"]},
      {"time": "13:97", "notes": ["justhappy_mid10_face_b_drum_kick_b"]},
      {"time": "14:17", "notes": ["justhappy_mid10_face_b_drum_kick_b"]},
      {"time": "14:38", "notes": ["justhappy_mid11_face_b_drum_snare1_b", "justhappy_mid12_face_b_drum_snare2_b"]},
      {"time": "14:79", "notes": ["justhappy_mid10_face_b_drum_kick_b"]},
      {"time": "15:20", "notes": ["justhappy_mid11_face_b_drum_snare1_b"]},
      {"time": "15:61", "notes": ["justhappy_mid10_face_b_drum_kick_b"]},
      {"time": "15:82", "notes": ["justhappy_mid10_face_b_drum_kick_b"]},
      {"time": "16:02", "notes": ["justhappy_mid11_face_b_drum_snare1_b"]},
      {"time": "16:43", "notes": ["justhappy_mid02_face_b_lead_lead2_b", "justhappy_mid05_face_b_bass_bass2_b", "justhappy_mid10_face_b_drum_kick_b"]},
      {"time": "16:84", "notes": ["justhappy_mid11_face_b_drum_snare1_b"]},
      {"time": "17:26", "notes": ["justhappy_mid10_face_b_drum_kick_b"]},
      {"time": "17:46", "notes": ["justhappy_mid10_face_b_drum_kick_b"]},
      {"time": "17:67", "notes": ["justhappy_mid11_face_b_drum_snare1_b", "justhappy_mid12_face_b_drum_snare2_b"]},
      {"time": "18:08", "notes": ["justhappy_mid10_face_b_drum_kick_b"]},
      {"time": "18:49", "notes": ["justhappy_mid11_face_b_drum_snare1_b"]},
      {"time": "18:90", "notes": ["justhappy_mid10_face_b_drum_kick_b"]},
      {"time": "19:11", "notes": ["justhappy_mid10_face_b_drum_kick_b"]},
      {"time": "19:31", "notes": ["justhappy_mid11_face_b_drum_snare1_b"]},
      {"time": "19:72", "notes": ["justhappy_mid03_face_b_lead_lead3_b", "justhappy_mid07_face_b_bass_bass3_b", "justhappy_mid10_face_b_drum_kick_b"]},
      {"time": "20:13", "notes": ["justhappy_mid11_face_b_drum_snare1_b"]},
      {"time": "20:54", "notes": ["justhappy_mid10_face_b_drum_kick_b"]},
      {"time": "20:75", "notes": ["justhappy_mid10_face_b_drum_kick_b"]},
      {"time": "20:95", "notes": ["justhappy_mid11_face_b_drum_snare1_b", "justhappy_mid12_face_b_drum_snare2_b"]},
      {"time": "21:37", "notes": ["justhappy_mid10_face_b_drum_kick_b"]},
      {"time": "21:78", "notes": ["justhappy_mid11_face_b_drum_snare1_b"]},
      {"time": "22:19", "notes": ["justhappy_mid10_face_b_drum_kick_b"]},
      {"time": "22:39", "notes": ["justhappy_mid10_face_b_drum_kick_b"]},
      {"time": "22:60", "notes": ["justhappy_mid11_face_b_drum_snare1_b"]},
      {"time": "23:01", "notes": ["justhappy_mid06_face_b_lead_lead4_b", "justhappy_mid08_face_b_bass_bass4_b", "justhappy_mid10_face_b_drum_kick_b"]},
      {"time": "23:42", "notes": ["justhappy_mid11_face_b_drum_snare1_b"]},
      {"time": "23:83", "notes": ["justhappy_mid10_face_b_drum_kick_b"]},
      {"time": "24:04", "notes": ["justhappy_mid10_face_b_drum_kick_b"]},
      {"time": "24:24", "notes": ["justhappy_mid11_face_b_drum_snare1_b", "justhappy_mid12_face_b_drum_snare2_b"]},
      {"time": "24:65", "notes": ["justhappy_mid10_face_b_drum_kick_b"]},
      {"time": "25:06", "notes": ["justhappy_mid11_face_b_drum_snare1_b"]},
      {"time": "25:47", "notes": ["justhappy_mid10_face_b_drum_kick_b"]},
      {"time": "25:68", "notes": ["justhappy_mid10_face_b_drum_kick_b"]},
      {"time": "25:89", "notes": ["justhappy_mid11_face_b_drum_snare1_b"]}
    ]
  }

]