[
  {
    "events": [
      { "time": 0.0, "notes": ["NightYukataClub_mid05_face_a_drum_a"] },
      { "time": 3.3, "notes": ["NightYukataClub_mid12_face_a_drum_a"] },
      { "time": 6.5, "notes": ["NightYukataClub_mid01_face_a_lead_a"] },
      { "time": 9.8, "notes": ["NightYukataClub_mid11_face_a_lead_a"] },
      { "time": 13.0, "notes": ["NightYukataClub_mid08_face_a_drum_a"] },
      { "time": 16.3, "notes": ["NightYukataClub_mid03_face_a_lead_a"] },
      { "time": 19.5, "notes": ["NightYukataClub_mid10_face_a_drum_a"] },
      { "time": 22.8, "notes": ["NightYukataClub_mid09_face_a_drum_a"] },
      { "time": 26.0, "notes": ["NightYukataClub_mid04_face_a_drum_a"] },
      { "time": 29.3, "notes": ["NightYukataClub_mid02_face_a_lead_a"] },
      { "time": 32.5, "notes": ["NightYukataClub_mid07_face_a_lead_a"] },
      { "time": 35.8, "notes": ["NightYukataClub_mid06_face_a_lead_a"] }
    ]
  }

]