[
    {
      "events": [
        { "time": 0.00, "notes": ["nightyutakaclub_mid01_face_b_lead_lead1_b"] },
        { "time": 3.09, "notes": ["nightyutakaclub_mid02_face_b_lead_lead2_b"] },
        { "time": 6.19, "notes": ["nightyutakaclub_mid03_face_b_lead_lead3_b"] },
        { "time": 9.29, "notes": ["nightyutakaclub_mid06_face_b_lead_lead4_b"] },
        { "time": 12.38, "notes": ["nightyutakaclub_mid01_face_b_lead_lead1_b"] },
        { "time": 15.48, "notes": ["nightyutakaclub_mid02_face_b_lead_lead2_b"] },
        { "time": 18.58, "notes": ["nightyutakaclub_mid03_face_b_lead_lead3_b"] },
        { "time": 21.67, "notes": ["nightyutakaclub_mid06_face_b_lead_lead4_b"] }
      ]
    }
]
