[
    {
      "events": [
        { "time": 0.00, "notes": ["nightyutakaclub_mid10_face_a_drum_kick_a", "nightyutakaclub_mid11_face_a_drum_hihat_a"] },
        { "time": 0.58, "notes": ["nightyutakaclub_mid10_face_a_drum_kick_a"] },
        { "time": 0.77, "notes": ["nightyutakaclub_mid12_face_a_drum_snare_a"] },
        { "time": 1.16, "notes": ["nightyutakaclub_mid10_face_a_drum_kick_a"] },
        { "time": 1.93, "notes": ["nightyutakaclub_mid10_face_a_drum_kick_a"] },
        { "time": 2.32, "notes": ["nightyutakaclub_mid12_face_a_drum_snare_a"] },
        { "time": 3.09, "notes": ["nightyutakaclub_mid10_face_a_drum_kick_a", "nightyutakaclub_mid11_face_a_drum_hihat_a"] },
        { "time": 3.67, "notes": ["nightyutakaclub_mid10_face_a_drum_kick_a"] },
        { "time": 3.87, "notes": ["nightyutakaclub_mid12_face_a_drum_snare_a"] },
        { "time": 4.25, "notes": ["nightyutakaclub_mid10_face_a_drum_kick_a"] },
        { "time": 5.03, "notes": ["nightyutakaclub_mid10_face_a_drum_kick_a"] },
        { "time": 5.41, "notes": ["nightyutakaclub_mid12_face_a_drum_snare_a"] },
        { "time": 6.19, "notes": ["nightyutakaclub_mid10_face_a_drum_kick_a", "nightyutakaclub_mid11_face_a_drum_hihat_a"] },
        { "time": 6.77, "notes": ["nightyutakaclub_mid10_face_a_drum_kick_a"] },
        { "time": 6.96, "notes": ["nightyutakaclub_mid12_face_a_drum_snare_a"] },
        { "time": 7.35, "notes": ["nightyutakaclub_mid10_face_a_drum_kick_a"] },
        { "time": 8.12, "notes": ["nightyutakaclub_mid10_face_a_drum_kick_a"] },
        { "time": 8.51, "notes": ["nightyutakaclub_mid12_face_a_drum_snare_a"] },
        { "time": 9.29, "notes": ["nightyutakaclub_mid10_face_a_drum_kick_a", "nightyutakaclub_mid11_face_a_drum_hihat_a"] },
        { "time": 9.87, "notes": ["nightyutakaclub_mid10_face_a_drum_kick_a"] },
        { "time": 10.06, "notes": ["nightyutakaclub_mid12_face_a_drum_snare_a"] },
        { "time": 10.45, "notes": ["nightyutakaclub_mid10_face_a_drum_kick_a"] },
        { "time": 11.22, "notes": ["nightyutakaclub_mid10_face_a_drum_kick_a"] },
        { "time": 11.61, "notes": ["nightyutakaclub_mid12_face_a_drum_snare_a"] },
        { "time": 12.38, "notes": ["nightyutakaclub_mid10_face_a_drum_kick_a", "nightyutakaclub_mid11_face_a_drum_hihat_a"] },
        { "time": 12.96, "notes": ["nightyutakaclub_mid10_face_a_drum_kick_a"] },
        { "time": 13.16, "notes": ["nightyutakaclub_mid12_face_a_drum_snare_a"] },
        { "time": 13.54, "notes": ["nightyutakaclub_mid10_face_a_drum_kick_a"] },
        { "time": 14.32, "notes": ["nightyutakaclub_mid10_face_a_drum_kick_a"] },
        { "time": 14.71, "notes": ["nightyutakaclub_mid12_face_a_drum_snare_a"] },
        { "time": 15.48, "notes": ["nightyutakaclub_mid10_face_a_drum_kick_a", "nightyutakaclub_mid11_face_a_drum_hihat_a"] },
        { "time": 16.06, "notes": ["nightyutakaclub_mid10_face_a_drum_kick_a"] },
        { "time": 16.25, "notes": ["nightyutakaclub_mid12_face_a_drum_snare_a"] },
        { "time": 16.64, "notes": ["nightyutakaclub_mid10_face_a_drum_kick_a"] },
        { "time": 17.41, "notes": ["nightyutakaclub_mid10_face_a_drum_kick_a"] },
        { "time": 17.80, "notes": ["nightyutakaclub_mid12_face_a_drum_snare_a"] },
        { "time": 18.58, "notes": ["nightyutakaclub_mid10_face_a_drum_kick_a", "nightyutakaclub_mid11_face_a_drum_hihat_a"] },
        { "time": 19.16, "notes": ["nightyutakaclub_mid10_face_a_drum_kick_a"] },
        { "time": 19.35, "notes": ["nightyutakaclub_mid12_face_a_drum_snare_a"] },
        { "time": 19.74, "notes": ["nightyutakaclub_mid10_face_a_drum_kick_a"] },
        { "time": 20.51, "notes": ["nightyutakaclub_mid10_face_a_drum_kick_a"] },
        { "time": 20.90, "notes": ["nightyutakaclub_mid12_face_a_drum_snare_a"] },
        { "time": 21.67, "notes": ["nightyutakaclub_mid10_face_a_drum_kick_a", "nightyutakaclub_mid11_face_a_drum_hihat_a"] },
        { "time": 22.25, "notes": ["nightyutakaclub_mid10_face_a_drum_kick_a"] },
        { "time": 22.45, "notes": ["nightyutakaclub_mid12_face_a_drum_snare_a"] },
        { "time": 22.83, "notes": ["nightyutakaclub_mid10_face_a_drum_kick_a"] },
        { "time": 23.61, "notes": ["nightyutakaclub_mid10_face_a_drum_kick_a"] }
      ]
    },
    {
      "events": [
        { "time": 0.00, "notes": ["nightyutakaclub_mid01_face_a_lead_lead1_a"] },
        { "time": 3.09, "notes": ["nightyutakaclub_mid02_face_a_lead_lead2_a"] },
        { "time": 6.19, "notes": ["nightyutakaclub_mid03_face_a_lead_lead3_a"] },
        { "time": 9.29, "notes": ["nightyutakaclub_mid06_face_a_lead_lead4_a"] },
        { "time": 12.38, "notes": ["nightyutakaclub_mid01_face_a_lead_lead1_a"] },
        { "time": 15.48, "notes": ["nightyutakaclub_mid02_face_a_lead_lead2_a"] },
        { "time": 18.58, "notes": ["nightyutakaclub_mid03_face_a_lead_lead3_a"] },
        { "time": 21.67, "notes": ["nightyutakaclub_mid06_face_a_lead_lead4_a"] }
      ]
    },
    {
      "events": [
        { "time": 0.00, "notes": ["nightyutakaclub_mid04_face_a_bass_bass1_a"] },
        { "time": 3.09, "notes": ["nightyutakaclub_mid05_face_a_bass_bass2_a"] },
        { "time": 6.19, "notes": ["nightyutakaclub_mid07_face_a_bass_bass3_a"] },
        { "time": 9.29, "notes": ["nightyutakaclub_mid08_face_a_bass_bass4_a"] },
        { "time": 12.38, "notes": ["nightyutakaclub_mid04_face_a_bass_bass1_a"] },
        { "time": 15.48, "notes": ["nightyutakaclub_mid05_face_a_bass_bass2_a"] },
        { "time": 18.58, "notes": ["nightyutakaclub_mid07_face_a_bass_bass3_a"] },
        { "time": 21.67, "notes": ["nightyutakaclub_mid08_face_a_bass_bass4_a"] }
      ]
    },
    {
      "events": [
        { "time": 0.00, "notes": ["nightyutakaclub_mid04_face_a_bass_bass1_a", "nightyutakaclub_mid10_face_a_drum_kick_a", "nightyutakaclub_mid11_face_a_drum_hihat_a"] },
        { "time": 0.58, "notes": ["nightyutakaclub_mid10_face_a_drum_kick_a"] },
        { "time": 0.77, "notes": ["nightyutakaclub_mid12_face_a_drum_snare_a"] },
        { "time": 1.16, "notes": ["nightyutakaclub_mid10_face_a_drum_kick_a"] },
        { "time": 1.93, "notes": ["nightyutakaclub_mid10_face_a_drum_kick_a"] },
        { "time": 2.32, "notes": ["nightyutakaclub_mid12_face_a_drum_snare_a"] },
        { "time": 3.09, "notes": ["nightyutakaclub_mid05_face_a_bass_bass2_a", "nightyutakaclub_mid10_face_a_drum_kick_a", "nightyutakaclub_mid11_face_a_drum_hihat_a"] },
        { "time": 3.67, "notes": ["nightyutakaclub_mid10_face_a_drum_kick_a"] },
        { "time": 3.87, "notes": ["nightyutakaclub_mid12_face_a_drum_snare_a"] },
        { "time": 4.25, "notes": ["nightyutakaclub_mid10_face_a_drum_kick_a"] },
        { "time": 5.03, "notes": ["nightyutakaclub_mid10_face_a_drum_kick_a"] },
        { "time": 5.41, "notes": ["nightyutakaclub_mid12_face_a_drum_snare_a"] },
        { "time": 6.19, "notes": ["nightyutakaclub_mid07_face_a_bass_bass3_a", "nightyutakaclub_mid10_face_a_drum_kick_a", "nightyutakaclub_mid11_face_a_drum_hihat_a"] },
        { "time": 6.77, "notes": ["nightyutakaclub_mid10_face_a_drum_kick_a"] },
        { "time": 6.96, "notes": ["nightyutakaclub_mid12_face_a_drum_snare_a"] },
        { "time": 7.35, "notes": ["nightyutakaclub_mid10_face_a_drum_kick_a"] },
        { "time": 8.12, "notes": ["nightyutakaclub_mid10_face_a_drum_kick_a"] },
        { "time": 8.51, "notes": ["nightyutakaclub_mid12_face_a_drum_snare_a"] },
        { "time": 9.29, "notes": ["nightyutakaclub_mid08_face_a_bass_bass4_a", "nightyutakaclub_mid10_face_a_drum_kick_a", "nightyutakaclub_mid11_face_a_drum_hihat_a"] },
        { "time": 9.87, "notes": ["nightyutakaclub_mid10_face_a_drum_kick_a"] },
        { "time": 10.06, "notes": ["nightyutakaclub_mid12_face_a_drum_snare_a"] },
        { "time": 10.45, "notes": ["nightyutakaclub_mid10_face_a_drum_kick_a"] },
        { "time": 11.22, "notes": ["nightyutakaclub_mid10_face_a_drum_kick_a"] },
        { "time": 11.61, "notes": ["nightyutakaclub_mid12_face_a_drum_snare_a"] },
        { "time": 12.38, "notes": ["nightyutakaclub_mid04_face_a_bass_bass1_a", "nightyutakaclub_mid10_face_a_drum_kick_a", "nightyutakaclub_mid11_face_a_drum_hihat_a"] },
        { "time": 12.96, "notes": ["nightyutakaclub_mid10_face_a_drum_kick_a"] },
        { "time": 13.16, "notes": ["nightyutakaclub_mid12_face_a_drum_snare_a"] },
        { "time": 13.54, "notes": ["nightyutakaclub_mid10_face_a_drum_kick_a"] },
        { "time": 14.32, "notes": ["nightyutakaclub_mid10_face_a_drum_kick_a"] },
        { "time": 14.71, "notes": ["nightyutakaclub_mid12_face_a_drum_snare_a"] },
        { "time": 15.48, "notes": ["nightyutakaclub_mid05_face_a_bass_bass2_a", "nightyutakaclub_mid10_face_a_drum_kick_a", "nightyutakaclub_mid11_face_a_drum_hihat_a"] },
        { "time": 16.06, "notes": ["nightyutakaclub_mid10_face_a_drum_kick_a"] },
        { "time": 16.25, "notes": ["nightyutakaclub_mid12_face_a_drum_snare_a"] },
        { "time": 16.64, "notes": ["nightyutakaclub_mid10_face_a_drum_kick_a"] },
        { "time": 17.41, "notes": ["nightyutakaclub_mid10_face_a_drum_kick_a"] },
        { "time": 17.80, "notes": ["nightyutakaclub_mid12_face_a_drum_snare_a"] },
        { "time": 18.58, "notes": ["nightyutakaclub_mid07_face_a_bass_bass3_a", "nightyutakaclub_mid10_face_a_drum_kick_a", "nightyutakaclub_mid11_face_a_drum_hihat_a"] },
        { "time": 19.16, "notes": ["nightyutakaclub_mid10_face_a_drum_kick_a"] },
        { "time": 19.35, "notes": ["nightyutakaclub_mid12_face_a_drum_snare_a"] },
        { "time": 19.74, "notes": ["nightyutakaclub_mid10_face_a_drum_kick_a"] },
        { "time": 20.51, "notes": ["nightyutakaclub_mid10_face_a_drum_kick_a"] },
        { "time": 20.90, "notes": ["nightyutakaclub_mid12_face_a_drum_snare_a"] },
        { "time": 21.67, "notes": ["nightyutakaclub_mid08_face_a_bass_bass4_a", "nightyutakaclub_mid10_face_a_drum_kick_a", "nightyutakaclub_mid11_face_a_drum_hihat_a"] },
        { "time": 22.25, "notes": ["nightyutakaclub_mid10_face_a_drum_kick_a"] },
        { "time": 22.45, "notes": ["nightyutakaclub_mid12_face_a_drum_snare_a"] },
        { "time": 22.83, "notes": ["nightyutakaclub_mid10_face_a_drum_kick_a"] },
        { "time": 23.61, "notes": ["nightyutakaclub_mid10_face_a_drum_kick_a"] }
      ]
    },
    {
      "events": [
        { "time": 0.00, "notes": ["nightyutakaclub_mid01_face_a_lead_lead1_a", "nightyutakaclub_mid10_face_a_drum_kick_a", "nightyutakaclub_mid11_face_a_drum_hihat_a"] },
        { "time": 0.58, "notes": ["nightyutakaclub_mid10_face_a_drum_kick_a"] },
        { "time": 0.77, "notes": ["nightyutakaclub_mid12_face_a_drum_snare_a"] },
        { "time": 1.16, "notes": ["nightyutakaclub_mid10_face_a_drum_kick_a"] },
        { "time": 1.93, "notes": ["nightyutakaclub_mid10_face_a_drum_kick_a"] },
        { "time": 2.32, "notes": ["nightyutakaclub_mid12_face_a_drum_snare_a"] },
        { "time": 3.09, "notes": ["nightyutakaclub_mid02_face_a_lead_lead2_a", "nightyutakaclub_mid10_face_a_drum_kick_a", "nightyutakaclub_mid11_face_a_drum_hihat_a"] },
        { "time": 3.67, "notes": ["nightyutakaclub_mid10_face_a_drum_kick_a"] },
        { "time": 3.87, "notes": ["nightyutakaclub_mid12_face_a_drum_snare_a"] },
        { "time": 4.25, "notes": ["nightyutakaclub_mid10_face_a_drum_kick_a"] },
        { "time": 5.03, "notes": ["nightyutakaclub_mid10_face_a_drum_kick_a"] },
        { "time": 5.41, "notes": ["nightyutakaclub_mid12_face_a_drum_snare_a"] },
        { "time": 6.19, "notes": ["nightyutakaclub_mid03_face_a_lead_lead3_a", "nightyutakaclub_mid10_face_a_drum_kick_a", "nightyutakaclub_mid11_face_a_drum_hihat_a"] },
        { "time": 6.77, "notes": ["nightyutakaclub_mid10_face_a_drum_kick_a"] },
        { "time": 6.96, "notes": ["nightyutakaclub_mid12_face_a_drum_snare_a"] },
        { "time": 7.35, "notes": ["nightyutakaclub_mid10_face_a_drum_kick_a"] },
        { "time": 8.12, "notes": ["nightyutakaclub_mid10_face_a_drum_kick_a"] },
        { "time": 8.51, "notes": ["nightyutakaclub_mid12_face_a_drum_snare_a"] },
        { "time": 9.29, "notes": ["nightyutakaclub_mid06_face_a_lead_lead4_a", "nightyutakaclub_mid10_face_a_drum_kick_a", "nightyutakaclub_mid11_face_a_drum_hihat_a"] },
        { "time": 9.87, "notes": ["nightyutakaclub_mid10_face_a_drum_kick_a"] },
        { "time": 10.06, "notes": ["nightyutakaclub_mid12_face_a_drum_snare_a"] },
        { "time": 10.45, "notes": ["nightyutakaclub_mid10_face_a_drum_kick_a"] },
        { "time": 11.22, "notes": ["nightyutakaclub_mid10_face_a_drum_kick_a"] },
        { "time": 11.61, "notes": ["nightyutakaclub_mid12_face_a_drum_snare_a"] },
        { "time": 12.38, "notes": ["nightyutakaclub_mid01_face_a_lead_lead1_a", "nightyutakaclub_mid10_face_a_drum_kick_a", "nightyutakaclub_mid11_face_a_drum_hihat_a"] },
        { "time": 12.96, "notes": ["nightyutakaclub_mid10_face_a_drum_kick_a"] },
        { "time": 13.16, "notes": ["nightyutakaclub_mid12_face_a_drum_snare_a"] },
        { "time": 13.54, "notes": ["nightyutakaclub_mid10_face_a_drum_kick_a"] },
        { "time": 14.32, "notes": ["nightyutakaclub_mid10_face_a_drum_kick_a"] },
        { "time": 14.71, "notes": ["nightyutakaclub_mid12_face_a_drum_snare_a"] },
        { "time": 15.48, "notes": ["nightyutakaclub_mid02_face_a_lead_lead2_a", "nightyutakaclub_mid10_face_a_drum_kick_a", "nightyutakaclub_mid11_face_a_drum_hihat_a"] },
        { "time": 16.06, "notes": ["nightyutakaclub_mid10_face_a_drum_kick_a"] },
        { "time": 16.25, "notes": ["nightyutakaclub_mid12_face_a_drum_snare_a"] },
        { "time": 16.64, "notes": ["nightyutakaclub_mid10_face_a_drum_kick_a"] },
        { "time": 17.41, "notes": ["nightyutakaclub_mid10_face_a_drum_kick_a"] },
        { "time": 17.80, "notes": ["nightyutakaclub_mid12_face_a_drum_snare_a"] },
        { "time": 18.58, "notes": ["nightyutakaclub_mid03_face_a_lead_lead3_a", "nightyutakaclub_mid10_face_a_drum_kick_a", "nightyutakaclub_mid11_face_a_drum_hihat_a"] },
        { "time": 19.16, "notes": ["nightyutakaclub_mid10_face_a_drum_kick_a"] },
        { "time": 19.35, "notes": ["nightyutakaclub_mid12_face_a_drum_snare_a"] },
        { "time": 19.74, "notes": ["nightyutakaclub_mid10_face_a_drum_kick_a"] },
        { "time": 20.51, "notes": ["nightyutakaclub_mid10_face_a_drum_kick_a"] },
        { "time": 20.90, "notes": ["nightyutakaclub_mid12_face_a_drum_snare_a"] },
        { "time": 21.67, "notes": ["nightyutakaclub_mid06_face_a_lead_lead4_a", "nightyutakaclub_mid10_face_a_drum_kick_a", "nightyutakaclub_mid11_face_a_drum_hihat_a"] },
        { "time": 22.25, "notes": ["nightyutakaclub_mid10_face_a_drum_kick_a"] },
        { "time": 22.45, "notes": ["nightyutakaclub_mid12_face_a_drum_snare_a"] },
        { "time": 22.83, "notes": ["nightyutakaclub_mid10_face_a_drum_kick_a"] },
        { "time": 23.61, "notes": ["nightyutakaclub_mid10_face_a_drum_kick_a"] }
      ]
    },
    {
      "events": [
        { "time": 0.00, "notes": ["nightyutakaclub_mid01_face_a_lead_lead1_a", "nightyutakaclub_mid04_face_a_bass_bass1_a"] },
        { "time": 3.09, "notes": ["nightyutakaclub_mid02_face_a_lead_lead2_a", "nightyutakaclub_mid05_face_a_bass_bass2_a"] },
        { "time": 6.19, "notes": ["nightyutakaclub_mid03_face_a_lead_lead3_a", "nightyutakaclub_mid07_face_a_bass_bass3_a"] },
        { "time": 9.29, "notes": ["nightyutakaclub_mid06_face_a_lead_lead4_a", "nightyutakaclub_mid08_face_a_bass_bass4_a"] },
        { "time": 12.38, "notes": ["nightyutakaclub_mid01_face_a_lead_lead1_a", "nightyutakaclub_mid04_face_a_bass_bass1_a"] },
        { "time": 15.48, "notes": ["nightyutakaclub_mid02_face_a_lead_lead2_a", "nightyutakaclub_mid05_face_a_bass_bass2_a"] },
        { "time": 18.58, "notes": ["nightyutakaclub_mid03_face_a_lead_lead3_a", "nightyutakaclub_mid07_face_a_bass_bass3_a"] },
        { "time": 21.67, "notes": ["nightyutakaclub_mid06_face_a_lead_lead4_a", "nightyutakaclub_mid08_face_a_bass_bass4_a"] }
      ]
    },
    {
      "events": [
        { "time": 0.00, "notes": ["nightyutakaclub_mid01_face_a_lead_lead1_a", "nightyutakaclub_mid04_face_a_bass_bass1_a", "nightyutakaclub_mid10_face_a_drum_kick_a", "nightyutakaclub_mid11_face_a_drum_hihat_a"] },
        { "time": 0.58, "notes": ["nightyutakaclub_mid10_face_a_drum_kick_a"] },
        { "time": 0.77, "notes": ["nightyutakaclub_mid12_face_a_drum_snare_a"] },
        { "time": 1.16, "notes": ["nightyutakaclub_mid10_face_a_drum_kick_a"] },
        { "time": 1.93, "notes": ["nightyutakaclub_mid10_face_a_drum_kick_a"] },
        { "time": 2.32, "notes": ["nightyutakaclub_mid12_face_a_drum_snare_a"] },
        { "time": 3.09, "notes": ["nightyutakaclub_mid02_face_a_lead_lead2_a", "nightyutakaclub_mid05_face_a_bass_bass2_a", "nightyutakaclub_mid10_face_a_drum_kick_a", "nightyutakaclub_mid11_face_a_drum_hihat_a"] },
        { "time": 3.67, "notes": ["nightyutakaclub_mid10_face_a_drum_kick_a"] },
        { "time": 3.87, "notes": ["nightyutakaclub_mid12_face_a_drum_snare_a"] },
        { "time": 4.25, "notes": ["nightyutakaclub_mid10_face_a_drum_kick_a"] },
        { "time": 5.03, "notes": ["nightyutakaclub_mid10_face_a_drum_kick_a"] },
        { "time": 5.41, "notes": ["nightyutakaclub_mid12_face_a_drum_snare_a"] },
        { "time": 6.19, "notes": ["nightyutakaclub_mid03_face_a_lead_lead3_a", "nightyutakaclub_mid07_face_a_bass_bass3_a", "nightyutakaclub_mid10_face_a_drum_kick_a", "nightyutakaclub_mid11_face_a_drum_hihat_a"] },
        { "time": 6.77, "notes": ["nightyutakaclub_mid10_face_a_drum_kick_a"] },
        { "time": 6.96, "notes": ["nightyutakaclub_mid12_face_a_drum_snare_a"] },
        { "time": 7.35, "notes": ["nightyutakaclub_mid10_face_a_drum_kick_a"] },
        { "time": 8.12, "notes": ["nightyutakaclub_mid10_face_a_drum_kick_a"] },
        { "time": 8.51, "notes": ["nightyutakaclub_mid12_face_a_drum_snare_a"] },
        { "time": 9.29, "notes": ["nightyutakaclub_mid06_face_a_lead_lead4_a", "nightyutakaclub_mid08_face_a_bass_bass4_a", "nightyutakaclub_mid10_face_a_drum_kick_a", "nightyutakaclub_mid11_face_a_drum_hihat_a"] },
        { "time": 9.87, "notes": ["nightyutakaclub_mid10_face_a_drum_kick_a"] },
        { "time": 10.06, "notes": ["nightyutakaclub_mid12_face_a_drum_snare_a"] },
        { "time": 10.45, "notes": ["nightyutakaclub_mid10_face_a_drum_kick_a"] },
        { "time": 11.22, "notes": ["nightyutakaclub_mid10_face_a_drum_kick_a"] },
        { "time": 11.61, "notes": ["nightyutakaclub_mid12_face_a_drum_snare_a"] },
        { "time": 12.38, "notes": ["nightyutakaclub_mid01_face_a_lead_lead1_a", "nightyutakaclub_mid04_face_a_bass_bass1_a", "nightyutakaclub_mid10_face_a_drum_kick_a", "nightyutakaclub_mid11_face_a_drum_hihat_a"] },
        { "time": 12.96, "notes": ["nightyutakaclub_mid10_face_a_drum_kick_a"] },
        { "time": 13.16, "notes": ["nightyutakaclub_mid12_face_a_drum_snare_a"] },
        { "time": 13.54, "notes": ["nightyutakaclub_mid10_face_a_drum_kick_a"] },
        { "time": 14.32, "notes": ["nightyutakaclub_mid10_face_a_drum_kick_a"] },
        { "time": 14.71, "notes": ["nightyutakaclub_mid12_face_a_drum_snare_a"] },
        { "time": 15.48, "notes": ["nightyutakaclub_mid02_face_a_lead_lead2_a", "nightyutakaclub_mid05_face_a_bass_bass2_a", "nightyutakaclub_mid10_face_a_drum_kick_a", "nightyutakaclub_mid11_face_a_drum_hihat_a"] },
        { "time": 16.06, "notes": ["nightyutakaclub_mid10_face_a_drum_kick_a"] },
        { "time": 16.25, "notes": ["nightyutakaclub_mid12_face_a_drum_snare_a"] },
        { "time": 16.64, "notes": ["nightyutakaclub_mid10_face_a_drum_kick_a"] },
        { "time": 17.41, "notes": ["nightyutakaclub_mid10_face_a_drum_kick_a"] },
        { "time": 17.80, "notes": ["nightyutakaclub_mid12_face_a_drum_snare_a"] },
        { "time": 18.58, "notes": ["nightyutakaclub_mid03_face_a_lead_lead3_a", "nightyutakaclub_mid07_face_a_bass_bass3_a", "nightyutakaclub_mid10_face_a_drum_kick_a", "nightyutakaclub_mid11_face_a_drum_hihat_a"] },
        { "time": 19.16, "notes": ["nightyutakaclub_mid10_face_a_drum_kick_a"] },
        { "time": 19.35, "notes": ["nightyutakaclub_mid12_face_a_drum_snare_a"] },
        { "time": 19.74, "notes": ["nightyutakaclub_mid10_face_a_drum_kick_a"] },
        { "time": 20.51, "notes": ["nightyutakaclub_mid10_face_a_drum_kick_a"] },
        { "time": 20.90, "notes": ["nightyutakaclub_mid12_face_a_drum_snare_a"] },
        { "time": 21.67, "notes": ["nightyutakaclub_mid06_face_a_lead_lead4_a", "nightyutakaclub_mid08_face_a_bass_bass4_a", "nightyutakaclub_mid10_face_a_drum_kick_a", "nightyutakaclub_mid11_face_a_drum_hihat_a"] },
        { "time": 22.25, "notes": ["nightyutakaclub_mid10_face_a_drum_kick_a"] },
        { "time": 22.45, "notes": ["nightyutakaclub_mid12_face_a_drum_snare_a"] },
        { "time": 22.83, "notes": ["nightyutakaclub_mid10_face_a_drum_kick_a"] },
        { "time": 23.61, "notes": ["nightyutakaclub_mid10_face_a_drum_kick_a"] },
        { "time": 24.00, "notes": ["nightyutakaclub_mid09_face_a_fx_fx_a"] }
      ]
    },
    {
      "events": [
        { "time": 0.00, "notes": ["nightyutakaclub_mid01_face_b_lead_lead1_b"] },
        { "time": 3.09, "notes": ["nightyutakaclub_mid02_face_b_lead_lead2_b"] },
        { "time": 6.19, "notes": ["nightyutakaclub_mid03_face_b_lead_lead3_b"] },
        { "time": 9.29, "notes": ["nightyutakaclub_mid06_face_b_lead_lead4_b"] },
        { "time": 12.38, "notes": ["nightyutakaclub_mid01_face_b_lead_lead1_b"] },
        { "time": 15.48, "notes": ["nightyutakaclub_mid02_face_b_lead_lead2_b"] },
        { "time": 18.58, "notes": ["nightyutakaclub_mid03_face_b_lead_lead3_b"] },
        { "time": 21.67, "notes": ["nightyutakaclub_mid06_face_b_lead_lead4_b"] }
      ]
    },
    {
      "events": [
        { "time": 0.00, "notes": ["nightyutakaclub_mid04_face_b_bass_bass1_b"] },
        { "time": 3.09, "notes": ["nightyutakaclub_mid05_face_b_bass_bass2_b"] },
        { "time": 6.19, "notes": ["nightyutakaclub_mid07_face_b_bass_bass3_b"] },
        { "time": 9.29, "notes": ["nightyutakaclub_mid08_face_b_bass_bass4_b"] },
        { "time": 12.38, "notes": ["nightyutakaclub_mid04_face_b_bass_bass1_b"] },
        { "time": 15.48, "notes": ["nightyutakaclub_mid05_face_b_bass_bass2_b"] },
        { "time": 18.58, "notes": ["nightyutakaclub_mid07_face_b_bass_bass3_b"] },
        { "time": 21.67, "notes": ["nightyutakaclub_mid08_face_b_bass_bass4_b"] }
      ]
    },
    {
      "events": [
        { "time": 0.00, "notes": ["nightyutakaclub_mid04_face_b_bass_bass1_b", "nightyutakaclub_mid10_face_b_drum_kick_b", "nightyutakaclub_mid11_face_b_drum_hihat_b"] },
        { "time": 0.38, "notes": ["nightyutakaclub_mid12_face_b_drum_snare_b"] },
        { "time": 0.77, "notes": ["nightyutakaclub_mid10_face_b_drum_kick_b"] },
        { "time": 1.16, "notes": ["nightyutakaclub_mid12_face_b_drum_snare_b"] },
        { "time": 1.54, "notes": ["nightyutakaclub_mid10_face_b_drum_kick_b"] },
        { "time": 1.93, "notes": ["nightyutakaclub_mid12_face_b_drum_snare_b"] },
        { "time": 2.32, "notes": ["nightyutakaclub_mid10_face_b_drum_kick_b"] },
        { "time": 2.51, "notes": ["nightyutakaclub_mid10_face_b_drum_kick_b"] },
        { "time": 2.71, "notes": ["nightyutakaclub_mid12_face_b_drum_snare_b"] },
        { "time": 3.09, "notes": ["nightyutakaclub_mid05_face_b_bass_bass2_b", "nightyutakaclub_mid10_face_b_drum_kick_b", "nightyutakaclub_mid11_face_b_drum_hihat_b"] },
        { "time": 3.48, "notes": ["nightyutakaclub_mid12_face_b_drum_snare_b"] },
        { "time": 3.87, "notes": ["nightyutakaclub_mid10_face_b_drum_kick_b"] },
        { "time": 4.25, "notes": ["nightyutakaclub_mid12_face_b_drum_snare_b"] },
        { "time": 4.64, "notes": ["nightyutakaclub_mid10_face_b_drum_kick_b"] },
        { "time": 5.03, "notes": ["nightyutakaclub_mid12_face_b_drum_snare_b"] },
        { "time": 5.41, "notes": ["nightyutakaclub_mid10_face_b_drum_kick_b"] },
        { "time": 5.61, "notes": ["nightyutakaclub_mid10_face_b_drum_kick_b"] },
        { "time": 5.80, "notes": ["nightyutakaclub_mid12_face_b_drum_snare_b"] },
        { "time": 6.19, "notes": ["nightyutakaclub_mid07_face_b_bass_bass3_b", "nightyutakaclub_mid10_face_b_drum_kick_b", "nightyutakaclub_mid11_face_b_drum_hihat_b"] },
        { "time": 6.58, "notes": ["nightyutakaclub_mid12_face_b_drum_snare_b"] },
        { "time": 6.96, "notes": ["nightyutakaclub_mid10_face_b_drum_kick_b"] },
        { "time": 7.35, "notes": ["nightyutakaclub_mid12_face_b_drum_snare_b"] },
        { "time": 7.74, "notes": ["nightyutakaclub_mid10_face_b_drum_kick_b"] },
        { "time": 8.12, "notes": ["nightyutakaclub_mid12_face_b_drum_snare_b"] },
        { "time": 8.51, "notes": ["nightyutakaclub_mid10_face_b_drum_kick_b"] },
        { "time": 8.71, "notes": ["nightyutakaclub_mid10_face_b_drum_kick_b"] },
        { "time": 8.90, "notes": ["nightyutakaclub_mid12_face_b_drum_snare_b"] },
        { "time": 9.29, "notes": ["nightyutakaclub_mid08_face_b_bass_bass4_b", "nightyutakaclub_mid10_face_b_drum_kick_b", "nightyutakaclub_mid11_face_b_drum_hihat_b"] },
        { "time": 9.67, "notes": ["nightyutakaclub_mid12_face_b_drum_snare_b"] },
        { "time": 10.06, "notes": ["nightyutakaclub_mid10_face_b_drum_kick_b"] },
        { "time": 10.45, "notes": ["nightyutakaclub_mid12_face_b_drum_snare_b"] },
        { "time": 10.83, "notes": ["nightyutakaclub_mid10_face_b_drum_kick_b"] },
        { "time": 11.22, "notes": ["nightyutakaclub_mid12_face_b_drum_snare_b"] },
        { "time": 12.38, "notes": ["nightyutakaclub_mid04_face_b_bass_bass1_b", "nightyutakaclub_mid10_face_b_drum_kick_b", "nightyutakaclub_mid11_face_b_drum_hihat_b"] },
        { "time": 12.77, "notes": ["nightyutakaclub_mid12_face_b_drum_snare_b"] },
        { "time": 13.16, "notes": ["nightyutakaclub_mid10_face_b_drum_kick_b"] },
        { "time": 13.54, "notes": ["nightyutakaclub_mid12_face_b_drum_snare_b"] },
        { "time": 13.93, "notes": ["nightyutakaclub_mid10_face_b_drum_kick_b"] },
        { "time": 14.32, "notes": ["nightyutakaclub_mid12_face_b_drum_snare_b"] },
        { "time": 14.71, "notes": ["nightyutakaclub_mid10_face_b_drum_kick_b"] },
        { "time": 14.90, "notes": ["nightyutakaclub_mid10_face_b_drum_kick_b"] },
        { "time": 15.09, "notes": ["nightyutakaclub_mid12_face_b_drum_snare_b"] },
        { "time": 15.48, "notes": ["nightyutakaclub_mid05_face_b_bass_bass2_b", "nightyutakaclub_mid10_face_b_drum_kick_b", "nightyutakaclub_mid11_face_b_drum_hihat_b"] },
        { "time": 15.87, "notes": ["nightyutakaclub_mid12_face_b_drum_snare_b"] },
        { "time": 16.25, "notes": ["nightyutakaclub_mid10_face_b_drum_kick_b"] },
        { "time": 16.64, "notes": ["nightyutakaclub_mid12_face_b_drum_snare_b"] },
        { "time": 17.03, "notes": ["nightyutakaclub_mid10_face_b_drum_kick_b"] },
        { "time": 17.41, "notes": ["nightyutakaclub_mid12_face_b_drum_snare_b"] },
        { "time": 17.80, "notes": ["nightyutakaclub_mid10_face_b_drum_kick_b"] },
        { "time": 18.00, "notes": ["nightyutakaclub_mid10_face_b_drum_kick_b"] },
        { "time": 18.19, "notes": ["nightyutakaclub_mid12_face_b_drum_snare_b"] },
        { "time": 18.58, "notes": ["nightyutakaclub_mid07_face_b_bass_bass3_b", "nightyutakaclub_mid10_face_b_drum_kick_b", "nightyutakaclub_mid11_face_b_drum_hihat_b"] },
        { "time": 18.96, "notes": ["nightyutakaclub_mid12_face_b_drum_snare_b"] },
        { "time": 19.35, "notes": ["nightyutakaclub_mid10_face_b_drum_kick_b"] },
        { "time": 19.74, "notes": ["nightyutakaclub_mid12_face_b_drum_snare_b"] },
        { "time": 20.12, "notes": ["nightyutakaclub_mid10_face_b_drum_kick_b"] },
        { "time": 20.51, "notes": ["nightyutakaclub_mid12_face_b_drum_snare_b"] },
        { "time": 20.90, "notes": ["nightyutakaclub_mid10_face_b_drum_kick_b"] },
        { "time": 21.09, "notes": ["nightyutakaclub_mid10_face_b_drum_kick_b"] },
        { "time": 21.29, "notes": ["nightyutakaclub_mid12_face_b_drum_snare_b"] },
        { "time": 21.67, "notes": ["nightyutakaclub_mid08_face_b_bass_bass4_b", "nightyutakaclub_mid10_face_b_drum_kick_b", "nightyutakaclub_mid11_face_b_drum_hihat_b"] },
        { "time": 22.06, "notes": ["nightyutakaclub_mid12_face_b_drum_snare_b"] },
        { "time": 22.45, "notes": ["nightyutakaclub_mid10_face_b_drum_kick_b"] },
        { "time": 22.83, "notes": ["nightyutakaclub_mid12_face_b_drum_snare_b"] },
        { "time": 23.22, "notes": ["nightyutakaclub_mid10_face_b_drum_kick_b"] },
        { "time": 23.61, "notes": ["nightyutakaclub_mid12_face_b_drum_snare_b"] }
      ]
    },
    {
      "events": [
        { "time": 0.00, "notes": ["nightyutakaclub_mid01_face_b_lead_lead1_b", "nightyutakaclub_mid10_face_b_drum_kick_b", "nightyutakaclub_mid11_face_b_drum_hihat_b"] },
        { "time": 0.38, "notes": ["nightyutakaclub_mid12_face_b_drum_snare_b"] },
        { "time": 0.77, "notes": ["nightyutakaclub_mid10_face_b_drum_kick_b"] },
        { "time": 1.16, "notes": ["nightyutakaclub_mid12_face_b_drum_snare_b"] },
        { "time": 1.54, "notes": ["nightyutakaclub_mid10_face_b_drum_kick_b"] },
        { "time": 1.93, "notes": ["nightyutakaclub_mid12_face_b_drum_snare_b"] },
        { "time": 2.32, "notes": ["nightyutakaclub_mid10_face_b_drum_kick_b"] },
        { "time": 2.51, "notes": ["nightyutakaclub_mid10_face_b_drum_kick_b"] },
        { "time": 2.71, "notes": ["nightyutakaclub_mid12_face_b_drum_snare_b"] },
        { "time": 3.09, "notes": ["nightyutakaclub_mid02_face_b_lead_lead2_b", "nightyutakaclub_mid10_face_b_drum_kick_b", "nightyutakaclub_mid11_face_b_drum_hihat_b"] },
        { "time": 3.48, "notes": ["nightyutakaclub_mid12_face_b_drum_snare_b"] },
        { "time": 3.87, "notes": ["nightyutakaclub_mid10_face_b_drum_kick_b"] },
        { "time": 4.25, "notes": ["nightyutakaclub_mid12_face_b_drum_snare_b"] },
        { "time": 4.64, "notes": ["nightyutakaclub_mid10_face_b_drum_kick_b"] },
        { "time": 5.03, "notes": ["nightyutakaclub_mid12_face_b_drum_snare_b"] },
        { "time": 5.41, "notes": ["nightyutakaclub_mid10_face_b_drum_kick_b"] },
        { "time": 5.61, "notes": ["nightyutakaclub_mid10_face_b_drum_kick_b"] },
        { "time": 5.80, "notes": ["nightyutakaclub_mid12_face_b_drum_snare_b"] },
        { "time": 6.19, "notes": ["nightyutakaclub_mid03_face_b_lead_lead3_b", "nightyutakaclub_mid10_face_b_drum_kick_b", "nightyutakaclub_mid11_face_b_drum_hihat_b"] },
        { "time": 6.58, "notes": ["nightyutakaclub_mid12_face_b_drum_snare_b"] },
        { "time": 6.96, "notes": ["nightyutakaclub_mid10_face_b_drum_kick_b"] },
        { "time": 7.35, "notes": ["nightyutakaclub_mid12_face_b_drum_snare_b"] },
        { "time": 7.74, "notes": ["nightyutakaclub_mid10_face_b_drum_kick_b"] },
        { "time": 8.12, "notes": ["nightyutakaclub_mid12_face_b_drum_snare_b"] },
        { "time": 8.51, "notes": ["nightyutakaclub_mid10_face_b_drum_kick_b"] },
        { "time": 8.71, "notes": ["nightyutakaclub_mid10_face_b_drum_kick_b"] },
        { "time": 8.90, "notes": ["nightyutakaclub_mid12_face_b_drum_snare_b"] },
        { "time": 9.29, "notes": ["nightyutakaclub_mid06_face_b_lead_lead4_b", "nightyutakaclub_mid10_face_b_drum_kick_b", "nightyutakaclub_mid11_face_b_drum_hihat_b"] },
        { "time": 9.67, "notes": ["nightyutakaclub_mid12_face_b_drum_snare_b"] },
        { "time": 10.06, "notes": ["nightyutakaclub_mid10_face_b_drum_kick_b"] },
        { "time": 10.45, "notes": ["nightyutakaclub_mid12_face_b_drum_snare_b"] },
        { "time": 10.83, "notes": ["nightyutakaclub_mid10_face_b_drum_kick_b"] },
        { "time": 11.22, "notes": ["nightyutakaclub_mid12_face_b_drum_snare_b"] },
        { "time": 12.38, "notes": ["nightyutakaclub_mid01_face_b_lead_lead1_b", "nightyutakaclub_mid10_face_b_drum_kick_b", "nightyutakaclub_mid11_face_b_drum_hihat_b"] },
        { "time": 12.77, "notes": ["nightyutakaclub_mid12_face_b_drum_snare_b"] },
        { "time": 13.16, "notes": ["nightyutakaclub_mid10_face_b_drum_kick_b"] },
        { "time": 13.54, "notes": ["nightyutakaclub_mid12_face_b_drum_snare_b"] },
        { "time": 13.93, "notes": ["nightyutakaclub_mid10_face_b_drum_kick_b"] },
        { "time": 14.32, "notes": ["nightyutakaclub_mid12_face_b_drum_snare_b"] },
        { "time": 14.71, "notes": ["nightyutakaclub_mid10_face_b_drum_kick_b"] },
        { "time": 14.90, "notes": ["nightyutakaclub_mid10_face_b_drum_kick_b"] },
        { "time": 15.09, "notes": ["nightyutakaclub_mid12_face_b_drum_snare_b"] },
        { "time": 15.48, "notes": ["nightyutakaclub_mid02_face_b_lead_lead2_b", "nightyutakaclub_mid10_face_b_drum_kick_b", "nightyutakaclub_mid11_face_b_drum_hihat_b"] },
        { "time": 15.87, "notes": ["nightyutakaclub_mid12_face_b_drum_snare_b"] },
        { "time": 16.25, "notes": ["nightyutakaclub_mid10_face_b_drum_kick_b"] },
        { "time": 16.64, "notes": ["nightyutakaclub_mid12_face_b_drum_snare_b"] },
        { "time": 17.03, "notes": ["nightyutakaclub_mid10_face_b_drum_kick_b"] },
        { "time": 17.41, "notes": ["nightyutakaclub_mid12_face_b_drum_snare_b"] },
        { "time": 17.80, "notes": ["nightyutakaclub_mid10_face_b_drum_kick_b"] },
        { "time": 18.00, "notes": ["nightyutakaclub_mid10_face_b_drum_kick_b"] },
        { "time": 18.19, "notes": ["nightyutakaclub_mid12_face_b_drum_snare_b"] },
        { "time": 18.58, "notes": ["nightyutakaclub_mid03_face_b_lead_lead3_b", "nightyutakaclub_mid10_face_b_drum_kick_b", "nightyutakaclub_mid11_face_b_drum_hihat_b"] },
        { "time": 18.96, "notes": ["nightyutakaclub_mid12_face_b_drum_snare_b"] },
        { "time": 19.35, "notes": ["nightyutakaclub_mid10_face_b_drum_kick_b"] },
        { "time": 19.74, "notes": ["nightyutakaclub_mid12_face_b_drum_snare_b"] },
        { "time": 20.12, "notes": ["nightyutakaclub_mid10_face_b_drum_kick_b"] },
        { "time": 20.51, "notes": ["nightyutakaclub_mid12_face_b_drum_snare_b"] },
        { "time": 20.90, "notes": ["nightyutakaclub_mid10_face_b_drum_kick_b"] },
        { "time": 21.09, "notes": ["nightyutakaclub_mid10_face_b_drum_kick_b"] },
        { "time": 21.29, "notes": ["nightyutakaclub_mid12_face_b_drum_snare_b"] },
        { "time": 21.67, "notes": ["nightyutakaclub_mid06_face_b_lead_lead4_b", "nightyutakaclub_mid10_face_b_drum_kick_b", "nightyutakaclub_mid11_face_b_drum_hihat_b"] },
        { "time": 22.06, "notes": ["nightyutakaclub_mid12_face_b_drum_snare_b"] },
        { "time": 22.45, "notes": ["nightyutakaclub_mid10_face_b_drum_kick_b"] },
        { "time": 22.83, "notes": ["nightyutakaclub_mid12_face_b_drum_snare_b"] },
        { "time": 23.22, "notes": ["nightyutakaclub_mid10_face_b_drum_kick_b"] },
        { "time": 23.61, "notes": ["nightyutakaclub_mid12_face_b_drum_snare_b"] }
      ]
    },
    {
      "events": [
        { "time": 0.00, "notes": ["nightyutakaclub_mid01_face_b_lead_lead1_b", "nightyutakaclub_mid04_face_b_bass_bass1_b"] },
        { "time": 3.09, "notes": ["nightyutakaclub_mid02_face_b_lead_lead2_b", "nightyutakaclub_mid05_face_b_bass_bass2_b"] },
        { "time": 6.19, "notes": ["nightyutakaclub_mid03_face_b_lead_lead3_b", "nightyutakaclub_mid07_face_b_bass_bass3_b"] },
        { "time": 9.29, "notes": ["nightyutakaclub_mid06_face_b_lead_lead4_b", "nightyutakaclub_mid08_face_b_bass_bass4_b"] },
        { "time": 12.38, "notes": ["nightyutakaclub_mid01_face_b_lead_lead1_b", "nightyutakaclub_mid04_face_b_bass_bass1_b"] },
        { "time": 15.48, "notes": ["nightyutakaclub_mid02_face_b_lead_lead2_b", "nightyutakaclub_mid05_face_b_bass_bass2_b"] },
        { "time": 18.58, "notes": ["nightyutakaclub_mid03_face_b_lead_lead3_b", "nightyutakaclub_mid07_face_b_bass_bass3_b"] },
        { "time": 21.67, "notes": ["nightyutakaclub_mid06_face_b_lead_lead4_b", "nightyutakaclub_mid08_face_b_bass_bass4_b"] }
      ]
    },
    {
      "events": [
        { "time": 0.00, "notes": ["nightyutakaclub_mid01_face_b_lead_lead1_b", "nightyutakaclub_mid04_face_b_bass_bass1_b", "nightyutakaclub_mid10_face_b_drum_kick_b", "nightyutakaclub_mid11_face_b_drum_hihat_b"] },
        { "time": 0.38, "notes": ["nightyutakaclub_mid12_face_b_drum_snare_b"] },
        { "time": 0.77, "notes": ["nightyutakaclub_mid10_face_b_drum_kick_b"] },
        { "time": 1.16, "notes": ["nightyutakaclub_mid12_face_b_drum_snare_b"] },
        { "time": 1.54, "notes": ["nightyutakaclub_mid10_face_b_drum_kick_b"] },
        { "time": 1.93, "notes": ["nightyutakaclub_mid12_face_b_drum_snare_b"] },
        { "time": 2.32, "notes": ["nightyutakaclub_mid10_face_b_drum_kick_b"] },
        { "time": 2.51, "notes": ["nightyutakaclub_mid10_face_b_drum_kick_b"] },
        { "time": 2.71, "notes": ["nightyutakaclub_mid12_face_b_drum_snare_b"] },
        { "time": 3.09, "notes": ["nightyutakaclub_mid02_face_b_lead_lead2_b", "nightyutakaclub_mid05_face_b_bass_bass2_b", "nightyutakaclub_mid10_face_b_drum_kick_b", "nightyutakaclub_mid11_face_b_drum_hihat_b"] },
        { "time": 3.48, "notes": ["nightyutakaclub_mid12_face_b_drum_snare_b"] },
        { "time": 3.87, "notes": ["nightyutakaclub_mid10_face_b_drum_kick_b"] },
        { "time": 4.25, "notes": ["nightyutakaclub_mid12_face_b_drum_snare_b"] },
        { "time": 4.64, "notes": ["nightyutakaclub_mid10_face_b_drum_kick_b"] },
        { "time": 5.03, "notes": ["nightyutakaclub_mid12_face_b_drum_snare_b"] },
        { "time": 5.41, "notes": ["nightyutakaclub_mid10_face_b_drum_kick_b"] },
        { "time": 5.61, "notes": ["nightyutakaclub_mid10_face_b_drum_kick_b"] },
        { "time": 5.80, "notes": ["nightyutakaclub_mid12_face_b_drum_snare_b"] },
        { "time": 6.19, "notes": ["nightyutakaclub_mid03_face_b_lead_lead3_b", "nightyutakaclub_mid07_face_b_bass_bass3_b", "nightyutakaclub_mid10_face_b_drum_kick_b", "nightyutakaclub_mid11_face_b_drum_hihat_b"] },
        { "time": 6.58, "notes": ["nightyutakaclub_mid12_face_b_drum_snare_b"] },
        { "time": 6.96, "notes": ["nightyutakaclub_mid10_face_b_drum_kick_b"] },
        { "time": 7.35, "notes": ["nightyutakaclub_mid12_face_b_drum_snare_b"] },
        { "time": 7.74, "notes": ["nightyutakaclub_mid10_face_b_drum_kick_b"] },
        { "time": 8.12, "notes": ["nightyutakaclub_mid12_face_b_drum_snare_b"] },
        { "time": 8.51, "notes": ["nightyutakaclub_mid10_face_b_drum_kick_b"] },
        { "time": 8.71, "notes": ["nightyutakaclub_mid10_face_b_drum_kick_b"] },
        { "time": 8.90, "notes": ["nightyutakaclub_mid12_face_b_drum_snare_b"] },
        { "time": 9.29, "notes": ["nightyutakaclub_mid06_face_b_lead_lead4_b", "nightyutakaclub_mid08_face_b_bass_bass4_b", "nightyutakaclub_mid10_face_b_drum_kick_b", "nightyutakaclub_mid11_face_b_drum_hihat_b"] },
        { "time": 9.67, "notes": ["nightyutakaclub_mid12_face_b_drum_snare_b"] },
        { "time": 10.06, "notes": ["nightyutakaclub_mid10_face_b_drum_kick_b"] },
        { "time": 10.45, "notes": ["nightyutakaclub_mid12_face_b_drum_snare_b"] },
        { "time": 10.83, "notes": ["nightyutakaclub_mid10_face_b_drum_kick_b"] },
        { "time": 11.22, "notes": ["nightyutakaclub_mid12_face_b_drum_snare_b"] },
        { "time": 11.61, "notes": ["nightyutakaclub_mid09_face_b_fx_fx_b"] },
        { "time": 12.38, "notes": ["nightyutakaclub_mid01_face_b_lead_lead1_b", "nightyutakaclub_mid04_face_b_bass_bass1_b", "nightyutakaclub_mid10_face_b_drum_kick_b", "nightyutakaclub_mid11_face_b_drum_hihat_b"] },
        { "time": 12.77, "notes": ["nightyutakaclub_mid12_face_b_drum_snare_b"] },
        { "time": 13.16, "notes": ["nightyutakaclub_mid10_face_b_drum_kick_b"] },
        { "time": 13.54, "notes": ["nightyutakaclub_mid12_face_b_drum_snare_b"] },
        { "time": 13.93, "notes": ["nightyutakaclub_mid10_face_b_drum_kick_b"] },
        { "time": 14.32, "notes": ["nightyutakaclub_mid12_face_b_drum_snare_b"] },
        { "time": 14.71, "notes": ["nightyutakaclub_mid10_face_b_drum_kick_b"] },
        { "time": 14.90, "notes": ["nightyutakaclub_mid10_face_b_drum_kick_b"] },
        { "time": 15.09, "notes": ["nightyutakaclub_mid12_face_b_drum_snare_b"] },
        { "time": 15.48, "notes": ["nightyutakaclub_mid02_face_b_lead_lead2_b", "nightyutakaclub_mid05_face_b_bass_bass2_b", "nightyutakaclub_mid10_face_b_drum_kick_b", "nightyutakaclub_mid11_face_b_drum_hihat_b"] },
        { "time": 15.87, "notes": ["nightyutakaclub_mid12_face_b_drum_snare_b"] },
        { "time": 16.25, "notes": ["nightyutakaclub_mid10_face_b_drum_kick_b"] },
        { "time": 16.64, "notes": ["nightyutakaclub_mid12_face_b_drum_snare_b"] },
        { "time": 17.03, "notes": ["nightyutakaclub_mid10_face_b_drum_kick_b"] },
        { "time": 17.41, "notes": ["nightyutakaclub_mid12_face_b_drum_snare_b"] },
        { "time": 17.80, "notes": ["nightyutakaclub_mid10_face_b_drum_kick_b"] },
        { "time": 18.00, "notes": ["nightyutakaclub_mid10_face_b_drum_kick_b"] },
        { "time": 18.19, "notes": ["nightyutakaclub_mid12_face_b_drum_snare_b"] },
        { "time": 18.58, "notes": ["nightyutakaclub_mid03_face_b_lead_lead3_b", "nightyutakaclub_mid07_face_b_bass_bass3_b", "nightyutakaclub_mid10_face_b_drum_kick_b", "nightyutakaclub_mid11_face_b_drum_hihat_b"] },
        { "time": 18.96, "notes": ["nightyutakaclub_mid12_face_b_drum_snare_b"] },
        { "time": 19.35, "notes": ["nightyutakaclub_mid10_face_b_drum_kick_b"] },
        { "time": 19.74, "notes": ["nightyutakaclub_mid12_face_b_drum_snare_b"] },
        { "time": 20.12, "notes": ["nightyutakaclub_mid10_face_b_drum_kick_b"] },
        { "time": 20.51, "notes": ["nightyutakaclub_mid12_face_b_drum_snare_b"] },
        { "time": 20.90, "notes": ["nightyutakaclub_mid10_face_b_drum_kick_b"] },
        { "time": 21.09, "notes": ["nightyutakaclub_mid10_face_b_drum_kick_b"] },
        { "time": 21.29, "notes": ["nightyutakaclub_mid12_face_b_drum_snare_b"] },
        { "time": 21.67, "notes": ["nightyutakaclub_mid06_face_b_lead_lead4_b", "nightyutakaclub_mid08_face_b_bass_bass4_b", "nightyutakaclub_mid10_face_b_drum_kick_b", "nightyutakaclub_mid11_face_b_drum_hihat_b"] },
        { "time": 22.06, "notes": ["nightyutakaclub_mid12_face_b_drum_snare_b"] },
        { "time": 22.45, "notes": ["nightyutakaclub_mid10_face_b_drum_kick_b"] },
        { "time": 22.83, "notes": ["nightyutakaclub_mid12_face_b_drum_snare_b"] },
        { "time": 23.22, "notes": ["nightyutakaclub_mid10_face_b_drum_kick_b"] },
        { "time": 23.61, "notes": ["nightyutakaclub_mid12_face_b_drum_snare_b"] },
        { "time": 24.00, "notes": ["nightyutakaclub_mid09_face_b_fx_fx_b"] }
      ]
    }
]
