[
  {
    "events": [
      {
        "time": 0.0,
        "notes": [
          "hoangmlchorus1_mid12_face_a_drum_a"
        ]
      },
      {
        "time": 3.12,
        "notes": [
          "hoangmlchorus1_mid03_face_a_drum_a"
        ]
      },
      {
        "time": 6.43,
        "notes": [
          "hoangmlchorus1_mid02_face_a_drum_a"
        ]
      },
      {
        "time": 9.75,
        "notes": [
          "hoangmlchorus1_mid07_face_a_drum_a"
        ]
      },
      {
        "time": 13.06,
        "notes": [
          "hoangmlchorus1_mid05_face_a_lead_a"
        ]
      },
      {
        "time": 16.38,
        "notes": [
          "hoangmlchorus1_mid10_face_a_drum_a"
        ]
      },
      {
        "time": 19.7,
        "notes": [
          "hoangmlchorus1_mid06_face_a_lead_a"
        ]
      },
      {
        "time": 23.01,
        "notes": [
          "hoangmlchorus1_mid08_face_a_drum_a"
        ]
      },
      {
        "time": 26.33,
        "notes": [
          "hoangmlchorus1_mid11_face_a_drum_a"
        ]
      },
      {
        "time": 29.64,
        "notes": [
          "hoangmlchorus1_mid01_face_a_lead_a"
        ]
      },
      {
        "time": 32.96,
        "notes": [
          "hoangmlchorus1_mid04_face_a_drum_a"
        ]
      },
      {
        "time": 36.28,
        "notes": [
          "hoangmlchorus1_mid09_face_a_drum_a"
        ]
      }
    ]
  }
]