[
    {
        "events": [
            { "time": 0.0, "notes": ["BlackHole_mid03_face_a_drum_a"] },
            { "time": 2.9, "notes": ["BlackHole_mid04_face_a_drum_a"] },
            { "time": 5.7, "notes": ["BlackHole_mid02_face_a_lead_a"] },
            { "time": 8.6, "notes": ["BlackHole_mid10_face_a_drum_a"] },
            { "time": 11.4, "notes": ["BlackHole_mid09_face_a_lead_a"] },
            { "time": 14.3, "notes": ["BlackHole_mid08_face_a_drum_a"] },
            { "time": 17.2, "notes": ["BlackHole_mid11_face_a_drum_a"] },
            { "time": 20.0, "notes": ["BlackHole_mid07_face_a_lead_a"] },
            { "time": 22.9, "notes": ["BlackHole_mid05_face_a_drum_a"] },
            { "time": 25.8, "notes": ["BlackHole_mid12_face_a_lead_a"] },
            { "time": 28.6, "notes": ["BlackHole_mid06_face_a_drum_a"] },
            { "time": 31.5, "notes": ["BlackHole_mid01_face_a_lead_a"] }
        ]
    }
]
