[
  {
        "events": [
          { "time": 0.00, "notes": ["blackhole_mid11_face_a_drum_hihat_a"] },
          { "time": 3.90, "notes": ["blackhole_mid11_face_a_drum_hihat_a"] },
          { "time": 7.80, "notes": ["blackhole_mid10_face_a_drum_kick1_a", "blackhole_mid12_face_a_drum_kick2_a"] },
          { "time": 9.51, "notes": ["blackhole_mid10_face_a_drum_kick1_a", "blackhole_mid12_face_a_drum_kick2_a"] },
          { "time": 9.75, "notes": ["blackhole_mid10_face_a_drum_kick1_a", "blackhole_mid12_face_a_drum_kick2_a"] },
          { "time": 11.70, "notes": ["blackhole_mid10_face_a_drum_kick1_a", "blackhole_mid12_face_a_drum_kick2_a"] },
          { "time": 13.41, "notes": ["blackhole_mid10_face_a_drum_kick1_a", "blackhole_mid12_face_a_drum_kick2_a"] },
          { "time": 13.65, "notes": ["blackhole_mid10_face_a_drum_kick1_a", "blackhole_mid12_face_a_drum_kick2_a"] },
          { "time": 15.61, "notes": ["blackhole_mid10_face_a_drum_kick1_a", "blackhole_mid11_face_a_drum_hihat_a"] },
          { "time": 16.09, "notes": ["blackhole_mid10_face_a_drum_kick1_a"] },
          { "time": 16.58, "notes": ["blackhole_mid10_face_a_drum_kick1_a"] },
          { "time": 17.07, "notes": ["blackhole_mid10_face_a_drum_kick1_a"] },
          { "time": 17.56, "notes": ["blackhole_mid10_face_a_drum_kick1_a"] },
          { "time": 18.04, "notes": ["blackhole_mid10_face_a_drum_kick1_a"] },
          { "time": 18.53, "notes": ["blackhole_mid10_face_a_drum_kick1_a"] },
          { "time": 19.02, "notes": ["blackhole_mid10_face_a_drum_kick1_a"] },
          { "time": 19.51, "notes": ["blackhole_mid10_face_a_drum_kick1_a", "blackhole_mid11_face_a_drum_hihat_a"] },
          { "time": 20.00, "notes": ["blackhole_mid10_face_a_drum_kick1_a"] },
          { "time": 20.48, "notes": ["blackhole_mid10_face_a_drum_kick1_a"] },
          { "time": 20.97, "notes": ["blackhole_mid10_face_a_drum_kick1_a"] },
          { "time": 21.46, "notes": ["blackhole_mid10_face_a_drum_kick1_a"] },
          { "time": 21.95, "notes": ["blackhole_mid10_face_a_drum_kick1_a"] },
          { "time": 22.43, "notes": ["blackhole_mid10_face_a_drum_kick1_a"] },
          { "time": 22.92, "notes": ["blackhole_mid10_face_a_drum_kick1_a"] },
          { "time": 23.41, "notes": ["blackhole_mid10_face_a_drum_kick1_a", "blackhole_mid11_face_a_drum_hihat_a"] },
          { "time": 23.90, "notes": ["blackhole_mid10_face_a_drum_kick1_a"] },
          { "time": 24.39, "notes": ["blackhole_mid10_face_a_drum_kick1_a"] },
          { "time": 24.87, "notes": ["blackhole_mid10_face_a_drum_kick1_a"] },
          { "time": 25.36, "notes": ["blackhole_mid10_face_a_drum_kick1_a"] },
          { "time": 25.85, "notes": ["blackhole_mid10_face_a_drum_kick1_a"] },
          { "time": 26.34, "notes": ["blackhole_mid10_face_a_drum_kick1_a"] },
          { "time": 26.82, "notes": ["blackhole_mid10_face_a_drum_kick1_a"] },
          { "time": 27.31, "notes": ["blackhole_mid10_face_a_drum_kick1_a", "blackhole_mid11_face_a_drum_hihat_a"] },
          { "time": 27.80, "notes": ["blackhole_mid10_face_a_drum_kick1_a"] },
          { "time": 28.29, "notes": ["blackhole_mid10_face_a_drum_kick1_a"] },
          { "time": 28.78, "notes": ["blackhole_mid10_face_a_drum_kick1_a"] },
          { "time": 29.26, "notes": ["blackhole_mid10_face_a_drum_kick1_a"] },
          { "time": 29.75, "notes": ["blackhole_mid10_face_a_drum_kick1_a"] }
        ]
      },
      {
        "events": [
          { "time": 0.00, "notes": ["blackhole_mid01_face_a_lead_lead1_a"] },
          { "time": 3.90, "notes": ["blackhole_mid02_face_a_lead_lead2_a"] },
          { "time": 7.80, "notes": ["blackhole_mid01_face_a_lead_lead1_a"] },
          { "time": 11.70, "notes": ["blackhole_mid02_face_a_lead_lead2_a"] },
          { "time": 15.61, "notes": ["blackhole_mid03_face_a_lead_lead3_a"] },
          { "time": 19.51, "notes": ["blackhole_mid06_face_a_lead_lead4_a"] },
          { "time": 23.41, "notes": ["blackhole_mid03_face_a_lead_lead3_a"] },
          { "time": 27.31, "notes": ["blackhole_mid06_face_a_lead_lead4_a"] }
        ]
      },
      {
        "events": [
          { "time": 0.00, "notes": ["blackhole_mid04_face_a_bass_bass1_a"] },
          { "time": 3.90, "notes": ["blackhole_mid05_face_a_bass_bass2_a"] },
          { "time": 7.80, "notes": ["blackhole_mid04_face_a_bass_bass1_a"] },
          { "time": 11.70, "notes": ["blackhole_mid05_face_a_bass_bass2_a"] },
          { "time": 15.61, "notes": ["blackhole_mid07_face_a_bass_bass3_a"] },
          { "time": 19.51, "notes": ["blackhole_mid08_face_a_bass_bass4_a"] },
          { "time": 23.41, "notes": ["blackhole_mid07_face_a_bass_bass3_a"] },
          { "time": 27.31, "notes": ["blackhole_mid08_face_a_bass_bass4_a"] }
        ]
      },
      {
        "events": [
          { "time": 0.00, "notes": ["blackhole_mid04_face_a_bass_bass1_a", "blackhole_mid11_face_a_drum_hihat_a"] },
          { "time": 3.90, "notes": ["blackhole_mid05_face_a_bass_bass2_a", "blackhole_mid11_face_a_drum_hihat_a"] },
          { "time": 7.80, "notes": ["blackhole_mid04_face_a_bass_bass1_a", "blackhole_mid10_face_a_drum_kick1_a", "blackhole_mid12_face_a_drum_kick2_a"] },
          { "time": 9.51, "notes": ["blackhole_mid10_face_a_drum_kick1_a", "blackhole_mid12_face_a_drum_kick2_a"] },
          { "time": 9.75, "notes": ["blackhole_mid10_face_a_drum_kick1_a", "blackhole_mid12_face_a_drum_kick2_a"] },
          { "time": 11.70, "notes": ["blackhole_mid05_face_a_bass_bass2_a", "blackhole_mid10_face_a_drum_kick1_a", "blackhole_mid12_face_a_drum_kick2_a"] },
          { "time": 13.41, "notes": ["blackhole_mid10_face_a_drum_kick1_a", "blackhole_mid12_face_a_drum_kick2_a"] },
          { "time": 13.65, "notes": ["blackhole_mid10_face_a_drum_kick1_a", "blackhole_mid12_face_a_drum_kick2_a"] },
          { "time": 15.61, "notes": ["blackhole_mid07_face_a_bass_bass3_a", "blackhole_mid10_face_a_drum_kick1_a", "blackhole_mid11_face_a_drum_hihat_a"] },
          { "time": 16.09, "notes": ["blackhole_mid10_face_a_drum_kick1_a"] },
          { "time": 16.58, "notes": ["blackhole_mid10_face_a_drum_kick1_a"] },
          { "time": 17.07, "notes": ["blackhole_mid10_face_a_drum_kick1_a"] },
          { "time": 17.56, "notes": ["blackhole_mid10_face_a_drum_kick1_a"] },
          { "time": 18.04, "notes": ["blackhole_mid10_face_a_drum_kick1_a"] },
          { "time": 18.53, "notes": ["blackhole_mid10_face_a_drum_kick1_a"] },
          { "time": 19.02, "notes": ["blackhole_mid10_face_a_drum_kick1_a"] },
          { "time": 19.51, "notes": ["blackhole_mid08_face_a_bass_bass4_a", "blackhole_mid10_face_a_drum_kick1_a", "blackhole_mid11_face_a_drum_hihat_a"] },
          { "time": 20.00, "notes": ["blackhole_mid10_face_a_drum_kick1_a"] },
          { "time": 20.48, "notes": ["blackhole_mid10_face_a_drum_kick1_a"] },
          { "time": 20.97, "notes": ["blackhole_mid10_face_a_drum_kick1_a"] },
          { "time": 21.46, "notes": ["blackhole_mid10_face_a_drum_kick1_a"] },
          { "time": 21.95, "notes": ["blackhole_mid10_face_a_drum_kick1_a"] },
          { "time": 22.43, "notes": ["blackhole_mid10_face_a_drum_kick1_a"] },
          { "time": 22.92, "notes": ["blackhole_mid10_face_a_drum_kick1_a"] },
          { "time": 23.41, "notes": ["blackhole_mid07_face_a_bass_bass3_a", "blackhole_mid10_face_a_drum_kick1_a", "blackhole_mid11_face_a_drum_hihat_a"] },
          { "time": 23.90, "notes": ["blackhole_mid10_face_a_drum_kick1_a"] },
          { "time": 24.39, "notes": ["blackhole_mid10_face_a_drum_kick1_a"] },
          { "time": 24.87, "notes": ["blackhole_mid10_face_a_drum_kick1_a"] },
          { "time": 25.36, "notes": ["blackhole_mid10_face_a_drum_kick1_a"] },
          { "time": 25.85, "notes": ["blackhole_mid10_face_a_drum_kick1_a"] },
          { "time": 26.34, "notes": ["blackhole_mid10_face_a_drum_kick1_a"] },
          { "time": 26.82, "notes": ["blackhole_mid10_face_a_drum_kick1_a"] },
          { "time": 27.31, "notes": ["blackhole_mid08_face_a_bass_bass4_a", "blackhole_mid10_face_a_drum_kick1_a", "blackhole_mid11_face_a_drum_hihat_a"] },
          { "time": 27.80, "notes": ["blackhole_mid10_face_a_drum_kick1_a"] },
          { "time": 28.29, "notes": ["blackhole_mid10_face_a_drum_kick1_a"] },
          { "time": 28.78, "notes": ["blackhole_mid10_face_a_drum_kick1_a"] },
          { "time": 29.26, "notes": ["blackhole_mid10_face_a_drum_kick1_a"] },
          { "time": 29.75, "notes": ["blackhole_mid10_face_a_drum_kick1_a"] }
        ]
      },
      {
        "events": [
          { "time": 0.00, "notes": ["blackhole_mid01_face_a_lead_lead1_a", "blackhole_mid11_face_a_drum_hihat_a"] },
          { "time": 3.90, "notes": ["blackhole_mid02_face_a_lead_lead2_a", "blackhole_mid11_face_a_drum_hihat_a"] },
          { "time": 7.80, "notes": ["blackhole_mid01_face_a_lead_lead1_a", "blackhole_mid10_face_a_drum_kick1_a", "blackhole_mid12_face_a_drum_kick2_a"] },
          { "time": 9.51, "notes": ["blackhole_mid10_face_a_drum_kick1_a", "blackhole_mid12_face_a_drum_kick2_a"] },
          { "time": 9.75, "notes": ["blackhole_mid10_face_a_drum_kick1_a", "blackhole_mid12_face_a_drum_kick2_a"] },
          { "time": 11.70, "notes": ["blackhole_mid02_face_a_lead_lead2_a", "blackhole_mid10_face_a_drum_kick1_a", "blackhole_mid12_face_a_drum_kick2_a"] },
          { "time": 13.41, "notes": ["blackhole_mid10_face_a_drum_kick1_a", "blackhole_mid12_face_a_drum_kick2_a"] },
          { "time": 13.65, "notes": ["blackhole_mid10_face_a_drum_kick1_a", "blackhole_mid12_face_a_drum_kick2_a"] },
          { "time": 15.61, "notes": ["blackhole_mid03_face_a_lead_lead3_a", "blackhole_mid10_face_a_drum_kick1_a", "blackhole_mid11_face_a_drum_hihat_a"] },
          { "time": 16.09, "notes": ["blackhole_mid10_face_a_drum_kick1_a"] },
          { "time": 16.58, "notes": ["blackhole_mid10_face_a_drum_kick1_a"] },
          { "time": 17.07, "notes": ["blackhole_mid10_face_a_drum_kick1_a"] },
          { "time": 17.56, "notes": ["blackhole_mid10_face_a_drum_kick1_a"] },
          { "time": 18.04, "notes": ["blackhole_mid10_face_a_drum_kick1_a"] },
          { "time": 18.53, "notes": ["blackhole_mid10_face_a_drum_kick1_a"] },
          { "time": 19.02, "notes": ["blackhole_mid10_face_a_drum_kick1_a"] },
          { "time": 19.51, "notes": ["blackhole_mid06_face_a_lead_lead4_a", "blackhole_mid10_face_a_drum_kick1_a", "blackhole_mid11_face_a_drum_hihat_a"] },
          { "time": 20.00, "notes": ["blackhole_mid10_face_a_drum_kick1_a"] },
          { "time": 20.48, "notes": ["blackhole_mid10_face_a_drum_kick1_a"] },
          { "time": 20.97, "notes": ["blackhole_mid10_face_a_drum_kick1_a"] },
          { "time": 21.46, "notes": ["blackhole_mid10_face_a_drum_kick1_a"] },
          { "time": 21.95, "notes": ["blackhole_mid10_face_a_drum_kick1_a"] },
          { "time": 22.43, "notes": ["blackhole_mid10_face_a_drum_kick1_a"] },
          { "time": 22.92, "notes": ["blackhole_mid10_face_a_drum_kick1_a"] },
          { "time": 23.41, "notes": ["blackhole_mid03_face_a_lead_lead3_a", "blackhole_mid10_face_a_drum_kick1_a", "blackhole_mid11_face_a_drum_hihat_a"] },
          { "time": 23.90, "notes": ["blackhole_mid10_face_a_drum_kick1_a"] },
          { "time": 24.39, "notes": ["blackhole_mid10_face_a_drum_kick1_a"] },
          { "time": 24.87, "notes": ["blackhole_mid10_face_a_drum_kick1_a"] },
          { "time": 25.36, "notes": ["blackhole_mid10_face_a_drum_kick1_a"] },
          { "time": 25.85, "notes": ["blackhole_mid10_face_a_drum_kick1_a"] },
          { "time": 26.34, "notes": ["blackhole_mid10_face_a_drum_kick1_a"] },
          { "time": 26.82, "notes": ["blackhole_mid10_face_a_drum_kick1_a"] },
          { "time": 27.31, "notes": ["blackhole_mid06_face_a_lead_lead4_a", "blackhole_mid10_face_a_drum_kick1_a", "blackhole_mid11_face_a_drum_hihat_a"] },
          { "time": 27.80, "notes": ["blackhole_mid10_face_a_drum_kick1_a"] },
          { "time": 28.29, "notes": ["blackhole_mid10_face_a_drum_kick1_a"] },
          { "time": 28.78, "notes": ["blackhole_mid10_face_a_drum_kick1_a"] },
          { "time": 29.26, "notes": ["blackhole_mid10_face_a_drum_kick1_a"] },
          { "time": 29.75, "notes": ["blackhole_mid10_face_a_drum_kick1_a"] }
        ]
      },
      {
        "events": [
          { "time": 0.00, "notes": ["blackhole_mid01_face_a_lead_lead1_a", "blackhole_mid04_face_a_bass_bass1_a"] },
          { "time": 3.90, "notes": ["blackhole_mid02_face_a_lead_lead2_a", "blackhole_mid05_face_a_bass_bass2_a"] },
          { "time": 7.80, "notes": ["blackhole_mid01_face_a_lead_lead1_a", "blackhole_mid04_face_a_bass_bass1_a"] },
          { "time": 11.70, "notes": ["blackhole_mid02_face_a_lead_lead2_a", "blackhole_mid05_face_a_bass_bass2_a"] },
          { "time": 15.61, "notes": ["blackhole_mid03_face_a_lead_lead3_a", "blackhole_mid07_face_a_bass_bass3_a"] },
          { "time": 19.51, "notes": ["blackhole_mid06_face_a_lead_lead4_a", "blackhole_mid08_face_a_bass_bass4_a"] },
          { "time": 23.41, "notes": ["blackhole_mid03_face_a_lead_lead3_a", "blackhole_mid07_face_a_bass_bass3_a"] },
          { "time": 27.31, "notes": ["blackhole_mid06_face_a_lead_lead4_a", "blackhole_mid08_face_a_bass_bass4_a"] }
        ]
      },
      {
        "events": [
          { "time": 0.00, "notes": ["blackhole_mid01_face_a_lead_lead1_a", "blackhole_mid04_face_a_bass_bass1_a", "blackhole_mid11_face_a_drum_hihat_a"] },
          { "time": 3.90, "notes": ["blackhole_mid02_face_a_lead_lead2_a", "blackhole_mid05_face_a_bass_bass2_a", "blackhole_mid11_face_a_drum_hihat_a"] },
          { "time": 7.80, "notes": ["blackhole_mid01_face_a_lead_lead1_a", "blackhole_mid04_face_a_bass_bass1_a", "blackhole_mid09_face_a_fx_fx_a", "blackhole_mid10_face_a_drum_kick1_a", "blackhole_mid12_face_a_drum_kick2_a"] },
          { "time": 9.51, "notes": ["blackhole_mid10_face_a_drum_kick1_a", "blackhole_mid12_face_a_drum_kick2_a"] },
          { "time": 9.75, "notes": ["blackhole_mid10_face_a_drum_kick1_a", "blackhole_mid12_face_a_drum_kick2_a"] },
          { "time": 11.70, "notes": ["blackhole_mid02_face_a_lead_lead2_a", "blackhole_mid05_face_a_bass_bass2_a", "blackhole_mid10_face_a_drum_kick1_a", "blackhole_mid12_face_a_drum_kick2_a"] },
          { "time": 13.41, "notes": ["blackhole_mid10_face_a_drum_kick1_a", "blackhole_mid12_face_a_drum_kick2_a"] },
          { "time": 13.65, "notes": ["blackhole_mid10_face_a_drum_kick1_a", "blackhole_mid12_face_a_drum_kick2_a"] },
          { "time": 15.61, "notes": ["blackhole_mid03_face_a_lead_lead3_a", "blackhole_mid07_face_a_bass_bass3_a", "blackhole_mid10_face_a_drum_kick1_a", "blackhole_mid11_face_a_drum_hihat_a"] },
          { "time": 16.09, "notes": ["blackhole_mid10_face_a_drum_kick1_a"] },
          { "time": 16.58, "notes": ["blackhole_mid10_face_a_drum_kick1_a"] },
          { "time": 17.07, "notes": ["blackhole_mid10_face_a_drum_kick1_a"] },
          { "time": 17.56, "notes": ["blackhole_mid10_face_a_drum_kick1_a"] },
          { "time": 18.04, "notes": ["blackhole_mid10_face_a_drum_kick1_a"] },
          { "time": 18.53, "notes": ["blackhole_mid10_face_a_drum_kick1_a"] },
          { "time": 19.02, "notes": ["blackhole_mid10_face_a_drum_kick1_a"] },
          { "time": 19.51, "notes": ["blackhole_mid06_face_a_lead_lead4_a", "blackhole_mid08_face_a_bass_bass4_a", "blackhole_mid10_face_a_drum_kick1_a", "blackhole_mid11_face_a_drum_hihat_a"] },
          { "time": 20.00, "notes": ["blackhole_mid10_face_a_drum_kick1_a"] },
          { "time": 20.48, "notes": ["blackhole_mid10_face_a_drum_kick1_a"] },
          { "time": 20.97, "notes": ["blackhole_mid10_face_a_drum_kick1_a"] },
          { "time": 21.46, "notes": ["blackhole_mid10_face_a_drum_kick1_a"] },
          { "time": 21.95, "notes": ["blackhole_mid10_face_a_drum_kick1_a"] },
          { "time": 22.43, "notes": ["blackhole_mid10_face_a_drum_kick1_a"] },
          { "time": 22.92, "notes": ["blackhole_mid10_face_a_drum_kick1_a"] },
          { "time": 23.41, "notes": ["blackhole_mid03_face_a_lead_lead3_a", "blackhole_mid07_face_a_bass_bass3_a", "blackhole_mid10_face_a_drum_kick1_a", "blackhole_mid11_face_a_drum_hihat_a"] },
          { "time": 23.90, "notes": ["blackhole_mid10_face_a_drum_kick1_a"] },
          { "time": 24.39, "notes": ["blackhole_mid10_face_a_drum_kick1_a"] },
          { "time": 24.87, "notes": ["blackhole_mid10_face_a_drum_kick1_a"] },
          { "time": 25.36, "notes": ["blackhole_mid10_face_a_drum_kick1_a"] },
          { "time": 25.85, "notes": ["blackhole_mid10_face_a_drum_kick1_a"] },
          { "time": 26.34, "notes": ["blackhole_mid10_face_a_drum_kick1_a"] },
          { "time": 26.82, "notes": ["blackhole_mid10_face_a_drum_kick1_a"] },
          { "time": 27.31, "notes": ["blackhole_mid06_face_a_lead_lead4_a", "blackhole_mid08_face_a_bass_bass4_a", "blackhole_mid10_face_a_drum_kick1_a", "blackhole_mid11_face_a_drum_hihat_a"] },
          { "time": 27.80, "notes": ["blackhole_mid10_face_a_drum_kick1_a"] },
          { "time": 28.29, "notes": ["blackhole_mid10_face_a_drum_kick1_a"] },
          { "time": 28.78, "notes": ["blackhole_mid10_face_a_drum_kick1_a"] },
          { "time": 29.26, "notes": ["blackhole_mid10_face_a_drum_kick1_a"] },
          { "time": 29.75, "notes": ["blackhole_mid10_face_a_drum_kick1_a"] }
        ]
      }
]