[
  {
    "events": [
      {
        "notes": [
          "unity_mid48_face_b_lead_lead1_b",
          "unity_mid54_face_b_bass_bass1_b",
          "unity_mid57_face_b_drums_kick"
        ],
        "time": 0.0
      },
      {
        "notes": [
          "unity_mid58_face_b_drums_hihat"
        ],
        "time": 0.2857
      },
      {
        "notes": [
          "unity_mid59_face_b_drums_snare"
        ],
        "time": 0.5714
      },
      {
        "notes": [
          "unity_mid58_face_b_drums_hihat"
        ],
        "time": 0.8571
      },
      {
        "notes": [
          "unity_mid54_face_b_bass_bass1_b",
          "unity_mid57_face_b_drums_kick"
        ],
        "time": 1.1429
      },
      {
        "notes": [
          "unity_mid58_face_b_drums_hihat"
        ],
        "time": 1.4286
      },
      {
        "notes": [
          "unity_mid59_face_b_drums_snare"
        ],
        "time": 1.7143
      },
      {
        "notes": [
          "unity_mid58_face_b_drums_hihat"
        ],
        "time": 2.0
      },
      {
        "notes": [
          "unity_mid49_face_b_lead_lead2_b",
          "unity_mid55_face_b_bass_bass2_b",
          "unity_mid57_face_b_drums_kick"
        ],
        "time": 2.2857
      },
      {
        "notes": [
          "unity_mid58_face_b_drums_hihat"
        ],
        "time": 2.5714
      },
      {
        "notes": [
          "unity_mid59_face_b_drums_snare"
        ],
        "time": 2.8571
      },
      {
        "notes": [
          "unity_mid58_face_b_drums_hihat"
        ],
        "time": 3.1429
      },
      {
        "notes": [
          "unity_mid55_face_b_bass_bass2_b",
          "unity_mid57_face_b_drums_kick"
        ],
        "time": 3.4286
      },
      {
        "notes": [
          "unity_mid58_face_b_drums_hihat"
        ],
        "time": 3.7143
      },
      {
        "notes": [
          "unity_mid59_face_b_drums_snare"
        ],
        "time": 4.0
      },
      {
        "notes": [
          "unity_mid58_face_b_drums_hihat"
        ],
        "time": 4.2857
      },
      {
        "notes": [
          "unity_mid50_face_b_lead_lead3_b",
          "unity_mid51_face_b_bass_bass3_b",
          "unity_mid57_face_b_drums_kick"
        ],
        "time": 4.5714
      },
      {
        "notes": [
          "unity_mid58_face_b_drums_hihat"
        ],
        "time": 4.8571
      },
      {
        "notes": [
          "unity_mid59_face_b_drums_snare"
        ],
        "time": 5.1429
      },
      {
        "notes": [
          "unity_mid58_face_b_drums_hihat"
        ],
        "time": 5.4286
      },
      {
        "notes": [
          "unity_mid51_face_b_bass_bass3_b",
          "unity_mid56_face_b_fx_fx_b",
          "unity_mid57_face_b_drums_kick"
        ],
        "time": 5.7143
      },
      {
        "notes": [
          "unity_mid58_face_b_drums_hihat"
        ],
        "time": 6.0
      },
      {
        "notes": [
          "unity_mid59_face_b_drums_snare"
        ],
        "time": 6.2857
      },
      {
        "notes": [
          "unity_mid58_face_b_drums_hihat"
        ],
        "time": 6.5714
      },
      {
        "notes": [
          "unity_mid52_face_b_bass_bass4_b",
          "unity_mid53_face_b_lead_lead4_b",
          "unity_mid57_face_b_drums_kick"
        ],
        "time": 6.8571
      },
      {
        "notes": [
          "unity_mid58_face_b_drums_hihat"
        ],
        "time": 7.1429
      },
      {
        "notes": [
          "unity_mid59_face_b_drums_snare"
        ],
        "time": 7.4286
      },
      {
        "notes": [
          "unity_mid58_face_b_drums_hihat"
        ],
        "time": 7.7143
      },
      {
        "notes": [
          "unity_mid57_face_b_drums_kick"
        ],
        "time": 8.0
      },
      {
        "notes": [
          "unity_mid58_face_b_drums_hihat"
        ],
        "time": 8.2857
      },
      {
        "notes": [
          "unity_mid59_face_b_drums_snare"
        ],
        "time": 8.5714
      },
      {
        "notes": [
          "unity_mid58_face_b_drums_hihat"
        ],
        "time": 8.8571
      }
    ]
  }
]
