[{  "events": [
    { "time": 0.0, "notes": ["wherewestarted_mid01_face_b_lead_lead1_b", "wherewestarted_mid04_face_b_bass_bass1_b", "wherewestarted_mid10_face_b_drum_kick_b", "wherewestarted_mid09_face_b_fx_fx1_b"] },
    { "time": 0.6, "notes": ["wherewestarted_mid10_face_b_drum_kick_b"] },
    { "time": 1.2, "notes": ["wherewestarted_mid10_face_b_drum_kick_b"] },
    { "time": 2.0, "notes": ["wherewestarted_mid10_face_b_drum_kick_b"] },
    { "time": 2.4, "notes": ["wherewestarted_mid11_face_b_drum_snare_b"] },
    { "time": 3.2, "notes": ["wherewestarted_mid02_face_b_lead_lead2_b", "wherewestarted_mid05_face_b_bass_bass2_b", "wherewestarted_mid10_face_b_drum_kick_b"] },
    { "time": 3.8, "notes": ["wherewestarted_mid10_face_b_drum_kick_b"] },
    { "time": 4.0, "notes": ["wherewestarted_mid11_face_b_drum_snare_b"] },
    { "time": 4.4, "notes": ["wherewestarted_mid10_face_b_drum_kick_b"] },
    { "time": 4.8, "notes": ["wherewestarted_mid10_face_b_drum_kick_b"] },
    { "time": 5.2, "notes": ["wherewestarted_mid10_face_b_drum_kick_b"] },
    { "time": 5.6, "notes": ["wherewestarted_mid11_face_b_drum_snare_b", "wherewestarted_mid12_face_b_fx_fx2_b"] },
    { "time": 6.4, "notes": ["wherewestarted_mid03_face_b_lead_lead3_b", "wherewestarted_mid07_face_b_bass_bass3_b", "wherewestarted_mid10_face_b_drum_kick_b"] },
    { "time": 7.0, "notes": ["wherewestarted_mid10_face_b_drum_kick_b"] },
    { "time": 7.2, "notes": ["wherewestarted_mid11_face_b_drum_snare_b"] },
    { "time": 7.6, "notes": ["wherewestarted_mid10_face_b_drum_kick_b"] },
    { "time": 8.4, "notes": ["wherewestarted_mid10_face_b_drum_kick_b"] },
    { "time": 8.8, "notes": ["wherewestarted_mid11_face_b_drum_snare_b"] },
    { "time": 9.6, "notes": ["wherewestarted_mid06_face_b_lead_lead4_b", "wherewestarted_mid08_face_b_bass_bass4_b", "wherewestarted_mid10_face_b_drum_kick_b"] },
    { "time": 10.2, "notes": ["wherewestarted_mid10_face_b_drum_kick_b"] },
    { "time": 10.4, "notes": ["wherewestarted_mid11_face_b_drum_snare_b"] },
    { "time": 10.8, "notes": ["wherewestarted_mid10_face_b_drum_kick_b"] },
    { "time": 11.2, "notes": ["wherewestarted_mid10_face_b_drum_kick_b"] },
    { "time": 11.6, "notes": ["wherewestarted_mid10_face_b_drum_kick_b"] },
    { "time": 12.0, "notes": ["wherewestarted_mid11_face_b_drum_snare_b"] },
    { "time": 12.8, "notes": ["wherewestarted_mid01_face_b_lead_lead1_b", "wherewestarted_mid04_face_b_bass_bass1_b"] },
    { "time": 16.0, "notes": ["wherewestarted_mid02_face_b_lead_lead2_b", "wherewestarted_mid05_face_b_bass_bass2_b"] },
    { "time": 19.2, "notes": ["wherewestarted_mid03_face_b_lead_lead3_b", "wherewestarted_mid07_face_b_bass_bass3_b"] },
    { "time": 22.4, "notes": ["wherewestarted_mid06_face_b_lead_lead4_b", "wherewestarted_mid08_face_b_bass_bass4_b"] }
  ]
}
]
