[
    {
        "events": [
            { "time": 0.0, "notes": ["WhereWeStarted_mid05_face_a_lead_a"] },
            { "time": 3.2, "notes": ["WhereWeStarted_mid09_face_a_drum_a"] },
            { "time": 6.4, "notes": ["WhereWeStarted_mid08_face_a_drum_a"] },
            { "time": 9.6, "notes": ["WhereWeStarted_mid11_face_a_drum_a"] },
            { "time": 12.8, "notes": ["WhereWeStarted_mid12_face_a_lead_a"] },
            { "time": 16.0, "notes": ["WhereWeStarted_mid07_face_a_lead_a"] },
            { "time": 19.2, "notes": ["WhereWeStarted_mid06_face_a_lead_a"] },
            { "time": 22.4, "notes": ["WhereWeStarted_mid04_face_a_lead_a"] },
            { "time": 25.6, "notes": ["WhereWeStarted_mid01_face_a_lead_a"] },
            { "time": 28.8, "notes": ["WhereWeStarted_mid10_face_a_drum_a"] },
            { "time": 32.0, "notes": ["WhereWeStarted_mid03_face_a_drum_a"] },
            { "time": 35.2, "notes": ["WhereWeStarted_mid02_face_a_drum_a"] }
        ]
    }
]
