[{
  "events": [
    {
      "time": 0.0,
      "notes": [
        "Hope_mid02_face_a_drum_a"
      ]
    },
    {
      "time": 2.8,
      "notes": [
        "Hope_mid02_face_a_drum_a"
      ]
    },
    {
      "time": 5.6,
      "notes": [
        "Hope_mid01_face_a_lead_a"
      ]
    },
    {
      "time": 8.4,
      "notes": [
        "Hope_mid11_face_a_lead_a"
      ]
    },
    {
      "time": 11.2,
      "notes": [
        "Hope_mid02_face_a_lead_a"
      ]
    },
    {
      "time": 14.1,
      "notes": [
        "Hope_mid12_face_a_lead_a"
      ]
    },
    {
      "time": 16.9,
      "notes": [
        "Hope_mid06_face_a_drum_a"
      ]
    },
    {
      "time": 19.7,
      "notes": [
        "Hope_mid05_face_a_lead_a"
      ]
    },
    {
      "time": 22.5,
      "notes": [
        "Hope_mid02_face_a_lead_a"
      ]
    },
    {
      "time": 25.3,
      "notes": [
        "Hope_mid05_face_a_lead_a"
      ]
    },
    {
      "time": 28.1,
      "notes": [
        "Hope_mid08_face_a_lead_a"
      ]
    },
    {
      "time": 30.9,
      "notes": [
        "Hope_mid11_face_a_drum_a"
      ]
    },
    {
      "time": 33.8,
      "notes": [
        "Hope_mid08_face_a_drum_a"
      ]
    },
    {
      "time": 36.6,
      "notes": [
        "Hope_mid07_face_a_lead_a"
      ]
    },
    {
      "time": 39.4,
      "notes": [
        "Hope_mid08_face_a_drum_a"
      ]
    },
    {
      "time": 42.2,
      "notes": [
        "Hope_mid05_face_a_lead_a"
      ]
    },
    {
      "time": 45.0,
      "notes": [
        "Hope_mid05_face_a_lead_a"
      ]
    },
    {
      "time": 47.8,
      "notes": [
        "Hope_mid04_face_a_lead_a"
      ]
    }
  ]
}
]
