[
    {
      "events": [
        { "time": 0.0, "notes": ["hope_mid10_face_a_drum_kick_a", "hope_mid11_face_a_drum_clap_a"] },
        { "time": 0.46, "notes": ["hope_mid10_face_a_drum_kick_a", "hope_mid11_face_a_drum_clap_a"] },
        { "time": 0.93, "notes": ["hope_mid10_face_a_drum_kick_a", "hope_mid11_face_a_drum_clap_a"] },
        { "time": 1.40, "notes": ["hope_mid10_face_a_drum_kick_a", "hope_mid11_face_a_drum_clap_a"] },
        { "time": 2.34, "notes": ["hope_mid10_face_a_drum_kick_a", "hope_mid11_face_a_drum_clap_a"] },
        { "time": 2.81, "notes": ["hope_mid10_face_a_drum_kick_a", "hope_mid11_face_a_drum_clap_a"] },
        { "time": 3.28, "notes": ["hope_mid10_face_a_drum_kick_a", "hope_mid11_face_a_drum_clap_a"] },
        { "time": 4.21, "notes": ["hope_mid10_face_a_drum_kick_a", "hope_mid11_face_a_drum_clap_a"] },
        { "time": 4.68, "notes": ["hope_mid10_face_a_drum_kick_a", "hope_mid11_face_a_drum_clap_a"] },
        { "time": 5.15, "notes": ["hope_mid10_face_a_drum_kick_a", "hope_mid11_face_a_drum_clap_a"] },
        { "time": 6.09, "notes": ["hope_mid10_face_a_drum_kick_a", "hope_mid11_face_a_drum_clap_a"] },
        { "time": 6.56, "notes": ["hope_mid10_face_a_drum_kick_a", "hope_mid11_face_a_drum_clap_a"] },
        { "time": 7.03, "notes": ["hope_mid10_face_a_drum_kick_a", "hope_mid11_face_a_drum_clap_a"] },
        { "time": 7.96, "notes": ["hope_mid10_face_a_drum_kick_a", "hope_mid11_face_a_drum_clap_a"] },
        { "time": 8.43, "notes": ["hope_mid10_face_a_drum_kick_a", "hope_mid11_face_a_drum_clap_a"] },
        { "time": 8.90, "notes": ["hope_mid10_face_a_drum_kick_a", "hope_mid11_face_a_drum_clap_a"] },
        { "time": 9.84, "notes": ["hope_mid10_face_a_drum_kick_a", "hope_mid11_face_a_drum_clap_a"] },
        { "time": 10.31, "notes": ["hope_mid10_face_a_drum_kick_a", "hope_mid11_face_a_drum_clap_a"] },
        { "time": 10.78, "notes": ["hope_mid10_face_a_drum_kick_a", "hope_mid11_face_a_drum_clap_a"] },
        { "time": 11.71, "notes": ["hope_mid10_face_a_drum_kick_a", "hope_mid11_face_a_drum_clap_a"] },
        { "time": 12.18, "notes": ["hope_mid10_face_a_drum_kick_a", "hope_mid11_face_a_drum_clap_a"] },
        { "time": 12.65, "notes": ["hope_mid10_face_a_drum_kick_a", "hope_mid11_face_a_drum_clap_a"] },
        { "time": 13.59, "notes": ["hope_mid10_face_a_drum_kick_a", "hope_mid11_face_a_drum_clap_a"] },
        { "time": 14.06, "notes": ["hope_mid10_face_a_drum_kick_a", "hope_mid11_face_a_drum_clap_a"] },
        { "time": 14.53, "notes": ["hope_mid10_face_a_drum_kick_a", "hope_mid11_face_a_drum_clap_a"] }
      ]
    },
    {
      "events": [
        { "time": 0.0, "notes": ["hope_mid01_face_a_lead_lead1_a", "hope_mid06_face_a_lead_lead4_a"] },
        { "time": 1.87, "notes": ["hope_mid09_face_a_lead_lead5_a"] },
        { "time": 3.75, "notes": ["hope_mid02_face_a_lead_lead2_a", "hope_mid03_face_a_lead_lead3_a", "hope_mid06_face_a_lead_lead4_a"] },
        { "time": 5.62, "notes": ["hope_mid09_face_a_lead_lead5_a"] },
        { "time": 7.50, "notes": ["hope_mid01_face_a_lead_lead1_a", "hope_mid06_face_a_lead_lead4_a"] },
        { "time": 9.37, "notes": ["hope_mid09_face_a_lead_lead5_a"] },
        { "time": 11.25, "notes": ["hope_mid03_face_a_lead_lead3_a", "hope_mid06_face_a_lead_lead4_a"] },
        { "time": 13.12, "notes": ["hope_mid09_face_a_lead_lead5_a"] }
      ]
    },
    {
      "events": [
        { "time": 0.0, "notes": ["hope_mid04_face_a_bass_bass1_a"] },
        { "time": 1.87, "notes": ["hope_mid05_face_a_bass_bass2_a"] },
        { "time": 3.75, "notes": ["hope_mid07_face_a_bass_bass3_a"] },
        { "time": 5.62, "notes": ["hope_mid08_face_a_bass_bass4_a"] },
        { "time": 7.50, "notes": ["hope_mid04_face_a_bass_bass1_a"] },
        { "time": 9.37, "notes": ["hope_mid05_face_a_bass_bass2_a"] },
        { "time": 11.25, "notes": ["hope_mid07_face_a_bass_bass3_a"] },
        { "time": 13.12, "notes": ["hope_mid08_face_a_bass_bass4_a"] }
      ]
    },
    {
      "events": [
        { "time": 1.87, "notes": ["hope_mid05_face_a_bass_bass2_a", "hope_mid10_face_a_drum_kick_a", "hope_mid11_face_a_drum_clap_a"] },
        { "time": 3.75, "notes": ["hope_mid07_face_a_bass_bass3_a", "hope_mid10_face_a_drum_kick_a", "hope_mid11_face_a_drum_clap_a"] },
        { "time": 5.62, "notes": ["hope_mid08_face_a_bass_bass4_a", "hope_mid10_face_a_drum_kick_a", "hope_mid11_face_a_drum_clap_a"] },
        { "time": 9.37, "notes": ["hope_mid05_face_a_bass_bass2_a", "hope_mid10_face_a_drum_kick_a", "hope_mid11_face_a_drum_clap_a"] },
        { "time": 11.25, "notes": ["hope_mid07_face_a_bass_bass3_a", "hope_mid10_face_a_drum_kick_a", "hope_mid11_face_a_drum_clap_a"] },
        { "time": 13.12, "notes": ["hope_mid08_face_a_bass_bass4_a", "hope_mid10_face_a_drum_kick_a", "hope_mid11_face_a_drum_clap_a"] }
      ]
    },
    {
      "events": [
        { "time": 0.0, "notes": ["hope_mid01_face_a_lead_lead1_a", "hope_mid06_face_a_lead_lead4_a", "hope_mid10_face_a_drum_kick_a", "hope_mid11_face_a_drum_clap_a"] },
        { "time": 3.75, "notes": ["hope_mid02_face_a_lead_lead2_a", "hope_mid03_face_a_lead_lead3_a", "hope_mid06_face_a_lead_lead4_a", "hope_mid10_face_a_drum_kick_a", "hope_mid11_face_a_drum_clap_a"] },
        { "time": 7.50, "notes": ["hope_mid01_face_a_lead_lead1_a", "hope_mid06_face_a_lead_lead4_a", "hope_mid10_face_a_drum_kick_a", "hope_mid11_face_a_drum_clap_a"] },
        { "time": 11.25, "notes": ["hope_mid03_face_a_lead_lead3_a", "hope_mid06_face_a_lead_lead4_a", "hope_mid10_face_a_drum_kick_a", "hope_mid11_face_a_drum_clap_a"] }
      ]
    },
    {
      "events": [
        { "time": 1.87, "notes": ["hope_mid09_face_a_lead_lead5_a", "hope_mid05_face_a_bass_bass2_a"] },
        { "time": 3.75, "notes": ["hope_mid02_face_a_lead_lead2_a", "hope_mid03_face_a_lead_lead3_a", "hope_mid06_face_a_lead_lead4_a", "hope_mid07_face_a_bass_bass3_a"] },
        { "time": 5.62, "notes": ["hope_mid09_face_a_lead_lead5_a", "hope_mid08_face_a_bass_bass4_a"] },
        { "time": 9.37, "notes": ["hope_mid09_face_a_lead_lead5_a", "hope_mid05_face_a_bass_bass2_a"] },
        { "time": 11.25, "notes": ["hope_mid03_face_a_lead_lead3_a", "hope_mid06_face_a_lead_lead4_a", "hope_mid07_face_a_bass_bass3_a"] },
        { "time": 13.12, "notes": ["hope_mid09_face_a_lead_lead5_a", "hope_mid08_face_a_bass_bass4_a"] }
      ]
    },
    {
      "events": [
        { "time": 0.0, "notes": ["hope_mid01_face_a_lead_lead1_a", "hope_mid04_face_a_bass_bass1_a", "hope_mid06_face_a_lead_lead4_a", "hope_mid10_face_a_drum_kick_a", "hope_mid11_face_a_drum_clap_a", "hope_mid12_face_a_fx_fx_a"] },
        { "time": 0.46, "notes": ["hope_mid10_face_a_drum_kick_a", "hope_mid11_face_a_drum_clap_a"] },
        { "time": 0.93, "notes": ["hope_mid10_face_a_drum_kick_a", "hope_mid11_face_a_drum_clap_a"] },
        { "time": 1.40, "notes": ["hope_mid10_face_a_drum_kick_a", "hope_mid11_face_a_drum_clap_a"] },
        { "time": 1.87, "notes": ["hope_mid09_face_a_lead_lead5_a", "hope_mid05_face_a_bass_bass2_a", "hope_mid10_face_a_drum_kick_a", "hope_mid11_face_a_drum_clap_a"] },
        { "time": 2.34, "notes": ["hope_mid10_face_a_drum_kick_a", "hope_mid11_face_a_drum_clap_a"] },
        { "time": 2.81, "notes": ["hope_mid10_face_a_drum_kick_a", "hope_mid11_face_a_drum_clap_a"] },
        { "time": 3.28, "notes": ["hope_mid10_face_a_drum_kick_a", "hope_mid11_face_a_drum_clap_a"] },
        { "time": 3.75, "notes": ["hope_mid02_face_a_lead_lead2_a", "hope_mid03_face_a_lead_lead3_a", "hope_mid06_face_a_lead_lead4_a", "hope_mid07_face_a_bass_bass3_a", "hope_mid10_face_a_drum_kick_a", "hope_mid11_face_a_drum_clap_a"] },
        { "time": 4.21, "notes": ["hope_mid10_face_a_drum_kick_a", "hope_mid11_face_a_drum_clap_a"] },
        { "time": 4.68, "notes": ["hope_mid10_face_a_drum_kick_a", "hope_mid11_face_a_drum_clap_a"] },
        { "time": 5.15, "notes": ["hope_mid10_face_a_drum_kick_a", "hope_mid11_face_a_drum_clap_a"] },
        { "time": 5.62, "notes": ["hope_mid09_face_a_lead_lead5_a", "hope_mid08_face_a_bass_bass4_a", "hope_mid10_face_a_drum_kick_a", "hope_mid11_face_a_drum_clap_a"] },
        { "time": 6.09, "notes": ["hope_mid10_face_a_drum_kick_a", "hope_mid11_face_a_drum_clap_a"] },
        { "time": 6.56, "notes": ["hope_mid10_face_a_drum_kick_a", "hope_mid11_face_a_drum_clap_a"] },
        { "time": 7.03, "notes": ["hope_mid10_face_a_drum_kick_a", "hope_mid11_face_a_drum_clap_a"] },
        { "time": 7.50, "notes": ["hope_mid01_face_a_lead_lead1_a", "hope_mid04_face_a_bass_bass1_a", "hope_mid06_face_a_lead_lead4_a", "hope_mid10_face_a_drum_kick_a", "hope_mid11_face_a_drum_clap_a"] },
        { "time": 7.96, "notes": ["hope_mid10_face_a_drum_kick_a", "hope_mid11_face_a_drum_clap_a"] },
        { "time": 8.43, "notes": ["hope_mid10_face_a_drum_kick_a", "hope_mid11_face_a_drum_clap_a"] },
        { "time": 8.90, "notes": ["hope_mid10_face_a_drum_kick_a", "hope_mid11_face_a_drum_clap_a"] },
        { "time": 9.37, "notes": ["hope_mid09_face_a_lead_lead5_a", "hope_mid05_face_a_bass_bass2_a", "hope_mid10_face_a_drum_kick_a", "hope_mid11_face_a_drum_clap_a"] },
        { "time": 9.84, "notes": ["hope_mid10_face_a_drum_kick_a", "hope_mid11_face_a_drum_clap_a"] },
        { "time": 10.31, "notes": ["hope_mid10_face_a_drum_kick_a", "hope_mid11_face_a_drum_clap_a"] },
        { "time": 10.78, "notes": ["hope_mid10_face_a_drum_kick_a", "hope_mid11_face_a_drum_clap_a"] },
        { "time": 11.25, "notes": ["hope_mid03_face_a_lead_lead3_a", "hope_mid06_face_a_lead_lead4_a", "hope_mid07_face_a_bass_bass3_a", "hope_mid10_face_a_drum_kick_a", "hope_mid11_face_a_drum_clap_a"] },
        { "time": 11.71, "notes": ["hope_mid10_face_a_drum_kick_a", "hope_mid11_face_a_drum_clap_a"] },
        { "time": 12.18, "notes": ["hope_mid10_face_a_drum_kick_a", "hope_mid11_face_a_drum_clap_a"] },
        { "time": 12.65, "notes": ["hope_mid10_face_a_drum_kick_a", "hope_mid11_face_a_drum_clap_a"] },
        { "time": 13.12, "notes": ["hope_mid09_face_a_lead_lead5_a", "hope_mid08_face_a_bass_bass4_a", "hope_mid10_face_a_drum_kick_a", "hope_mid11_face_a_drum_clap_a"] },
        { "time": 13.59, "notes": ["hope_mid10_face_a_drum_kick_a", "hope_mid11_face_a_drum_clap_a"] },
        { "time": 14.06, "notes": ["hope_mid10_face_a_drum_kick_a", "hope_mid11_face_a_drum_clap_a"] },
        { "time": 14.53, "notes": ["hope_mid10_face_a_drum_kick_a", "hope_mid11_face_a_drum_clap_a"] }
      ]
    },
      {
        "events": [
          { "time": 15.00, "notes": ["hope_mid10_face_b_drum_kick_b", "hope_mid12_face_b_drum_clap_b"] },
          { "time": 15.46, "notes": ["hope_mid11_face_b_drum_snare_b", "hope_mid12_face_b_drum_clap_b"] },
          { "time": 15.93, "notes": ["hope_mid12_face_b_drum_clap_b"] },
          { "time": 16.40, "notes": ["hope_mid11_face_b_drum_snare_b", "hope_mid12_face_b_drum_clap_b"] },
          { "time": 16.87, "notes": ["hope_mid12_face_b_drum_clap_b"] },
          { "time": 17.34, "notes": ["hope_mid11_face_b_drum_snare_b", "hope_mid12_face_b_drum_clap_b"] },
          { "time": 17.81, "notes": ["hope_mid12_face_b_drum_clap_b"] },
          { "time": 18.28, "notes": ["hope_mid11_face_b_drum_snare_b", "hope_mid12_face_b_drum_clap_b"] },
          { "time": 18.75, "notes": ["hope_mid10_face_b_drum_kick_b", "hope_mid12_face_b_drum_clap_b"] },
          { "time": 19.21, "notes": ["hope_mid11_face_b_drum_snare_b", "hope_mid12_face_b_drum_clap_b"] },
          { "time": 19.68, "notes": ["hope_mid12_face_b_drum_clap_b"] },
          { "time": 20.15, "notes": ["hope_mid11_face_b_drum_snare_b", "hope_mid12_face_b_drum_clap_b"] },
          { "time": 20.62, "notes": ["hope_mid12_face_b_drum_clap_b"] },
          { "time": 21.09, "notes": ["hope_mid11_face_b_drum_snare_b", "hope_mid12_face_b_drum_clap_b"] },
          { "time": 21.56, "notes": ["hope_mid12_face_b_drum_clap_b"] },
          { "time": 22.03, "notes": ["hope_mid11_face_b_drum_snare_b", "hope_mid12_face_b_drum_clap_b"] },
          { "time": 22.50, "notes": ["hope_mid10_face_b_drum_kick_b", "hope_mid12_face_b_drum_clap_b"] },
          { "time": 22.96, "notes": ["hope_mid11_face_b_drum_snare_b", "hope_mid12_face_b_drum_clap_b"] },
          { "time": 23.43, "notes": ["hope_mid12_face_b_drum_clap_b"] },
          { "time": 23.90, "notes": ["hope_mid11_face_b_drum_snare_b", "hope_mid12_face_b_drum_clap_b"] },
          { "time": 24.37, "notes": ["hope_mid12_face_b_drum_clap_b"] },
          { "time": 24.84, "notes": ["hope_mid11_face_b_drum_snare_b", "hope_mid12_face_b_drum_clap_b"] },
          { "time": 25.31, "notes": ["hope_mid12_face_b_drum_clap_b"] },
          { "time": 25.78, "notes": ["hope_mid11_face_b_drum_snare_b", "hope_mid12_face_b_drum_clap_b"] },
          { "time": 26.25, "notes": ["hope_mid10_face_b_drum_kick_b", "hope_mid12_face_b_drum_clap_b"] },
          { "time": 26.71, "notes": ["hope_mid11_face_b_drum_snare_b", "hope_mid12_face_b_drum_clap_b"] },
          { "time": 27.18, "notes": ["hope_mid12_face_b_drum_clap_b"] },
          { "time": 27.65, "notes": ["hope_mid11_face_b_drum_snare_b", "hope_mid12_face_b_drum_clap_b"] },
          { "time": 28.12, "notes": ["hope_mid12_face_b_drum_clap_b"] },
          { "time": 28.59, "notes": ["hope_mid11_face_b_drum_snare_b", "hope_mid12_face_b_drum_clap_b"] }
        ]
      },
      {
        "events": [
          { "time": 15.00, "notes": ["hope_mid04_face_b_lead_lead4_b"] },
          { "time": 18.75, "notes": ["hope_mid05_face_b_lead_lead5_b"] },
          { "time": 22.50, "notes": ["hope_mid04_face_b_lead_lead4_b"] },
          { "time": 26.25, "notes": ["hope_mid06_face_b_lead_lead6_b"] }
        ]
      },
      {
        "events": [
          { "time": 15.00, "notes": ["hope_mid07_face_b_bass_bass1_b"] },
          { "time": 18.75, "notes": ["hope_mid08_face_b_bass_bass2_b"] },
          { "time": 22.50, "notes": ["hope_mid07_face_b_bass_bass1_b"] },
          { "time": 26.25, "notes": ["hope_mid08_face_b_bass_bass2_b"] }
        ]
      },
      {
        "events": [
          { "time": 15.00, "notes": ["hope_mid07_face_b_bass_bass1_b", "hope_mid10_face_b_drum_kick_b", "hope_mid12_face_b_drum_clap_b"] },
          { "time": 18.75, "notes": ["hope_mid08_face_b_bass_bass2_b", "hope_mid10_face_b_drum_kick_b", "hope_mid12_face_b_drum_clap_b"] },
          { "time": 22.50, "notes": ["hope_mid07_face_b_bass_bass1_b", "hope_mid10_face_b_drum_kick_b", "hope_mid12_face_b_drum_clap_b"] },
          { "time": 26.25, "notes": ["hope_mid08_face_b_bass_bass2_b", "hope_mid10_face_b_drum_kick_b", "hope_mid12_face_b_drum_clap_b"] }
        ]
      },
      {
        "events": [
          { "time": 15.00, "notes": ["hope_mid04_face_b_lead_lead4_b", "hope_mid10_face_b_drum_kick_b", "hope_mid12_face_b_drum_clap_b"] },
          { "time": 18.75, "notes": ["hope_mid05_face_b_lead_lead5_b", "hope_mid10_face_b_drum_kick_b", "hope_mid12_face_b_drum_clap_b"] },
          { "time": 22.50, "notes": ["hope_mid04_face_b_lead_lead4_b", "hope_mid10_face_b_drum_kick_b", "hope_mid12_face_b_drum_clap_b"] },
          { "time": 26.25, "notes": ["hope_mid06_face_b_lead_lead6_b", "hope_mid10_face_b_drum_kick_b", "hope_mid12_face_b_drum_clap_b"] }
        ]
      },
      {
        "events": [
          { "time": 15.00, "notes": ["hope_mid04_face_b_lead_lead4_b", "hope_mid07_face_b_bass_bass1_b"] },
          { "time": 18.75, "notes": ["hope_mid05_face_b_lead_lead5_b", "hope_mid08_face_b_bass_bass2_b"] },
          { "time": 22.50, "notes": ["hope_mid04_face_b_lead_lead4_b", "hope_mid07_face_b_bass_bass1_b"] },
          { "time": 26.25, "notes": ["hope_mid06_face_b_lead_lead6_b", "hope_mid08_face_b_bass_bass2_b"] }
        ]
      },
      {
        "events": [
          { "time": 15.00, "notes": ["hope_mid04_face_b_lead_lead4_b", "hope_mid07_face_b_bass_bass1_b", "hope_mid10_face_b_drum_kick_b", "hope_mid12_face_b_drum_clap_b"] },
          { "time": 15.46, "notes": ["hope_mid11_face_b_drum_snare_b", "hope_mid12_face_b_drum_clap_b"] },
          { "time": 15.93, "notes": ["hope_mid12_face_b_drum_clap_b"] },
          { "time": 16.40, "notes": ["hope_mid11_face_b_drum_snare_b", "hope_mid12_face_b_drum_clap_b"] },
          { "time": 16.87, "notes": ["hope_mid12_face_b_drum_clap_b"] },
          { "time": 17.34, "notes": ["hope_mid11_face_b_drum_snare_b", "hope_mid12_face_b_drum_clap_b"] },
          { "time": 17.81, "notes": ["hope_mid12_face_b_drum_clap_b"] },
          { "time": 18.28, "notes": ["hope_mid11_face_b_drum_snare_b", "hope_mid12_face_b_drum_clap_b"] },
          { "time": 18.75, "notes": ["hope_mid05_face_b_lead_lead5_b", "hope_mid08_face_b_bass_bass2_b", "hope_mid10_face_b_drum_kick_b", "hope_mid12_face_b_drum_clap_b"] },
          { "time": 19.21, "notes": ["hope_mid11_face_b_drum_snare_b", "hope_mid12_face_b_drum_clap_b"] },
          { "time": 19.68, "notes": ["hope_mid12_face_b_drum_clap_b"] },
          { "time": 20.15, "notes": ["hope_mid11_face_b_drum_snare_b", "hope_mid12_face_b_drum_clap_b"] },
          { "time": 20.62, "notes": ["hope_mid12_face_b_drum_clap_b"] },
          { "time": 21.09, "notes": ["hope_mid11_face_b_drum_snare_b", "hope_mid12_face_b_drum_clap_b"] },
          { "time": 21.56, "notes": ["hope_mid12_face_b_drum_clap_b"] },
          { "time": 22.03, "notes": ["hope_mid11_face_b_drum_snare_b", "hope_mid12_face_b_drum_clap_b"] },
          { "time": 22.50, "notes": ["hope_mid04_face_b_lead_lead4_b", "hope_mid07_face_b_bass_bass1_b", "hope_mid10_face_b_drum_kick_b", "hope_mid12_face_b_drum_clap_b"] },
          { "time": 22.96, "notes": ["hope_mid11_face_b_drum_snare_b", "hope_mid12_face_b_drum_clap_b"] },
          { "time": 23.43, "notes": ["hope_mid12_face_b_drum_clap_b"] },
          { "time": 23.90, "notes": ["hope_mid11_face_b_drum_snare_b", "hope_mid12_face_b_drum_clap_b"] },
          { "time": 24.37, "notes": ["hope_mid12_face_b_drum_clap_b"] },
          { "time": 24.84, "notes": ["hope_mid11_face_b_drum_snare_b", "hope_mid12_face_b_drum_clap_b"] },
          { "time": 25.31, "notes": ["hope_mid12_face_b_drum_clap_b"] },
          { "time": 25.78, "notes": ["hope_mid11_face_b_drum_snare_b", "hope_mid12_face_b_drum_clap_b"] },
          { "time": 26.25, "notes": ["hope_mid06_face_b_lead_lead6_b", "hope_mid08_face_b_bass_bass2_b", "hope_mid10_face_b_drum_kick_b", "hope_mid12_face_b_drum_clap_b"] },
          { "time": 26.71, "notes": ["hope_mid11_face_b_drum_snare_b", "hope_mid12_face_b_drum_clap_b"] },
          { "time": 27.18, "notes": ["hope_mid12_face_b_drum_clap_b"] },
          { "time": 27.65, "notes": ["hope_mid11_face_b_drum_snare_b", "hope_mid12_face_b_drum_clap_b"] },
          { "time": 28.12, "notes": ["hope_mid12_face_b_drum_clap_b"] },
          { "time": 28.59, "notes": ["hope_mid11_face_b_drum_snare_b", "hope_mid12_face_b_drum_clap_b"] },
          { "time": 30.00, "notes": ["hope_mid09_face_b_fx_fx_b"] }
        ]
      }

]
