{
  "events": [
    { "time": 0.0, "notes": ["heroestonight_mid10_face_b_drum_kick_b", "heroestonight_mid11_face_b_drum_hihat_b"] },
    { "time": 0.46, "notes": ["heroestonight_mid01_face_b_lead_lead1_b", "heroestonight_mid04_face_b_bass_bass1_b", "heroestonight_mid10_face_b_drum_kick_b", "heroestonight_mid11_face_b_drum_hihat_b", "heroestonight_mid12_face_b_drum_snare_b"] },
    { "time": 0.93, "notes": ["heroestonight_mid10_face_b_drum_kick_b", "heroestonight_mid11_face_b_drum_hihat_b"] },
    { "time": 1.4, "notes": ["heroestonight_mid10_face_b_drum_kick_b", "heroestonight_mid11_face_b_drum_hihat_b", "heroestonight_mid12_face_b_drum_snare_b"] },
    { "time": 1.87, "notes": ["heroestonight_mid02_face_b_lead_lead2_b", "heroestonight_mid05_face_b_bass_bass2_b", "heroestonight_mid10_face_b_drum_kick_b", "heroestonight_mid11_face_b_drum_hihat_b"] },
    { "time": 2.34, "notes": ["heroestonight_mid10_face_b_drum_kick_b", "heroestonight_mid11_face_b_drum_hihat_b", "heroestonight_mid12_face_b_drum_snare_b"] },
    { "time": 2.81, "notes": ["heroestonight_mid10_face_b_drum_kick_b", "heroestonight_mid11_face_b_drum_hihat_b"] },
    { "time": 3.28, "notes": ["heroestonight_mid10_face_b_drum_kick_b", "heroestonight_mid11_face_b_drum_hihat_b", "heroestonight_mid12_face_b_drum_snare_b"] },
    { "time": 3.75, "notes": ["heroestonight_mid03_face_b_lead_lead3_b", "heroestonight_mid07_face_b_bass_bass3_b", "heroestonight_mid10_face_b_drum_kick_b", "heroestonight_mid11_face_b_drum_hihat_b"] },
    { "time": 4.21, "notes": ["heroestonight_mid10_face_b_drum_kick_b", "heroestonight_mid11_face_b_drum_hihat_b", "heroestonight_mid12_face_b_drum_snare_b"] },
    { "time": 4.68, "notes": ["heroestonight_mid10_face_b_drum_kick_b", "heroestonight_mid11_face_b_drum_hihat_b"] },
    { "time": 5.15, "notes": ["heroestonight_mid10_face_b_drum_kick_b", "heroestonight_mid11_face_b_drum_hihat_b", "heroestonight_mid12_face_b_drum_snare_b"] },
    { "time": 5.62, "notes": ["heroestonight_mid06_face_b_lead_lead4_b", "heroestonight_mid08_face_b_bass_bass4_b", "heroestonight_mid10_face_b_drum_kick_b", "heroestonight_mid11_face_b_drum_hihat_b"] },
    { "time": 6.09, "notes": ["heroestonight_mid10_face_b_drum_kick_b", "heroestonight_mid11_face_b_drum_hihat_b", "heroestonight_mid12_face_b_drum_snare_b"] },
    { "time": 6.56, "notes": ["heroestonight_mid10_face_b_drum_kick_b", "heroestonight_mid11_face_b_drum_hihat_b"] },
    { "time": 6.79, "notes": ["heroestonight_mid09_face_b_fx_fill_b"] },
    { "time": 7.03, "notes": ["heroestonight_mid10_face_b_drum_kick_b", "heroestonight_mid11_face_b_drum_hihat_b", "heroestonight_mid12_face_b_drum_snare_b"] }
  ]
}
