[
  {
    "events": [
      {
        "time": 0.0,
        "notes": [
          "heroestonight_mid10_face_a_drum_kick_a",
          "heroestonight_mid11_face_a_drum_hihat_a"
        ]
      },
      {
        "time": 0.46,
        "notes": [
          "heroestonight_mid10_face_a_drum_kick_a",
          "heroestonight_mid11_face_a_drum_hihat_a"
        ]
      },
      {
        "time": 0.93,
        "notes": [
          "heroestonight_mid10_face_a_drum_kick_a",
          "heroestonight_mid11_face_a_drum_hihat_a"
        ]
      },
      {
        "time": 1.4,
        "notes": [
          "heroestonight_mid10_face_a_drum_kick_a",
          "heroestonight_mid11_face_a_drum_hihat_a"
        ]
      },
      {
        "time": 2.34,
        "notes": [
          "heroestonight_mid10_face_a_drum_kick_a",
          "heroestonight_mid11_face_a_drum_hihat_a"
        ]
      },
      {
        "time": 2.81,
        "notes": [
          "heroestonight_mid10_face_a_drum_kick_a",
          "heroestonight_mid11_face_a_drum_hihat_a"
        ]
      },
      {
        "time": 3.04,
        "notes": [
          "heroestonight_mid12_face_a_drum_snare_a"
        ]
      },
      {
        "time": 3.28,
        "notes": [
          "heroestonight_mid10_face_a_drum_kick_a",
          "heroestonight_mid11_face_a_drum_hihat_a"
        ]
      },
      {
        "time": 3.51,
        "notes": [
          "heroestonight_mid12_face_a_drum_snare_a"
        ]
      },
      {
        "time": 4.21,
        "notes": [
          "heroestonight_mid10_face_a_drum_kick_a",
          "heroestonight_mid11_face_a_drum_hihat_a"
        ]
      },
      {
        "time": 4.68,
        "notes": [
          "heroestonight_mid10_face_a_drum_kick_a",
          "heroestonight_mid11_face_a_drum_hihat_a"
        ]
      },
      {
        "time": 5.15,
        "notes": [
          "heroestonight_mid10_face_a_drum_kick_a",
          "heroestonight_mid11_face_a_drum_hihat_a"
        ]
      },
      {
        "time": 6.09,
        "notes": [
          "heroestonight_mid10_face_a_drum_kick_a",
          "heroestonight_mid11_face_a_drum_hihat_a"
        ]
      },
      {
        "time": 6.56,
        "notes": [
          "heroestonight_mid10_face_a_drum_kick_a",
          "heroestonight_mid11_face_a_drum_hihat_a"
        ]
      },
      {
        "time": 6.79,
        "notes": [
          "heroestonight_mid12_face_a_drum_snare_a"
        ]
      },
      {
        "time": 7.03,
        "notes": [
          "heroestonight_mid10_face_a_drum_kick_a",
          "heroestonight_mid11_face_a_drum_hihat_a"
        ]
      },
      {
        "time": 7.26,
        "notes": [
          "heroestonight_mid12_face_a_drum_snare_a"
        ]
      }
    ]
  },
  {
    "events": [
      {
        "time": 0.0,
        "notes": ["heroestonight_mid01_face_a_lead_lead1_a"]
      },
      {
        "time": 1.87,
        "notes": ["heroestonight_mid02_face_a_lead_lead2_a"]
      },
      {
        "time": 3.75,
        "notes": ["heroestonight_mid03_face_a_lead_lead3_a"]
      },
      {
        "time": 5.62,
        "notes": ["heroestonight_mid06_face_a_lead_lead4_a"]
      }
    ]
  },
  {
    "events": [
      {
        "time": 0.0,
        "notes": ["heroestonight_mid04_face_a_bass_bass1_a"]
      },
      {
        "time": 1.87,
        "notes": ["heroestonight_mid05_face_a_bass_bass2_a"]
      },
      {
        "time": 3.75,
        "notes": ["heroestonight_mid07_face_a_bass_bass3_a"]
      },
      {
        "time": 5.62,
        "notes": ["heroestonight_mid08_face_a_bass_bass4_a"]
      }
    ]
  },
  {
    "events": [
      {
        "time": 1.87,
        "notes": [
          "heroestonight_mid05_face_a_bass_bass2_a",
          "heroestonight_mid10_face_a_drum_kick_a",
          "heroestonight_mid11_face_a_drum_hihat_a"
        ]
      },
      {
        "time": 3.75,
        "notes": [
          "heroestonight_mid07_face_a_bass_bass3_a",
          "heroestonight_mid10_face_a_drum_kick_a",
          "heroestonight_mid11_face_a_drum_hihat_a"
        ]
      },
      {
        "time": 5.62,
        "notes": [
          "heroestonight_mid08_face_a_bass_bass4_a",
          "heroestonight_mid10_face_a_drum_kick_a",
          "heroestonight_mid11_face_a_drum_hihat_a"
        ]
      }
    ]
  },
  {
    "events": [
      {
        "time": 0.0,
        "notes": [
          "heroestonight_mid01_face_a_lead_lead1_a",
          "heroestonight_mid10_face_a_drum_kick_a",
          "heroestonight_mid11_face_a_drum_hihat_a"
        ]
      },
      {
        "time": 1.87,
        "notes": [
          "heroestonight_mid02_face_a_lead_lead2_a",
          "heroestonight_mid10_face_a_drum_kick_a",
          "heroestonight_mid11_face_a_drum_hihat_a"
        ]
      },
      {
        "time": 3.75,
        "notes": [
          "heroestonight_mid03_face_a_lead_lead3_a",
          "heroestonight_mid10_face_a_drum_kick_a",
          "heroestonight_mid11_face_a_drum_hihat_a"
        ]
      },
      {
        "time": 5.62,
        "notes": [
          "heroestonight_mid06_face_a_lead_lead4_a",
          "heroestonight_mid10_face_a_drum_kick_a",
          "heroestonight_mid11_face_a_drum_hihat_a"
        ]
      }
    ]
  },
  {
    "events": [
      {
        "time": 0.0,
        "notes": [
          "heroestonight_mid01_face_a_lead_lead1_a",
          "heroestonight_mid04_face_a_bass_bass1_a"
        ]
      },
      {
        "time": 1.87,
        "notes": [
          "heroestonight_mid02_face_a_lead_lead2_a",
          "heroestonight_mid05_face_a_bass_bass2_a"
        ]
      },
      {
        "time": 3.75,
        "notes": [
          "heroestonight_mid03_face_a_lead_lead3_a",
          "heroestonight_mid07_face_a_bass_bass3_a"
        ]
      },
      {
        "time": 5.62,
        "notes": [
          "heroestonight_mid06_face_a_lead_lead4_a",
          "heroestonight_mid08_face_a_bass_bass4_a"
        ]
      }
    ]
  },
  {
    "events": [
      {
        "time": 0.0,
        "notes": [
          "heroestonight_mid01_face_a_lead_lead1_a",
          "heroestonight_mid04_face_a_bass_bass1_a",
          "heroestonight_mid10_face_a_drum_kick_a",
          "heroestonight_mid11_face_a_drum_hihat_a"
        ]
      },
      {
        "time": 0.46,
        "notes": [
          "heroestonight_mid10_face_a_drum_kick_a",
          "heroestonight_mid11_face_a_drum_hihat_a"
        ]
      },
      {
        "time": 0.93,
        "notes": [
          "heroestonight_mid10_face_a_drum_kick_a",
          "heroestonight_mid11_face_a_drum_hihat_a"
        ]
      },
      {
        "time": 1.4,
        "notes": [
          "heroestonight_mid10_face_a_drum_kick_a",
          "heroestonight_mid11_face_a_drum_hihat_a"
        ]
      },
      {
        "time": 1.87,
        "notes": [
          "heroestonight_mid02_face_a_lead_lead2_a",
          "heroestonight_mid05_face_a_bass_bass2_a",
          "heroestonight_mid10_face_a_drum_kick_a",
          "heroestonight_mid11_face_a_drum_hihat_a"
        ]
      },
      {
        "time": 2.34,
        "notes": [
          "heroestonight_mid10_face_a_drum_kick_a",
          "heroestonight_mid11_face_a_drum_hihat_a"
        ]
      },
      {
        "time": 2.81,
        "notes": [
          "heroestonight_mid10_face_a_drum_kick_a",
          "heroestonight_mid11_face_a_drum_hihat_a"
        ]
      },
      {
        "time": 3.04,
        "notes": [
          "heroestonight_mid12_face_a_drum_snare_a"
        ]
      },
      {
        "time": 3.28,
        "notes": [
          "heroestonight_mid10_face_a_drum_kick_a",
          "heroestonight_mid11_face_a_drum_hihat_a"
        ]
      },
      {
        "time": 3.51,
        "notes": [
          "heroestonight_mid12_face_a_drum_snare_a"
        ]
      },
      {
        "time": 3.75,
        "notes": [
          "heroestonight_mid03_face_a_lead_lead3_a",
          "heroestonight_mid07_face_a_bass_bass3_a",
          "heroestonight_mid10_face_a_drum_kick_a",
          "heroestonight_mid11_face_a_drum_hihat_a"
        ]
      },
      {
        "time": 4.21,
        "notes": [
          "heroestonight_mid10_face_a_drum_kick_a",
          "heroestonight_mid11_face_a_drum_hihat_a"
        ]
      },
      {
        "time": 4.68,
        "notes": [
          "heroestonight_mid10_face_a_drum_kick_a",
          "heroestonight_mid11_face_a_drum_hihat_a"
        ]
      },
      {
        "time": 5.15,
        "notes": [
          "heroestonight_mid10_face_a_drum_kick_a",
          "heroestonight_mid11_face_a_drum_hihat_a"
        ]
      },
      {
        "time": 5.62,
        "notes": [
          "heroestonight_mid06_face_a_lead_lead4_a",
          "heroestonight_mid08_face_a_bass_bass4_a",
          "heroestonight_mid10_face_a_drum_kick_a",
          "heroestonight_mid11_face_a_drum_hihat_a"
        ]
      },
      {
        "time": 6.09,
        "notes": [
          "heroestonight_mid10_face_a_drum_kick_a",
          "heroestonight_mid11_face_a_drum_hihat_a"
        ]
      },
      {
        "time": 6.56,
        "notes": [
          "heroestonight_mid10_face_a_drum_kick_a",
          "heroestonight_mid11_face_a_drum_hihat_a"
        ]
      },
      {
        "time": 6.79,
        "notes": [
          "heroestonight_mid12_face_a_drum_snare_a"
        ]
      },
      {
        "time": 7.03,
        "notes": [
          "heroestonight_mid10_face_a_drum_kick_a",
          "heroestonight_mid11_face_a_drum_hihat_a"
        ]
      },
      {
        "time": 7.26,
        "notes": [
          "heroestonight_mid12_face_a_drum_snare_a"
        ]
      },
      {
        "time": 7.5,
        "notes": [
          "heroestonight_mid09_face_a_fx_crash_a"
        ]
      }
    ]
  },
{
  "events": [
    { "notes": ["unity_mid10_face_b_drum_kick_b", "unity_mid11_face_b_drum_hihat_b"], "time": 0.0 },
    { "notes": ["unity_mid10_face_b_drum_kick_b", "unity_mid11_face_b_drum_hihat_b"], "time": 0.46 },
    { "notes": ["unity_mid12_face_b_drum_snare_b"], "time": 0.46 },
    { "notes": ["unity_mid10_face_b_drum_kick_b", "unity_mid11_face_b_drum_hihat_b"], "time": 0.93 },
    { "notes": ["unity_mid10_face_b_drum_kick_b", "unity_mid11_face_b_drum_hihat_b"], "time": 1.4 },
    { "notes": ["unity_mid12_face_b_drum_snare_b"], "time": 1.4 },
    { "notes": ["unity_mid10_face_b_drum_kick_b", "unity_mid11_face_b_drum_hihat_b"], "time": 1.87 },
    { "notes": ["unity_mid10_face_b_drum_kick_b", "unity_mid11_face_b_drum_hihat_b"], "time": 2.34 },
    { "notes": ["unity_mid12_face_b_drum_snare_b"], "time": 2.34 },
    { "notes": ["unity_mid10_face_b_drum_kick_b", "unity_mid11_face_b_drum_hihat_b"], "time": 2.81 },
    { "notes": ["unity_mid10_face_b_drum_kick_b", "unity_mid11_face_b_drum_hihat_b"], "time": 3.28 },
    { "notes": ["unity_mid12_face_b_drum_snare_b"], "time": 3.28 },
    { "notes": ["unity_mid10_face_b_drum_kick_b", "unity_mid11_face_b_drum_hihat_b"], "time": 3.75 },
    { "notes": ["unity_mid10_face_b_drum_kick_b", "unity_mid11_face_b_drum_hihat_b"], "time": 4.21 },
    { "notes": ["unity_mid12_face_b_drum_snare_b"], "time": 4.21 },
    { "notes": ["unity_mid10_face_b_drum_kick_b", "unity_mid11_face_b_drum_hihat_b"], "time": 4.68 },
    { "notes": ["unity_mid10_face_b_drum_kick_b", "unity_mid11_face_b_drum_hihat_b"], "time": 5.15 },
    { "notes": ["unity_mid12_face_b_drum_snare_b"], "time": 5.15 },
    { "notes": ["unity_mid10_face_b_drum_kick_b", "unity_mid11_face_b_drum_hihat_b"], "time": 5.62 },
    { "notes": ["unity_mid10_face_b_drum_kick_b", "unity_mid11_face_b_drum_hihat_b"], "time": 6.09 },
    { "notes": ["unity_mid12_face_b_drum_snare_b"], "time": 6.09 },
    { "notes": ["unity_mid10_face_b_drum_kick_b", "unity_mid11_face_b_drum_hihat_b"], "time": 6.56 },
    { "notes": ["unity_mid10_face_b_drum_kick_b", "unity_mid11_face_b_drum_hihat_b"], "time": 7.03 },
    { "notes": ["unity_mid12_face_b_drum_snare_b"], "time": 7.03 }
  ]
},
{
  "events": [
    { "notes": ["unity_mid01_face_b_lead_lead1_b"], "time": 0.46 },
    { "notes": ["unity_mid02_face_b_lead_lead2_b"], "time": 1.87 },
    { "notes": ["unity_mid03_face_b_lead_lead3_b"], "time": 3.75 },
    { "notes": ["unity_mid06_face_b_lead_lead4_b"], "time": 5.62 }
  ]
},
{
  "events": [
    { "notes": ["unity_mid04_face_b_bass_bass1_b"], "time": 0.46 },
    { "notes": ["unity_mid05_face_b_bass_bass2_b"], "time": 1.87 },
    { "notes": ["unity_mid07_face_b_bass_bass3_b"], "time": 3.75 },
    { "notes": ["unity_mid08_face_b_bass_bass4_b"], "time": 5.62 }
  ]
},
{
  "events": [
    { "notes": ["unity_mid10_face_b_drum_kick_b", "unity_mid11_face_b_drum_hihat_b", "unity_mid05_face_b_bass_bass2_b"], "time": 1.87 },
    { "notes": ["unity_mid10_face_b_drum_kick_b", "unity_mid11_face_b_drum_hihat_b", "unity_mid07_face_b_bass_bass3_b"], "time": 3.75 },
    { "notes": ["unity_mid10_face_b_drum_kick_b", "unity_mid11_face_b_drum_hihat_b", "unity_mid08_face_b_bass_bass4_b"], "time": 5.62 }
  ]
},
{
  "events": [
    { "notes": ["unity_mid10_face_b_drum_kick_b", "unity_mid11_face_b_drum_hihat_b", "unity_mid01_face_b_lead_lead1_b"], "time": 0.46 },
    { "notes": ["unity_mid10_face_b_drum_kick_b", "unity_mid11_face_b_drum_hihat_b", "unity_mid02_face_b_lead_lead2_b"], "time": 1.87 },
    { "notes": ["unity_mid10_face_b_drum_kick_b", "unity_mid11_face_b_drum_hihat_b", "unity_mid03_face_b_lead_lead3_b"], "time": 3.75 },
    { "notes": ["unity_mid10_face_b_drum_kick_b", "unity_mid11_face_b_drum_hihat_b", "unity_mid06_face_b_lead_lead4_b"], "time": 5.62 }
  ]
},
{
  "events": [
    { "notes": ["unity_mid01_face_b_lead_lead1_b", "unity_mid04_face_b_bass_bass1_b"], "time": 0.46 },
    { "notes": ["unity_mid02_face_b_lead_lead2_b", "unity_mid05_face_b_bass_bass2_b"], "time": 1.87 },
    { "notes": ["unity_mid03_face_b_lead_lead3_b", "unity_mid07_face_b_bass_bass3_b"], "time": 3.75 },
    { "notes": ["unity_mid06_face_b_lead_lead4_b", "unity_mid08_face_b_bass_bass4_b"], "time": 5.62 }
  ]
},
{
  "events": [
    { "notes": ["unity_mid10_face_b_drum_kick_b", "unity_mid11_face_b_drum_hihat_b"], "time": 0.0 },
    { "notes": ["unity_mid01_face_b_lead_lead1_b", "unity_mid04_face_b_bass_bass1_b"], "time": 0.46 },
    { "notes": ["unity_mid10_face_b_drum_kick_b", "unity_mid11_face_b_drum_hihat_b"], "time": 0.46 },
    { "notes": ["unity_mid12_face_b_drum_snare_b"], "time": 0.46 },
    { "notes": ["unity_mid10_face_b_drum_kick_b", "unity_mid11_face_b_drum_hihat_b"], "time": 0.93 },
    { "notes": ["unity_mid10_face_b_drum_kick_b", "unity_mid11_face_b_drum_hihat_b"], "time": 1.4 },
    { "notes": ["unity_mid12_face_b_drum_snare_b"], "time": 1.4 },
    { "notes": ["unity_mid02_face_b_lead_lead2_b", "unity_mid05_face_b_bass_bass2_b"], "time": 1.87 },
    { "notes": ["unity_mid10_face_b_drum_kick_b", "unity_mid11_face_b_drum_hihat_b"], "time": 1.87 },
    { "notes": ["unity_mid10_face_b_drum_kick_b", "unity_mid11_face_b_drum_hihat_b"], "time": 2.34 },
    { "notes": ["unity_mid12_face_b_drum_snare_b"], "time": 2.34 },
    { "notes": ["unity_mid10_face_b_drum_kick_b", "unity_mid11_face_b_drum_hihat_b"], "time": 2.81 },
    { "notes": ["unity_mid10_face_b_drum_kick_b", "unity_mid11_face_b_drum_hihat_b"], "time": 3.28 },
    { "notes": ["unity_mid12_face_b_drum_snare_b"], "time": 3.28 },
    { "notes": ["unity_mid03_face_b_lead_lead3_b", "unity_mid07_face_b_bass_bass3_b"], "time": 3.75 },
    { "notes": ["unity_mid10_face_b_drum_kick_b", "unity_mid11_face_b_drum_hihat_b"], "time": 3.75 },
    { "notes": ["unity_mid10_face_b_drum_kick_b", "unity_mid11_face_b_drum_hihat_b"], "time": 4.21 },
    { "notes": ["unity_mid12_face_b_drum_snare_b"], "time": 4.21 },
    { "notes": ["unity_mid10_face_b_drum_kick_b", "unity_mid11_face_b_drum_hihat_b"], "time": 4.68 },
    { "notes": ["unity_mid10_face_b_drum_kick_b", "unity_mid11_face_b_drum_hihat_b"], "time": 5.15 },
    { "notes": ["unity_mid12_face_b_drum_snare_b"], "time": 5.15 },
    { "notes": ["unity_mid06_face_b_lead_lead4_b", "unity_mid08_face_b_bass_bass4_b"], "time": 5.62 },
    { "notes": ["unity_mid10_face_b_drum_kick_b", "unity_mid11_face_b_drum_hihat_b"], "time": 5.62 },
    { "notes": ["unity_mid10_face_b_drum_kick_b", "unity_mid11_face_b_drum_hihat_b"], "time": 6.09 },
    { "notes": ["unity_mid12_face_b_drum_snare_b"], "time": 6.09 },
    { "notes": ["unity_mid10_face_b_drum_kick_b", "unity_mid11_face_b_drum_hihat_b"], "time": 6.56 },
    { "notes": ["unity_mid09_face_b_fx_fill_b"], "time": 6.79 },
    { "notes": ["unity_mid10_face_b_drum_kick_b", "unity_mid11_face_b_drum_hihat_b"], "time": 7.03 },
    { "notes": ["unity_mid12_face_b_drum_snare_b"], "time": 7.03 }
  ]
}

]
