[
    {
      "events": [
        { "time": 0.0, "notes": ["Cradles_mid08_face_a_drum_a"] },
        { "time": 3.0, "notes": ["Cradles_mid07_face_a_lead_a"] },
        { "time": 6.1, "notes": ["Cradles_mid06_face_a_lead_a"] },
        { "time": 9.1, "notes": ["Cradles_mid03_face_a_lead_a"] },
        { "time": 12.2, "notes": ["Cradles_mid12_face_a_lead_a"] },
        { "time": 15.2, "notes": ["Cradles_mid04_face_a_lead_a"] },
        { "time": 18.2, "notes": ["Cradles_mid05_face_a_drum_a"] },
        { "time": 21.3, "notes": ["Cradles_mid10_face_a_drum_a"] },
        { "time": 24.3, "notes": ["Cradles_mid09_face_a_drum_a"] }
      ]
    }
]
