[
    {
      "events": [
        { "time": 0.0, "notes": ["cradles_mid01_face_b_lead_lead1_b"] },
        { "time": 3.03, "notes": ["cradles_mid02_face_b_lead_lead2_b"] },
        { "time": 6.07, "notes": ["cradles_mid03_face_b_lead_lead3_b"] },
        { "time": 9.11, "notes": ["cradles_mid02_face_b_lead_lead2_b"] },
        { "time": 12.15, "notes": ["cradles_mid01_face_b_lead_lead1_b", "cradles_mid04_face_b_lead_lead4_b"] },
        { "time": 15.19, "notes": ["cradles_mid02_face_b_lead_lead2_b", "cradles_mid05_face_b_lead_lead5_b"] },
        { "time": 18.22, "notes": ["cradles_mid03_face_b_lead_lead3_b", "cradles_mid06_face_b_lead_lead6_b"] },
        { "time": 21.26, "notes": ["cradles_mid02_face_b_lead_lead2_b", "cradles_mid05_face_b_lead_lead5_b"] }
      ]
    }
]
