[
    {
      "events": [
        { "time": 0.00, "notes": ["cradles_mid10_face_a_drum_kick_a"] },
        { "time": 0.38, "notes": ["cradles_mid10_face_a_drum_kick_a"] },
        { "time": 1.51, "notes": ["cradles_mid10_face_a_drum_kick_a"] },
        { "time": 1.89, "notes": ["cradles_mid10_face_a_drum_kick_a"] },
        { "time": 3.03, "notes": ["cradles_mid10_face_a_drum_kick_a"] },
        { "time": 3.41, "notes": ["cradles_mid10_face_a_drum_kick_a"] },
        { "time": 4.55, "notes": ["cradles_mid10_face_a_drum_kick_a"] },
        { "time": 4.93, "notes": ["cradles_mid10_face_a_drum_kick_a"] },
        { "time": 6.07, "notes": ["cradles_mid10_face_a_drum_kick_a"] },
        { "time": 6.45, "notes": ["cradles_mid10_face_a_drum_kick_a"] },
        { "time": 7.59, "notes": ["cradles_mid10_face_a_drum_kick_a"] },
        { "time": 7.97, "notes": ["cradles_mid10_face_a_drum_kick_a"] },
        { "time": 9.11, "notes": ["cradles_mid10_face_a_drum_kick_a"] },
        { "time": 9.49, "notes": ["cradles_mid10_face_a_drum_kick_a"] },
        { "time": 10.63, "notes": ["cradles_mid10_face_a_drum_kick_a"] },
        { "time": 11.01, "notes": ["cradles_mid10_face_a_drum_kick_a"] },
        { "time": 12.15, "notes": ["cradles_mid10_face_a_drum_kick_a"] },
        { "time": 12.53, "notes": ["cradles_mid10_face_a_drum_kick_a"] },
        { "time": 13.67, "notes": ["cradles_mid10_face_a_drum_kick_a"] },
        { "time": 14.05, "notes": ["cradles_mid10_face_a_drum_kick_a"] },
        { "time": 15.19, "notes": ["cradles_mid10_face_a_drum_kick_a"] },
        { "time": 15.57, "notes": ["cradles_mid10_face_a_drum_kick_a"] },
        { "time": 16.70, "notes": ["cradles_mid10_face_a_drum_kick_a"] },
        { "time": 17.08, "notes": ["cradles_mid10_face_a_drum_kick_a"] },
        { "time": 17.46, "notes": ["cradles_mid11_face_a_drum_snare1_a"] },
        { "time": 17.84, "notes": ["cradles_mid12_face_a_drum_snare2_a"] },
        { "time": 18.20, "notes": ["cradles_mid10_face_a_drum_kick_a"] },
        { "time": 18.22, "notes": ["cradles_mid10_face_a_drum_kick_a"] },
        { "time": 19.74, "notes": ["cradles_mid10_face_a_drum_kick_a"] },
        { "time": 20.12, "notes": ["cradles_mid10_face_a_drum_kick_a"] },
        { "time": 21.26, "notes": ["cradles_mid10_face_a_drum_kick_a"] },
        { "time": 21.64, "notes": ["cradles_mid10_face_a_drum_kick_a"] },
        { "time": 22.78, "notes": ["cradles_mid10_face_a_drum_kick_a"] },
        { "time": 23.16, "notes": ["cradles_mid10_face_a_drum_kick_a"] }
      ]
    },
    {
      "events": [
        { "time": 0.00, "notes": ["cradles_mid01_face_a_lead_lead1_a"] },
        { "time": 3.03, "notes": ["cradles_mid02_face_a_lead_lead2_a"] },
        { "time": 6.07, "notes": ["cradles_mid03_face_a_lead_lead3_a"] },
        { "time": 9.11, "notes": ["cradles_mid06_face_a_lead_lead4_a"] },
        { "time": 12.15, "notes": ["cradles_mid01_face_a_lead_lead1_a"] },
        { "time": 15.19, "notes": ["cradles_mid02_face_a_lead_lead2_a"] },
        { "time": 18.22, "notes": ["cradles_mid03_face_a_lead_lead3_a"] },
        { "time": 21.26, "notes": ["cradles_mid06_face_a_lead_lead4_a"] }
      ]
    },
    {
      "events": [
        { "time": 0.00, "notes": ["cradles_mid04_face_a_bass_bass1_a", "cradles_mid10_face_a_drum_kick_a"] },
        { "time": 0.38, "notes": ["cradles_mid10_face_a_drum_kick_a"] },
        { "time": 1.51, "notes": ["cradles_mid10_face_a_drum_kick_a"] },
        { "time": 1.89, "notes": ["cradles_mid10_face_a_drum_kick_a"] },
        { "time": 3.03, "notes": ["cradles_mid10_face_a_drum_kick_a"] },
        { "time": 3.41, "notes": ["cradles_mid10_face_a_drum_kick_a"] },
        { "time": 4.55, "notes": ["cradles_mid10_face_a_drum_kick_a"] },
        { "time": 4.93, "notes": ["cradles_mid10_face_a_drum_kick_a"] },
        { "time": 6.07, "notes": ["cradles_mid05_face_a_bass_bass2_a", "cradles_mid10_face_a_drum_kick_a"] },
        { "time": 6.45, "notes": ["cradles_mid10_face_a_drum_kick_a"] },
        { "time": 7.59, "notes": ["cradles_mid10_face_a_drum_kick_a"] },
        { "time": 7.97, "notes": ["cradles_mid10_face_a_drum_kick_a"] },
        { "time": 9.11, "notes": ["cradles_mid10_face_a_drum_kick_a"] },
        { "time": 9.49, "notes": ["cradles_mid10_face_a_drum_kick_a"] },
        { "time": 10.63, "notes": ["cradles_mid10_face_a_drum_kick_a"] },
        { "time": 11.01, "notes": ["cradles_mid10_face_a_drum_kick_a"] },
        { "time": 12.15, "notes": ["cradles_mid07_face_a_bass_bass3_a", "cradles_mid10_face_a_drum_kick_a"] },
        { "time": 12.53, "notes": ["cradles_mid10_face_a_drum_kick_a"] },
        { "time": 13.67, "notes": ["cradles_mid10_face_a_drum_kick_a"] },
        { "time": 14.05, "notes": ["cradles_mid10_face_a_drum_kick_a"] },
        { "time": 15.19, "notes": ["cradles_mid10_face_a_drum_kick_a"] },
        { "time": 15.57, "notes": ["cradles_mid10_face_a_drum_kick_a"] },
        { "time": 16.70, "notes": ["cradles_mid10_face_a_drum_kick_a"] },
        { "time": 17.08, "notes": ["cradles_mid10_face_a_drum_kick_a"] },
        { "time": 17.46, "notes": ["cradles_mid11_face_a_drum_snare1_a"] },
        { "time": 17.84, "notes": ["cradles_mid12_face_a_drum_snare2_a"] },
        { "time": 18.20, "notes": ["cradles_mid10_face_a_drum_kick_a"] },
        { "time": 18.22, "notes": ["cradles_mid08_face_a_bass_bass4_a", "cradles_mid10_face_a_drum_kick_a"] },
        { "time": 19.74, "notes": ["cradles_mid10_face_a_drum_kick_a"] },
        { "time": 20.12, "notes": ["cradles_mid10_face_a_drum_kick_a"] },
        { "time": 21.26, "notes": ["cradles_mid10_face_a_drum_kick_a"] },
        { "time": 21.64, "notes": ["cradles_mid10_face_a_drum_kick_a"] },
        { "time": 22.78, "notes": ["cradles_mid10_face_a_drum_kick_a"] },
        { "time": 23.16, "notes": ["cradles_mid10_face_a_drum_kick_a"] }
      ]
    },
    {
      "events": [
        { "time": 0.00, "notes": ["cradles_mid01_face_a_lead_lead1_a", "cradles_mid10_face_a_drum_kick_a"] },
        { "time": 0.38, "notes": ["cradles_mid10_face_a_drum_kick_a"] },
        { "time": 1.51, "notes": ["cradles_mid10_face_a_drum_kick_a"] },
        { "time": 1.89, "notes": ["cradles_mid10_face_a_drum_kick_a"] },
        { "time": 3.03, "notes": ["cradles_mid02_face_a_lead_lead2_a", "cradles_mid10_face_a_drum_kick_a"] },
        { "time": 3.41, "notes": ["cradles_mid10_face_a_drum_kick_a"] },
        { "time": 4.55, "notes": ["cradles_mid10_face_a_drum_kick_a"] },
        { "time": 4.93, "notes": ["cradles_mid10_face_a_drum_kick_a"] },
        { "time": 6.07, "notes": ["cradles_mid03_face_a_lead_lead3_a", "cradles_mid10_face_a_drum_kick_a"] },
        { "time": 6.45, "notes": ["cradles_mid10_face_a_drum_kick_a"] },
        { "time": 7.59, "notes": ["cradles_mid10_face_a_drum_kick_a"] },
        { "time": 7.97, "notes": ["cradles_mid10_face_a_drum_kick_a"] },
        { "time": 9.11, "notes": ["cradles_mid06_face_a_lead_lead4_a", "cradles_mid10_face_a_drum_kick_a"] },
        { "time": 9.49, "notes": ["cradles_mid10_face_a_drum_kick_a"] },
        { "time": 10.63, "notes": ["cradles_mid10_face_a_drum_kick_a"] },
        { "time": 11.01, "notes": ["cradles_mid10_face_a_drum_kick_a"] },
        { "time": 12.15, "notes": ["cradles_mid01_face_a_lead_lead1_a", "cradles_mid10_face_a_drum_kick_a"] },
        { "time": 12.53, "notes": ["cradles_mid10_face_a_drum_kick_a"] },
        { "time": 13.67, "notes": ["cradles_mid10_face_a_drum_kick_a"] },
        { "time": 14.05, "notes": ["cradles_mid10_face_a_drum_kick_a"] },
        { "time": 15.19, "notes": ["cradles_mid02_face_a_lead_lead2_a", "cradles_mid10_face_a_drum_kick_a"] },
        { "time": 15.57, "notes": ["cradles_mid10_face_a_drum_kick_a"] },
        { "time": 16.70, "notes": ["cradles_mid10_face_a_drum_kick_a"] },
        { "time": 17.08, "notes": ["cradles_mid10_face_a_drum_kick_a"] },
        { "time": 17.46, "notes": ["cradles_mid11_face_a_drum_snare1_a"] },
        { "time": 17.84, "notes": ["cradles_mid12_face_a_drum_snare2_a"] },
        { "time": 18.20, "notes": ["cradles_mid10_face_a_drum_kick_a"] },
        { "time": 18.22, "notes": ["cradles_mid03_face_a_lead_lead3_a", "cradles_mid10_face_a_drum_kick_a"] },
        { "time": 19.74, "notes": ["cradles_mid10_face_a_drum_kick_a"] },
        { "time": 20.12, "notes": ["cradles_mid10_face_a_drum_kick_a"] },
        { "time": 21.26, "notes": ["cradles_mid06_face_a_lead_lead4_a", "cradles_mid10_face_a_drum_kick_a"] },
        { "time": 21.64, "notes": ["cradles_mid10_face_a_drum_kick_a"] },
        { "time": 22.78, "notes": ["cradles_mid10_face_a_drum_kick_a"] },
        { "time": 23.16, "notes": ["cradles_mid10_face_a_drum_kick_a"] }
      ]
    },
    {
      "events": [
        { "time": 0.00, "notes": ["cradles_mid01_face_a_lead_lead1_a", "cradles_mid04_face_a_bass_bass1_a"] },
        { "time": 3.03, "notes": ["cradles_mid02_face_a_lead_lead2_a"] },
        { "time": 6.07, "notes": ["cradles_mid03_face_a_lead_lead3_a", "cradles_mid05_face_a_bass_bass2_a"] },
        { "time": 9.11, "notes": ["cradles_mid06_face_a_lead_lead4_a"] },
        { "time": 12.15, "notes": ["cradles_mid01_face_a_lead_lead1_a", "cradles_mid07_face_a_bass_bass3_a"] },
        { "time": 15.19, "notes": ["cradles_mid02_face_a_lead_lead2_a"] },
        { "time": 18.22, "notes": ["cradles_mid03_face_a_lead_lead3_a", "cradles_mid08_face_a_bass_bass4_a"] },
        { "time": 21.26, "notes": ["cradles_mid06_face_a_lead_lead4_a"] }
      ]
    },
    {
      "events": [
        { "time": 0.00, "notes": ["cradles_mid01_face_a_lead_lead1_a", "cradles_mid04_face_a_bass_bass1_a", "cradles_mid09_face_a_fx_fx_a", "cradles_mid10_face_a_drum_kick_a"] },
        { "time": 0.38, "notes": ["cradles_mid10_face_a_drum_kick_a"] },
        { "time": 1.51, "notes": ["cradles_mid10_face_a_drum_kick_a"] },
        { "time": 1.89, "notes": ["cradles_mid10_face_a_drum_kick_a"] },
        { "time": 3.03, "notes": ["cradles_mid02_face_a_lead_lead2_a", "cradles_mid10_face_a_drum_kick_a"] },
        { "time": 3.41, "notes": ["cradles_mid10_face_a_drum_kick_a"] },
        { "time": 4.55, "notes": ["cradles_mid10_face_a_drum_kick_a"] },
        { "time": 4.93, "notes": ["cradles_mid10_face_a_drum_kick_a"] },
        { "time": 6.07, "notes": ["cradles_mid03_face_a_lead_lead3_a", "cradles_mid05_face_a_bass_bass2_a", "cradles_mid10_face_a_drum_kick_a"] },
        { "time": 6.45, "notes": ["cradles_mid10_face_a_drum_kick_a"] },
        { "time": 7.59, "notes": ["cradles_mid10_face_a_drum_kick_a"] },
        { "time": 7.97, "notes": ["cradles_mid10_face_a_drum_kick_a"] },
        { "time": 9.11, "notes": ["cradles_mid06_face_a_lead_lead4_a", "cradles_mid10_face_a_drum_kick_a"] },
        { "time": 9.49, "notes": ["cradles_mid10_face_a_drum_kick_a"] },
        { "time": 10.63, "notes": ["cradles_mid10_face_a_drum_kick_a"] },
        { "time": 11.01, "notes": ["cradles_mid10_face_a_drum_kick_a"] },
        { "time": 12.15, "notes": ["cradles_mid01_face_a_lead_lead1_a", "cradles_mid07_face_a_bass_bass3_a", "cradles_mid10_face_a_drum_kick_a"] },
        { "time": 12.53, "notes": ["cradles_mid10_face_a_drum_kick_a"] },
        { "time": 13.67, "notes": ["cradles_mid10_face_a_drum_kick_a"] },
        { "time": 14.05, "notes": ["cradles_mid10_face_a_drum_kick_a"] },
        { "time": 15.19, "notes": ["cradles_mid02_face_a_lead_lead2_a", "cradles_mid10_face_a_drum_kick_a"] },
        { "time": 15.57, "notes": ["cradles_mid10_face_a_drum_kick_a"] },
        { "time": 16.70, "notes": ["cradles_mid10_face_a_drum_kick_a"] },
        { "time": 17.08, "notes": ["cradles_mid10_face_a_drum_kick_a"] },
        { "time": 17.46, "notes": ["cradles_mid11_face_a_drum_snare1_a"] },
        { "time": 17.84, "notes": ["cradles_mid12_face_a_drum_snare2_a"] },
        { "time": 18.20, "notes": ["cradles_mid10_face_a_drum_kick_a"] },
        { "time": 18.22, "notes": ["cradles_mid03_face_a_lead_lead3_a", "cradles_mid08_face_a_bass_bass4_a", "cradles_mid10_face_a_drum_kick_a"] },
        { "time": 19.74, "notes": ["cradles_mid10_face_a_drum_kick_a"] },
        { "time": 20.12, "notes": ["cradles_mid10_face_a_drum_kick_a"] },
        { "time": 21.26, "notes": ["cradles_mid06_face_a_lead_lead4_a", "cradles_mid10_face_a_drum_kick_a"] },
        { "time": 21.64, "notes": ["cradles_mid10_face_a_drum_kick_a"] },
        { "time": 22.78, "notes": ["cradles_mid10_face_a_drum_kick_a"] },
        { "time": 23.16, "notes": ["cradles_mid10_face_a_drum_kick_a"] }
      ]
    },
    {
      "events": [
        { "time": 0.00, "notes": ["cradles_mid10_face_b_drum_kick_b"] },
        { "time": 0.75, "notes": ["cradles_mid11_face_b_drum_snare_b"] },
        { "time": 1.89, "notes": ["cradles_mid10_face_b_drum_kick_b"] },
        { "time": 2.27, "notes": ["cradles_mid11_face_b_drum_snare_b"] },
        { "time": 3.03, "notes": ["cradles_mid10_face_b_drum_kick_b"] },
        { "time": 3.79, "notes": ["cradles_mid11_face_b_drum_snare_b"] },
        { "time": 4.93, "notes": ["cradles_mid10_face_b_drum_kick_b"] },
        { "time": 5.31, "notes": ["cradles_mid11_face_b_drum_snare_b"] },
        { "time": 5.69, "notes": ["cradles_mid12_face_b_drum_snap_b"] },
        { "time": 6.07, "notes": ["cradles_mid10_face_b_drum_kick_b"] },
        { "time": 6.83, "notes": ["cradles_mid11_face_b_drum_snare_b"] },
        { "time": 7.97, "notes": ["cradles_mid10_face_b_drum_kick_b"] },
        { "time": 8.35, "notes": ["cradles_mid11_face_b_drum_snare_b"] },
        { "time": 9.11, "notes": ["cradles_mid10_face_b_drum_kick_b"] },
        { "time": 9.87, "notes": ["cradles_mid11_face_b_drum_snare_b"] },
        { "time": 11.01, "notes": ["cradles_mid10_face_b_drum_kick_b"] },
        { "time": 11.39, "notes": ["cradles_mid11_face_b_drum_snare_b"] },
        { "time": 12.15, "notes": ["cradles_mid10_face_b_drum_kick_b"] },
        { "time": 12.91, "notes": ["cradles_mid11_face_b_drum_snare_b"] },
        { "time": 14.05, "notes": ["cradles_mid10_face_b_drum_kick_b"] },
        { "time": 14.43, "notes": ["cradles_mid11_face_b_drum_snare_b"] },
        { "time": 15.19, "notes": ["cradles_mid10_face_b_drum_kick_b"] },
        { "time": 15.94, "notes": ["cradles_mid11_face_b_drum_snare_b"] },
        { "time": 17.08, "notes": ["cradles_mid10_face_b_drum_kick_b"] },
        { "time": 17.46, "notes": ["cradles_mid11_face_b_drum_snare_b"] },
        { "time": 17.84, "notes": ["cradles_mid12_face_b_drum_snap_b"] },
        { "time": 18.22, "notes": ["cradles_mid10_face_b_drum_kick_b"] },
        { "time": 18.98, "notes": ["cradles_mid11_face_b_drum_snare_b"] },
        { "time": 20.12, "notes": ["cradles_mid10_face_b_drum_kick_b"] },
        { "time": 20.50, "notes": ["cradles_mid11_face_b_drum_snare_b"] },
        { "time": 21.26, "notes": ["cradles_mid10_face_b_drum_kick_b"] },
        { "time": 22.02, "notes": ["cradles_mid11_face_b_drum_snare_b"] },
        { "time": 23.16, "notes": ["cradles_mid10_face_b_drum_kick_b"] },
        { "time": 23.54, "notes": ["cradles_mid11_face_b_drum_snare_b"] }
      ]
    },
    {
      "events": [
        { "time": 0.00, "notes": ["cradles_mid01_face_b_lead_lead1_b"] },
        { "time": 3.03, "notes": ["cradles_mid02_face_b_lead_lead2_b"] },
        { "time": 6.07, "notes": ["cradles_mid03_face_b_lead_lead3_b"] },
        { "time": 9.11, "notes": ["cradles_mid02_face_b_lead_lead2_b"] },
        { "time": 12.15, "notes": ["cradles_mid04_face_b_lead_lead4_b"] },
        { "time": 15.19, "notes": ["cradles_mid05_face_b_lead_lead5_b"] },
        { "time": 18.22, "notes": ["cradles_mid06_face_b_lead_lead6_b"] },
        { "time": 21.26, "notes": ["cradles_mid05_face_b_lead_lead5_b"] }
      ]
    },
    {
      "events": [
        { "time": 0.00, "notes": ["cradles_mid07_face_b_bass_bass1_b"] },
        { "time": 3.03, "notes": ["cradles_mid08_face_b_bass_bass2_b"] },
        { "time": 6.07, "notes": ["cradles_mid07_face_b_bass_bass1_b"] },
        { "time": 9.11, "notes": ["cradles_mid08_face_b_bass_bass2_b"] },
        { "time": 12.15, "notes": ["cradles_mid07_face_b_bass_bass1_b"] },
        { "time": 15.19, "notes": ["cradles_mid08_face_b_bass_bass2_b"] },
        { "time": 18.22, "notes": ["cradles_mid07_face_b_bass_bass1_b"] },
        { "time": 21.26, "notes": ["cradles_mid08_face_b_bass_bass2_b"] }
      ]
    },
    {
      "events": [
        { "time": 0.00, "notes": ["cradles_mid07_face_b_bass_bass1_b", "cradles_mid10_face_b_drum_kick_b"] },
        { "time": 0.75, "notes": ["cradles_mid11_face_b_drum_snare_b"] },
        { "time": 1.89, "notes": ["cradles_mid10_face_b_drum_kick_b"] },
        { "time": 2.27, "notes": ["cradles_mid11_face_b_drum_snare_b"] },
        { "time": 3.03, "notes": ["cradles_mid08_face_b_bass_bass2_b", "cradles_mid10_face_b_drum_kick_b"] },
        { "time": 3.79, "notes": ["cradles_mid11_face_b_drum_snare_b"] },
        { "time": 4.93, "notes": ["cradles_mid10_face_b_drum_kick_b"] },
        { "time": 5.31, "notes": ["cradles_mid11_face_b_drum_snare_b"] },
        { "time": 5.69, "notes": ["cradles_mid12_face_b_drum_snap_b"] },
        { "time": 6.07, "notes": ["cradles_mid07_face_b_bass_bass1_b", "cradles_mid10_face_b_drum_kick_b"] },
        { "time": 6.83, "notes": ["cradles_mid11_face_b_drum_snare_b"] },
        { "time": 7.97, "notes": ["cradles_mid10_face_b_drum_kick_b"] },
        { "time": 8.35, "notes": ["cradles_mid11_face_b_drum_snare_b"] },
        { "time": 9.11, "notes": ["cradles_mid08_face_b_bass_bass2_b", "cradles_mid10_face_b_drum_kick_b"] },
        { "time": 9.87, "notes": ["cradles_mid11_face_b_drum_snare_b"] },
        { "time": 11.01, "notes": ["cradles_mid10_face_b_drum_kick_b"] },
        { "time": 11.39, "notes": ["cradles_mid11_face_b_drum_snare_b"] },
        { "time": 12.15, "notes": ["cradles_mid07_face_b_bass_bass1_b", "cradles_mid10_face_b_drum_kick_b"] },
        { "time": 12.91, "notes": ["cradles_mid11_face_b_drum_snare_b"] },
        { "time": 14.05, "notes": ["cradles_mid10_face_b_drum_kick_b"] },
        { "time": 14.43, "notes": ["cradles_mid11_face_b_drum_snare_b"] },
        { "time": 15.19, "notes": ["cradles_mid08_face_b_bass_bass2_b", "cradles_mid10_face_b_drum_kick_b"] },
        { "time": 15.94, "notes": ["cradles_mid11_face_b_drum_snare_b"] },
        { "time": 17.08, "notes": ["cradles_mid10_face_b_drum_kick_b"] },
        { "time": 17.46, "notes": ["cradles_mid11_face_b_drum_snare_b"] },
        { "time": 17.84, "notes": ["cradles_mid12_face_b_drum_snap_b"] },
        { "time": 18.22, "notes": ["cradles_mid07_face_b_bass_bass1_b", "cradles_mid10_face_b_drum_kick_b"] },
        { "time": 18.98, "notes": ["cradles_mid11_face_b_drum_snare_b"] },
        { "time": 20.12, "notes": ["cradles_mid10_face_b_drum_kick_b"] },
        { "time": 20.50, "notes": ["cradles_mid11_face_b_drum_snare_b"] },
        { "time": 21.26, "notes": ["cradles_mid08_face_b_bass_bass2_b", "cradles_mid10_face_b_drum_kick_b"] },
        { "time": 22.02, "notes": ["cradles_mid11_face_b_drum_snare_b"] },
        { "time": 23.16, "notes": ["cradles_mid10_face_b_drum_kick_b"] },
        { "time": 23.54, "notes": ["cradles_mid11_face_b_drum_snare_b"] }
      ]
    },
    {
      "events": [
        { "time": 0.00, "notes": ["cradles_mid01_face_b_lead_lead1_b", "cradles_mid10_face_b_drum_kick_b"] },
        { "time": 0.75, "notes": ["cradles_mid11_face_b_drum_snare_b"] },
        { "time": 1.89, "notes": ["cradles_mid10_face_b_drum_kick_b"] },
        { "time": 2.27, "notes": ["cradles_mid11_face_b_drum_snare_b"] },
        { "time": 3.03, "notes": ["cradles_mid02_face_b_lead_lead2_b", "cradles_mid10_face_b_drum_kick_b"] },
        { "time": 3.79, "notes": ["cradles_mid11_face_b_drum_snare_b"] },
        { "time": 4.93, "notes": ["cradles_mid10_face_b_drum_kick_b"] },
        { "time": 5.31, "notes": ["cradles_mid11_face_b_drum_snare_b"] },
        { "time": 5.69, "notes": ["cradles_mid12_face_b_drum_snap_b"] },
        { "time": 6.07, "notes": ["cradles_mid03_face_b_lead_lead3_b", "cradles_mid10_face_b_drum_kick_b"] },
        { "time": 6.83, "notes": ["cradles_mid11_face_b_drum_snare_b"] },
        { "time": 7.97, "notes": ["cradles_mid10_face_b_drum_kick_b"] },
        { "time": 8.35, "notes": ["cradles_mid11_face_b_drum_snare_b"] },
        { "time": 9.11, "notes": ["cradles_mid02_face_b_lead_lead2_b", "cradles_mid10_face_b_drum_kick_b"] },
        { "time": 9.87, "notes": ["cradles_mid11_face_b_drum_snare_b"] },
        { "time": 11.01, "notes": ["cradles_mid10_face_b_drum_kick_b"] },
        { "time": 11.39, "notes": ["cradles_mid11_face_b_drum_snare_b"] },
        { "time": 12.15, "notes": ["cradles_mid04_face_b_lead_lead4_b", "cradles_mid10_face_b_drum_kick_b"] },
        { "time": 12.91, "notes": ["cradles_mid11_face_b_drum_snare_b"] },
        { "time": 14.05, "notes": ["cradles_mid10_face_b_drum_kick_b"] },
        { "time": 14.43, "notes": ["cradles_mid11_face_b_drum_snare_b"] },
        { "time": 15.19, "notes": ["cradles_mid05_face_b_lead_lead5_b", "cradles_mid10_face_b_drum_kick_b"] },
        { "time": 15.94, "notes": ["cradles_mid11_face_b_drum_snare_b"] },
        { "time": 17.08, "notes": ["cradles_mid10_face_b_drum_kick_b"] },
        { "time": 17.46, "notes": ["cradles_mid11_face_b_drum_snare_b"] },
        { "time": 17.84, "notes": ["cradles_mid12_face_b_drum_snap_b"] },
        { "time": 18.22, "notes": ["cradles_mid06_face_b_lead_lead6_b", "cradles_mid10_face_b_drum_kick_b"] },
        { "time": 18.98, "notes": ["cradles_mid11_face_b_drum_snare_b"] },
        { "time": 20.12, "notes": ["cradles_mid10_face_b_drum_kick_b"] },
        { "time": 20.50, "notes": ["cradles_mid11_face_b_drum_snare_b"] },
        { "time": 21.26, "notes": ["cradles_mid05_face_b_lead_lead5_b", "cradles_mid10_face_b_drum_kick_b"] },
        { "time": 22.02, "notes": ["cradles_mid11_face_b_drum_snare_b"] },
        { "time": 23.16, "notes": ["cradles_mid10_face_b_drum_kick_b"] },
        { "time": 23.54, "notes": ["cradles_mid11_face_b_drum_snare_b"] }
      ]
    },
    {
      "events": [
        { "time": 0.00, "notes": ["cradles_mid01_face_b_lead_lead1_b", "cradles_mid07_face_b_bass_bass1_b"] },
        { "time": 3.03, "notes": ["cradles_mid02_face_b_lead_lead2_b", "cradles_mid08_face_b_bass_bass2_b"] },
        { "time": 6.07, "notes": ["cradles_mid03_face_b_lead_lead3_b", "cradles_mid07_face_b_bass_bass1_b"] },
        { "time": 9.11, "notes": ["cradles_mid02_face_b_lead_lead2_b", "cradles_mid08_face_b_bass_bass2_b"] },
        { "time": 12.15, "notes": ["cradles_mid04_face_b_lead_lead4_b", "cradles_mid07_face_b_bass_bass1_b"] },
        { "time": 15.19, "notes": ["cradles_mid05_face_b_lead_lead5_b", "cradles_mid08_face_b_bass_bass2_b"] },
        { "time": 18.22, "notes": ["cradles_mid06_face_b_lead_lead6_b", "cradles_mid07_face_b_bass_bass1_b"] },
        { "time": 21.26, "notes": ["cradles_mid05_face_b_lead_lead5_b", "cradles_mid08_face_b_bass_bass2_b"] }
      ]
    },
    {
      "events": [
        { "time": 0.00, "notes": ["cradles_mid01_face_b_lead_lead1_b", "cradles_mid07_face_b_bass_bass1_b", "cradles_mid10_face_b_drum_kick_b"] },
        { "time": 0.75, "notes": ["cradles_mid11_face_b_drum_snare_b"] },
        { "time": 1.89, "notes": ["cradles_mid10_face_b_drum_kick_b"] },
        { "time": 2.27, "notes": ["cradles_mid11_face_b_drum_snare_b"] },
        { "time": 3.03, "notes": ["cradles_mid02_face_b_lead_lead2_b", "cradles_mid08_face_b_bass_bass2_b", "cradles_mid10_face_b_drum_kick_b"] },
        { "time": 3.79, "notes": ["cradles_mid11_face_b_drum_snare_b"] },
        { "time": 4.93, "notes": ["cradles_mid10_face_b_drum_kick_b"] },
        { "time": 5.31, "notes": ["cradles_mid11_face_b_drum_snare_b"] },
        { "time": 5.69, "notes": ["cradles_mid12_face_b_drum_snap_b"] },
        { "time": 6.07, "notes": ["cradles_mid03_face_b_lead_lead3_b", "cradles_mid07_face_b_bass_bass1_b", "cradles_mid10_face_b_drum_kick_b"] },
        { "time": 6.83, "notes": ["cradles_mid11_face_b_drum_snare_b"] },
        { "time": 7.97, "notes": ["cradles_mid10_face_b_drum_kick_b"] },
        { "time": 8.35, "notes": ["cradles_mid11_face_b_drum_snare_b"] },
        { "time": 9.11, "notes": ["cradles_mid02_face_b_lead_lead2_b", "cradles_mid08_face_b_bass_bass2_b", "cradles_mid10_face_b_drum_kick_b"] },
        { "time": 9.87, "notes": ["cradles_mid11_face_b_drum_snare_b"] },
        { "time": 11.01, "notes": ["cradles_mid10_face_b_drum_kick_b"] },
        { "time": 11.39, "notes": ["cradles_mid11_face_b_drum_snare_b"] },
        { "time": 11.77, "notes": ["cradles_mid09_face_b_fx_fx_b"] },
        { "time": 12.15, "notes": ["cradles_mid04_face_b_lead_lead4_b", "cradles_mid07_face_b_bass_bass1_b", "cradles_mid10_face_b_drum_kick_b"] },
        { "time": 12.91, "notes": ["cradles_mid11_face_b_drum_snare_b"] },
        { "time": 14.05, "notes": ["cradles_mid10_face_b_drum_kick_b"] },
        { "time": 14.43, "notes": ["cradles_mid11_face_b_drum_snare_b"] },
        { "time": 15.19, "notes": ["cradles_mid05_face_b_lead_lead5_b", "cradles_mid08_face_b_bass_bass2_b", "cradles_mid10_face_b_drum_kick_b"] },
        { "time": 15.94, "notes": ["cradles_mid11_face_b_drum_snare_b"] },
        { "time": 17.08, "notes": ["cradles_mid10_face_b_drum_kick_b"] },
        { "time": 17.46, "notes": ["cradles_mid11_face_b_drum_snare_b"] },
        { "time": 17.84, "notes": ["cradles_mid12_face_b_drum_snap_b"] },
        { "time": 18.22, "notes": ["cradles_mid06_face_b_lead_lead6_b", "cradles_mid07_face_b_bass_bass1_b", "cradles_mid10_face_b_drum_kick_b"] },
        { "time": 18.98, "notes": ["cradles_mid11_face_b_drum_snare_b"] },
        { "time": 20.12, "notes": ["cradles_mid10_face_b_drum_kick_b"] },
        { "time": 20.50, "notes": ["cradles_mid11_face_b_drum_snare_b"] },
        { "time": 21.26, "notes": ["cradles_mid05_face_b_lead_lead5_b", "cradles_mid08_face_b_bass_bass2_b", "cradles_mid10_face_b_drum_kick_b"] },
        { "time": 22.02, "notes": ["cradles_mid11_face_b_drum_snare_b"] },
        { "time": 23.16, "notes": ["cradles_mid10_face_b_drum_kick_b"] },
        { "time": 23.54, "notes": ["cradles_mid11_face_b_drum_snare_b"] }
      ]
    }
]
