[
    {
      "events": [
        { "time": 0.0, "notes": ["Smile_mid04_face_a_lead_a"] },
        { "time": 2.9, "notes": ["Smile_mid05_face_a_drum_a"] },
        { "time": 5.9, "notes": ["Smile_mid09_face_a_lead_a"] },
        { "time": 8.8, "notes": ["Smile_mid11_face_a_lead_a"] },
        { "time": 11.7, "notes": ["Smile_mid06_face_a_lead_a"] },
        { "time": 14.7, "notes": ["Smile_mid07_face_a_lead_a"] },
        { "time": 17.6, "notes": ["Smile_mid10_face_a_lead_a"] },
        { "time": 20.6, "notes": ["Smile_mid03_face_a_lead_a"] },
        { "time": 23.5, "notes": ["Smile_mid12_face_a_lead_a"] },
        { "time": 26.4, "notes": ["Smile_mid01_face_a_drum_a"] },
        { "time": 29.4, "notes": ["Smile_mid02_face_a_lead_a"] },
        { "time": 32.3, "notes": ["Smile_mid08_face_a_drum_a"] }
      ]
    }
]
