[
    {
      "events": [
        { "time": 0.0, "notes": ["smile_mid01_face_a_lead_lead1_a"] },
        { "time": 2.18, "notes": ["smile_mid02_face_a_lead_lead2_a"] },
        { "time": 4.36, "notes": ["smile_mid01_face_a_lead_lead1_a"] },
        { "time": 6.54, "notes": ["smile_mid02_face_a_lead_lead2_a"] },
        { "time": 8.72, "notes": ["smile_mid01_face_a_lead_lead1_a", "smile_mid03_face_a_lead_lead3_a"] },
        { "time": 10.9, "notes": ["smile_mid02_face_a_lead_lead2_a", "smile_mid06_face_a_lead_lead4_a"] },
        { "time": 13.09, "notes": ["smile_mid01_face_a_lead_lead1_a", "smile_mid03_face_a_lead_lead3_a"] },
        { "time": 15.27, "notes": ["smile_mid02_face_a_lead_lead2_a", "smile_mid06_face_a_lead_lead4_a"] },
        { "time": 17.45, "notes": ["smile_mid01_face_a_lead_lead1_a", "smile_mid03_face_a_lead_lead3_a"] },
        { "time": 19.63, "notes": ["smile_mid02_face_a_lead_lead2_a", "smile_mid06_face_a_lead_lead4_a"] },
        { "time": 21.81, "notes": ["smile_mid01_face_a_lead_lead1_a", "smile_mid03_face_a_lead_lead3_a"] },
        { "time": 24.0, "notes": ["smile_mid02_face_a_lead_lead2_a", "smile_mid06_face_a_lead_lead4_a"] },
        { "time": 26.18, "notes": ["smile_mid03_face_a_lead_lead3_a"] },
        { "time": 28.36, "notes": ["smile_mid06_face_a_lead_lead4_a"] },
        { "time": 30.54, "notes": ["smile_mid03_face_a_lead_lead3_a"] },
        { "time": 32.72, "notes": ["smile_mid06_face_a_lead_lead4_a"] }
      ]
    }
]
