[{
      "events": [
        { "time": 0.00, "notes": ["smile_mid11_face_a_drum_hihat_a"] },
        { "time": 1.09, "notes": ["smile_mid12_face_a_drum_snare_a"] },
        { "time": 3.27, "notes": ["smile_mid12_face_a_drum_snare_a"] },
        { "time": 4.36, "notes": ["smile_mid11_face_a_drum_hihat_a"] },
        { "time": 5.45, "notes": ["smile_mid12_face_a_drum_snare_a"] },
        { "time": 7.63, "notes": ["smile_mid12_face_a_drum_snare_a"] },
        { "time": 8.72, "notes": ["smile_mid10_face_a_drum_kick_a", "smile_mid11_face_a_drum_hihat_a"] },
        { "time": 9.81, "notes": ["smile_mid12_face_a_drum_snare_a"] },
        { "time": 10.63, "notes": ["smile_mid10_face_a_drum_kick_a"] },
        { "time": 11.45, "notes": ["smile_mid10_face_a_drum_kick_a"] },
        { "time": 12.00, "notes": ["smile_mid12_face_a_drum_snare_a"] },
        { "time": 12.54, "notes": ["smile_mid10_face_a_drum_kick_a"] },
        { "time": 13.09, "notes": ["smile_mid10_face_a_drum_kick_a", "smile_mid11_face_a_drum_hihat_a"] },
        { "time": 14.18, "notes": ["smile_mid12_face_a_drum_snare_a"] },
        { "time": 15.00, "notes": ["smile_mid10_face_a_drum_kick_a"] },
        { "time": 15.27, "notes": ["smile_mid10_face_a_drum_kick_a"] },
        { "time": 16.36, "notes": ["smile_mid12_face_a_drum_snare_a"] },
        { "time": 16.90, "notes": ["smile_mid10_face_a_drum_kick_a"] },
        { "time": 17.45, "notes": ["smile_mid10_face_a_drum_kick_a", "smile_mid11_face_a_drum_hihat_a"] },
        { "time": 18.54, "notes": ["smile_mid12_face_a_drum_snare_a"] },
        { "time": 19.36, "notes": ["smile_mid10_face_a_drum_kick_a"] },
        { "time": 20.18, "notes": ["smile_mid10_face_a_drum_kick_a"] },
        { "time": 20.72, "notes": ["smile_mid12_face_a_drum_snare_a"] },
        { "time": 21.27, "notes": ["smile_mid10_face_a_drum_kick_a"] },
        { "time": 21.81, "notes": ["smile_mid10_face_a_drum_kick_a", "smile_mid11_face_a_drum_hihat_a"] },
        { "time": 22.90, "notes": ["smile_mid12_face_a_drum_snare_a"] },
        { "time": 23.72, "notes": ["smile_mid10_face_a_drum_kick_a"] },
        { "time": 24.00, "notes": ["smile_mid10_face_a_drum_kick_a"] },
        { "time": 25.09, "notes": ["smile_mid12_face_a_drum_snare_a"] },
        { "time": 25.63, "notes": ["smile_mid10_face_a_drum_kick_a"] }
      ]
    },
    {
      "events": [
        { "time": 0.00, "notes": ["smile_mid01_face_a_lead_lead1_a"] },
        { "time": 2.18, "notes": ["smile_mid02_face_a_lead_lead2_a"] },
        { "time": 4.36, "notes": ["smile_mid01_face_a_lead_lead1_a"] },
        { "time": 6.54, "notes": ["smile_mid02_face_a_lead_lead2_a"] },
        { "time": 8.72, "notes": ["smile_mid03_face_a_lead_lead3_a"] },
        { "time": 10.90, "notes": ["smile_mid06_face_a_lead_lead4_a"] },
        { "time": 13.09, "notes": ["smile_mid03_face_a_lead_lead3_a"] },
        { "time": 15.27, "notes": ["smile_mid06_face_a_lead_lead4_a"] },
        { "time": 17.45, "notes": ["smile_mid03_face_a_lead_lead3_a"] },
        { "time": 19.63, "notes": ["smile_mid06_face_a_lead_lead4_a"] },
        { "time": 21.81, "notes": ["smile_mid03_face_a_lead_lead3_a"] },
        { "time": 24.00, "notes": ["smile_mid06_face_a_lead_lead4_a"] },
        { "time": 26.18, "notes": ["smile_mid01_face_a_lead_lead1_a"] },
        { "time": 28.36, "notes": ["smile_mid02_face_a_lead_lead2_a"] },
        { "time": 30.54, "notes": ["smile_mid01_face_a_lead_lead1_a"] },
        { "time": 32.72, "notes": ["smile_mid02_face_a_lead_lead2_a"] }
      ]
    },
    {
      "events": [
        { "time": 0.00, "notes": ["smile_mid04_face_a_bass_bass1_a"] },
        { "time": 2.18, "notes": ["smile_mid05_face_a_bass_bass2_a"] },
        { "time": 4.36, "notes": ["smile_mid04_face_a_bass_bass1_a"] },
        { "time": 6.54, "notes": ["smile_mid05_face_a_bass_bass2_a"] },
        { "time": 8.72, "notes": ["smile_mid04_face_a_bass_bass1_a"] },
        { "time": 10.90, "notes": ["smile_mid05_face_a_bass_bass2_a"] },
        { "time": 13.09, "notes": ["smile_mid04_face_a_bass_bass1_a"] },
        { "time": 15.27, "notes": ["smile_mid05_face_a_bass_bass2_a"] },
        { "time": 17.45, "notes": ["smile_mid04_face_a_bass_bass1_a"] },
        { "time": 19.63, "notes": ["smile_mid05_face_a_bass_bass2_a"] },
        { "time": 21.81, "notes": ["smile_mid04_face_a_bass_bass1_a"] },
        { "time": 24.00, "notes": ["smile_mid05_face_a_bass_bass2_a"] }
      ]
    },
    {
      "events": [
        { "time": 0.00, "notes": ["smile_mid04_face_a_bass_bass1_a", "smile_mid11_face_a_drum_hihat_a"] },
        { "time": 1.09, "notes": ["smile_mid12_face_a_drum_snare_a"] },
        { "time": 2.18, "notes": ["smile_mid05_face_a_bass_bass2_a"] },
        { "time": 3.27, "notes": ["smile_mid12_face_a_drum_snare_a"] },
        { "time": 4.36, "notes": ["smile_mid04_face_a_bass_bass1_a", "smile_mid11_face_a_drum_hihat_a"] },
        { "time": 5.45, "notes": ["smile_mid12_face_a_drum_snare_a"] },
        { "time": 6.54, "notes": ["smile_mid05_face_a_bass_bass2_a"] },
        { "time": 7.63, "notes": ["smile_mid12_face_a_drum_snare_a"] },
        { "time": 8.72, "notes": ["smile_mid04_face_a_bass_bass1_a", "smile_mid10_face_a_drum_kick_a", "smile_mid11_face_a_drum_hihat_a"] },
        { "time": 9.81, "notes": ["smile_mid12_face_a_drum_snare_a"] },
        { "time": 10.63, "notes": ["smile_mid10_face_a_drum_kick_a"] },
        { "time": 10.90, "notes": ["smile_mid05_face_a_bass_bass2_a"] },
        { "time": 11.45, "notes": ["smile_mid10_face_a_drum_kick_a"] },
        { "time": 12.00, "notes": ["smile_mid12_face_a_drum_snare_a"] },
        { "time": 12.54, "notes": ["smile_mid10_face_a_drum_kick_a"] },
        { "time": 13.09, "notes": ["smile_mid04_face_a_bass_bass1_a", "smile_mid10_face_a_drum_kick_a", "smile_mid11_face_a_drum_hihat_a"] },
        { "time": 14.18, "notes": ["smile_mid12_face_a_drum_snare_a"] },
        { "time": 15.00, "notes": ["smile_mid10_face_a_drum_kick_a"] },
        { "time": 15.27, "notes": ["smile_mid05_face_a_bass_bass2_a", "smile_mid10_face_a_drum_kick_a"] },
        { "time": 16.36, "notes": ["smile_mid12_face_a_drum_snare_a"] },
        { "time": 16.90, "notes": ["smile_mid10_face_a_drum_kick_a"] },
        { "time": 17.45, "notes": ["smile_mid04_face_a_bass_bass1_a", "smile_mid10_face_a_drum_kick_a", "smile_mid11_face_a_drum_hihat_a"] },
        { "time": 18.54, "notes": ["smile_mid12_face_a_drum_snare_a"] },
        { "time": 19.36, "notes": ["smile_mid10_face_a_drum_kick_a"] },
        { "time": 19.63, "notes": ["smile_mid05_face_a_bass_bass2_a"] },
        { "time": 20.18, "notes": ["smile_mid10_face_a_drum_kick_a"] },
        { "time": 20.72, "notes": ["smile_mid12_face_a_drum_snare_a"] },
        { "time": 21.27, "notes": ["smile_mid10_face_a_drum_kick_a"] },
        { "time": 21.81, "notes": ["smile_mid04_face_a_bass_bass1_a", "smile_mid10_face_a_drum_kick_a", "smile_mid11_face_a_drum_hihat_a"] },
        { "time": 22.90, "notes": ["smile_mid12_face_a_drum_snare_a"] },
        { "time": 23.72, "notes": ["smile_mid10_face_a_drum_kick_a"] },
        { "time": 24.00, "notes": ["smile_mid05_face_a_bass_bass2_a", "smile_mid10_face_a_drum_kick_a"] },
        { "time": 25.09, "notes": ["smile_mid12_face_a_drum_snare_a"] },
        { "time": 25.63, "notes": ["smile_mid10_face_a_drum_kick_a"] }
      ]
    },
    {
      "events": [
        { "time": 0.00, "notes": ["smile_mid01_face_a_lead_lead1_a", "smile_mid11_face_a_drum_hihat_a"] },
        { "time": 1.09, "notes": ["smile_mid12_face_a_drum_snare_a"] },
        { "time": 2.18, "notes": ["smile_mid02_face_a_lead_lead2_a"] },
        { "time": 3.27, "notes": ["smile_mid12_face_a_drum_snare_a"] },
        { "time": 4.36, "notes": ["smile_mid01_face_a_lead_lead1_a", "smile_mid11_face_a_drum_hihat_a"] },
        { "time": 5.45, "notes": ["smile_mid12_face_a_drum_snare_a"] },
        { "time": 6.54, "notes": ["smile_mid02_face_a_lead_lead2_a"] },
        { "time": 7.63, "notes": ["smile_mid12_face_a_drum_snare_a"] },
        { "time": 8.72, "notes": ["smile_mid03_face_a_lead_lead3_a", "smile_mid10_face_a_drum_kick_a", "smile_mid11_face_a_drum_hihat_a"] },
        { "time": 9.81, "notes": ["smile_mid12_face_a_drum_snare_a"] },
        { "time": 10.63, "notes": ["smile_mid10_face_a_drum_kick_a"] },
        { "time": 10.90, "notes": ["smile_mid06_face_a_lead_lead4_a"] },
        { "time": 11.45, "notes": ["smile_mid10_face_a_drum_kick_a"] },
        { "time": 12.00, "notes": ["smile_mid12_face_a_drum_snare_a"] },
        { "time": 12.54, "notes": ["smile_mid10_face_a_drum_kick_a"] },
        { "time": 13.09, "notes": ["smile_mid03_face_a_lead_lead3_a", "smile_mid10_face_a_drum_kick_a", "smile_mid11_face_a_drum_hihat_a"] },
        { "time": 14.18, "notes": ["smile_mid12_face_a_drum_snare_a"] },
        { "time": 15.00, "notes": ["smile_mid10_face_a_drum_kick_a"] },
        { "time": 15.27, "notes": ["smile_mid06_face_a_lead_lead4_a", "smile_mid10_face_a_drum_kick_a"] },
        { "time": 16.36, "notes": ["smile_mid12_face_a_drum_snare_a"] },
        { "time": 16.90, "notes": ["smile_mid10_face_a_drum_kick_a"] },
        { "time": 17.45, "notes": ["smile_mid03_face_a_lead_lead3_a", "smile_mid10_face_a_drum_kick_a", "smile_mid11_face_a_drum_hihat_a"] },
        { "time": 18.54, "notes": ["smile_mid12_face_a_drum_snare_a"] },
        { "time": 19.36, "notes": ["smile_mid10_face_a_drum_kick_a"] },
        { "time": 19.63, "notes": ["smile_mid06_face_a_lead_lead4_a"] },
        { "time": 20.18, "notes": ["smile_mid10_face_a_drum_kick_a"] },
        { "time": 20.72, "notes": ["smile_mid12_face_a_drum_snare_a"] },
        { "time": 21.27, "notes": ["smile_mid10_face_a_drum_kick_a"] },
        { "time": 21.81, "notes": ["smile_mid03_face_a_lead_lead3_a", "smile_mid10_face_a_drum_kick_a", "smile_mid11_face_a_drum_hihat_a"] },
        { "time": 22.90, "notes": ["smile_mid12_face_a_drum_snare_a"] },
        { "time": 23.72, "notes": ["smile_mid10_face_a_drum_kick_a"] },
        { "time": 24.00, "notes": ["smile_mid06_face_a_lead_lead4_a", "smile_mid10_face_a_drum_kick_a"] },
        { "time": 25.09, "notes": ["smile_mid12_face_a_drum_snare_a"] },
        { "time": 25.63, "notes": ["smile_mid10_face_a_drum_kick_a"] },
        { "time": 26.18, "notes": ["smile_mid01_face_a_lead_lead1_a"] },
        { "time": 28.36, "notes": ["smile_mid02_face_a_lead_lead2_a"] },
        { "time": 30.54, "notes": ["smile_mid01_face_a_lead_lead1_a"] },
        { "time": 32.72, "notes": ["smile_mid02_face_a_lead_lead2_a"] }
      ]
    },
    {
      "events": [
        { "time": 0.00, "notes": ["smile_mid01_face_a_lead_lead1_a", "smile_mid04_face_a_bass_bass1_a"] },
        { "time": 2.18, "notes": ["smile_mid02_face_a_lead_lead2_a", "smile_mid05_face_a_bass_bass2_a"] },
        { "time": 4.36, "notes": ["smile_mid01_face_a_lead_lead1_a", "smile_mid04_face_a_bass_bass1_a"] },
        { "time": 6.54, "notes": ["smile_mid02_face_a_lead_lead2_a", "smile_mid05_face_a_bass_bass2_a"] },
        { "time": 8.72, "notes": ["smile_mid03_face_a_lead_lead3_a", "smile_mid04_face_a_bass_bass1_a"] },
        { "time": 10.90, "notes": ["smile_mid06_face_a_lead_lead4_a", "smile_mid05_face_a_bass_bass2_a"] },
        { "time": 13.09, "notes": ["smile_mid03_face_a_lead_lead3_a", "smile_mid04_face_a_bass_bass1_a"] },
        { "time": 15.27, "notes": ["smile_mid06_face_a_lead_lead4_a", "smile_mid05_face_a_bass_bass2_a"] },
        { "time": 17.45, "notes": ["smile_mid03_face_a_lead_lead3_a", "smile_mid04_face_a_bass_bass1_a"] },
        { "time": 19.63, "notes": ["smile_mid06_face_a_lead_lead4_a", "smile_mid05_face_a_bass_bass2_a"] },
        { "time": 21.81, "notes": ["smile_mid03_face_a_lead_lead3_a", "smile_mid04_face_a_bass_bass1_a"] },
        { "time": 24.00, "notes": ["smile_mid06_face_a_lead_lead4_a", "smile_mid05_face_a_bass_bass2_a"] },
        { "time": 26.18, "notes": ["smile_mid01_face_a_lead_lead1_a"] },
        { "time": 28.36, "notes": ["smile_mid02_face_a_lead_lead2_a"] },
        { "time": 30.54, "notes": ["smile_mid01_face_a_lead_lead1_a"] },
        { "time": 32.72, "notes": ["smile_mid02_face_a_lead_lead2_a"] }
      ]
    },
    {
      "events": [
        { "time": 0.00, "notes": ["smile_mid01_face_a_lead_lead1_a", "smile_mid04_face_a_bass_bass1_a", "smile_mid11_face_a_drum_hihat_a"] },
        { "time": 1.09, "notes": ["smile_mid12_face_a_drum_snare_a"] },
        { "time": 2.18, "notes": ["smile_mid02_face_a_lead_lead2_a", "smile_mid05_face_a_bass_bass2_a"] },
        { "time": 3.27, "notes": ["smile_mid12_face_a_drum_snare_a"] },
        { "time": 4.36, "notes": ["smile_mid01_face_a_lead_lead1_a", "smile_mid04_face_a_bass_bass1_a", "smile_mid11_face_a_drum_hihat_a"] },
        { "time": 5.45, "notes": ["smile_mid12_face_a_drum_snare_a"] },
        { "time": 6.54, "notes": ["smile_mid02_face_a_lead_lead2_a", "smile_mid05_face_a_bass_bass2_a"] },
        { "time": 7.63, "notes": ["smile_mid12_face_a_drum_snare_a"] },
        { "time": 8.72, "notes": ["smile_mid03_face_a_lead_lead3_a", "smile_mid04_face_a_bass_bass1_a", "smile_mid10_face_a_drum_kick_a", "smile_mid11_face_a_drum_hihat_a", "smile_mid09_face_a_fx_fx3_a"] },
        { "time": 9.81, "notes": ["smile_mid12_face_a_drum_snare_a"] },
        { "time": 10.63, "notes": ["smile_mid10_face_a_drum_kick_a"] },
        { "time": 10.90, "notes": ["smile_mid06_face_a_lead_lead4_a", "smile_mid05_face_a_bass_bass2_a"] },
        { "time": 11.45, "notes": ["smile_mid10_face_a_drum_kick_a"] },
        { "time": 12.00, "notes": ["smile_mid12_face_a_drum_snare_a"] },
        { "time": 12.54, "notes": ["smile_mid10_face_a_drum_kick_a"] },
        { "time": 13.09, "notes": ["smile_mid03_face_a_lead_lead3_a", "smile_mid04_face_a_bass_bass1_a", "smile_mid10_face_a_drum_kick_a", "smile_mid11_face_a_drum_hihat_a"] },
        { "time": 14.18, "notes": ["smile_mid12_face_a_drum_snare_a"] },
        { "time": 15.00, "notes": ["smile_mid10_face_a_drum_kick_a"] },
        { "time": 15.27, "notes": ["smile_mid06_face_a_lead_lead4_a", "smile_mid05_face_a_bass_bass2_a", "smile_mid10_face_a_drum_kick_a"] },
        { "time": 16.36, "notes": ["smile_mid12_face_a_drum_snare_a"] },
        { "time": 16.90, "notes": ["smile_mid10_face_a_drum_kick_a"] },
        { "time": 17.45, "notes": ["smile_mid03_face_a_lead_lead3_a", "smile_mid04_face_a_bass_bass1_a", "smile_mid10_face_a_drum_kick_a", "smile_mid11_face_a_drum_hihat_a", "smile_mid09_face_a_fx_fx3_a"] },
        { "time": 18.54, "notes": ["smile_mid12_face_a_drum_snare_a"] },
        { "time": 19.36, "notes": ["smile_mid10_face_a_drum_kick_a"] },
        { "time": 19.63, "notes": ["smile_mid06_face_a_lead_lead4_a", "smile_mid05_face_a_bass_bass2_a"] },
        { "time": 20.18, "notes": ["smile_mid10_face_a_drum_kick_a"] },
        { "time": 20.72, "notes": ["smile_mid12_face_a_drum_snare_a"] },
        { "time": 21.27, "notes": ["smile_mid10_face_a_drum_kick_a"] },
        { "time": 21.81, "notes": ["smile_mid03_face_a_lead_lead3_a", "smile_mid04_face_a_bass_bass1_a", "smile_mid10_face_a_drum_kick_a", "smile_mid11_face_a_drum_hihat_a"] },
        { "time": 22.90, "notes": ["smile_mid12_face_a_drum_snare_a"] },
        { "time": 23.72, "notes": ["smile_mid10_face_a_drum_kick_a"] },
        { "time": 24.00, "notes": ["smile_mid06_face_a_lead_lead4_a", "smile_mid05_face_a_bass_bass2_a", "smile_mid10_face_a_drum_kick_a"] },
        { "time": 25.09, "notes": ["smile_mid12_face_a_drum_snare_a"] },
        { "time": 25.63, "notes": ["smile_mid10_face_a_drum_kick_a"] },
        { "time": 26.18, "notes": ["smile_mid01_face_a_lead_lead1_a", "smile_mid07_face_a_fx_fx1_a"] },
        { "time": 28.36, "notes": ["smile_mid02_face_a_lead_lead2_a", "smile_mid08_face_a_fx_fx2_a"] },
        { "time": 30.54, "notes": ["smile_mid01_face_a_lead_lead1_a", "smile_mid07_face_a_fx_fx1_a"] },
        { "time": 32.72, "notes": ["smile_mid02_face_a_lead_lead2_a", "smile_mid08_face_a_fx_fx2_a"] }
      ]
    }]