[
  {
    "events": [
      { "time": 0.00, "notes": ["newday_mid04_face_a_bass_bass01_a", "newday_mid10_face_a_drum_kick_a"] },
      { "time": 0.54, "notes": ["newday_mid12_face_a_drum_snare_a"] },
      { "time": 1.09, "notes": ["newday_mid10_face_a_drum_kick_a"] },
      { "time": 1.63, "notes": ["newday_mid12_face_a_drum_snare_a"] },
      { "time": 2.18, "notes": ["newday_mid05_face_a_bass_bass02_a", "newday_mid10_face_a_drum_kick_a"] },
      { "time": 2.72, "notes": ["newday_mid12_face_a_drum_snare_a"] },
      { "time": 3.27, "notes": ["newday_mid10_face_a_drum_kick_a"] },
      { "time": 3.81, "notes": ["newday_mid12_face_a_drum_snare_a"] },
      { "time": 4.36, "notes": ["newday_mid07_face_a_bass_bass03_a", "newday_mid10_face_a_drum_kick_a"] },
      { "time": 4.90, "notes": ["newday_mid12_face_a_drum_snare_a"] },
      { "time": 5.45, "notes": ["newday_mid10_face_a_drum_kick_a"] },
      { "time": 6.00, "notes": ["newday_mid12_face_a_drum_snare_a"] },
      { "time": 6.54, "notes": ["newday_mid08_face_a_bass_bass04_a", "newday_mid10_face_a_drum_kick_a"] },
      { "time": 7.09, "notes": ["newday_mid12_face_a_drum_snare_a"] },
      { "time": 7.63, "notes": ["newday_mid10_face_a_drum_kick_a"] },
      { "time": 8.18, "notes": ["newday_mid12_face_a_drum_snare_a"] },
      { "time": 8.72, "notes": ["newday_mid01_face_a_lead_lead1_a", "newday_mid04_face_a_bass_bass01_a", "newday_mid09_face_a_fx_fx_a", "newday_mid10_face_a_drum_kick_a", "newday_mid11_face_a_drum_hihat_a"] },
      { "time": 9.27, "notes": ["newday_mid12_face_a_drum_snare_a"] },
      { "time": 9.81, "notes": ["newday_mid10_face_a_drum_kick_a"] },
      { "time": 10.36, "notes": ["newday_mid12_face_a_drum_snare_a"] },
      { "time": 10.90, "notes": ["newday_mid02_face_a_lead_lead2_a", "newday_mid05_face_a_bass_bass02_a", "newday_mid10_face_a_drum_kick_a"] },
      { "time": 11.45, "notes": ["newday_mid12_face_a_drum_snare_a"] },
      { "time": 12.00, "notes": ["newday_mid10_face_a_drum_kick_a"] },
      { "time": 12.54, "notes": ["newday_mid12_face_a_drum_snare_a"] },
      { "time": 13.09, "notes": ["newday_mid03_face_a_lead_lead3_a", "newday_mid07_face_a_bass_bass03_a", "newday_mid10_face_a_drum_kick_a", "newday_mid11_face_a_drum_hihat_a"] },
      { "time": 13.63, "notes": ["newday_mid12_face_a_drum_snare_a"] },
      { "time": 14.18, "notes": ["newday_mid10_face_a_drum_kick_a"] },
      { "time": 14.72, "notes": ["newday_mid12_face_a_drum_snare_a"] },
      { "time": 15.27, "notes": ["newday_mid06_face_a_lead_lead4_a", "newday_mid08_face_a_bass_bass04_a", "newday_mid10_face_a_drum_kick_a"] },
      { "time": 15.81, "notes": ["newday_mid12_face_a_drum_snare_a"] },
      { "time": 16.36, "notes": ["newday_mid10_face_a_drum_kick_a"] },
      { "time": 16.90, "notes": ["newday_mid12_face_a_drum_snare_a"] },
      { "time": 17.45, "notes": ["newday_mid01_face_a_lead_lead1_a", "newday_mid04_face_a_bass_bass01_a", "newday_mid10_face_a_drum_kick_a", "newday_mid11_face_a_drum_hihat_a"] },
      { "time": 18.00, "notes": ["newday_mid12_face_a_drum_snare_a"] },
      { "time": 18.54, "notes": ["newday_mid10_face_a_drum_kick_a"] },
      { "time": 19.09, "notes": ["newday_mid12_face_a_drum_snare_a"] },
      { "time": 19.63, "notes": ["newday_mid02_face_a_lead_lead2_a", "newday_mid05_face_a_bass_bass02_a", "newday_mid10_face_a_drum_kick_a"] },
      { "time": 20.18, "notes": ["newday_mid12_face_a_drum_snare_a"] },
      { "time": 20.72, "notes": ["newday_mid10_face_a_drum_kick_a"] },
      { "time": 21.27, "notes": ["newday_mid12_face_a_drum_snare_a"] },
      { "time": 21.81, "notes": ["newday_mid03_face_a_lead_lead3_a", "newday_mid07_face_a_bass_bass03_a", "newday_mid10_face_a_drum_kick_a", "newday_mid11_face_a_drum_hihat_a"] },
      { "time": 22.36, "notes": ["newday_mid12_face_a_drum_snare_a"] },
      { "time": 22.90, "notes": ["newday_mid10_face_a_drum_kick_a"] },
      { "time": 23.45, "notes": ["newday_mid12_face_a_drum_snare_a"] },
      { "time": 24.00, "notes": ["newday_mid06_face_a_lead_lead4_a", "newday_mid08_face_a_bass_bass04_a", "newday_mid10_face_a_drum_kick_a"] },
      { "time": 24.54, "notes": ["newday_mid12_face_a_drum_snare_a"] }
    ]
  }
]