[
  {
    "events": [
      { "time": 0.0, "notes": ["Newday_mid11_face_a_drum_a"] },
      { "time": 2.3, "notes": ["Newday_mid04_face_a_lead_a"] },
      { "time": 4.6, "notes": ["Newday_mid09_face_a_drum_a"] },
      { "time": 7.0, "notes": ["Newday_mid12_face_a_drum_a"] },
      { "time": 9.3, "notes": ["Newday_mid02_face_a_drum_a"] },
      { "time": 11.6, "notes": ["Newday_mid10_face_a_lead_a"] },
      { "time": 13.9, "notes": ["Newday_mid06_face_a_drum_a"] },
      { "time": 16.3, "notes": ["Newday_mid08_face_a_lead_a"] },
      { "time": 18.6, "notes": ["Newday_mid01_face_a_drum_a"] },
      { "time": 20.9, "notes": ["Newday_mid07_face_a_drum_a"] },
      { "time": 23.2, "notes": ["Newday_mid03_face_a_drum_a"] },
      { "time": 25.5, "notes": ["Newday_mid05_face_a_lead_a"] }
    ]
  }

]