[
  {
        "events": [
          { "time": 17.45, "notes": ["warriors_mid10_face_a_drum_kick1_a"] },
          { "time": 19.36, "notes": ["warriors_mid10_face_a_drum_kick1_a"] },
          { "time": 19.63, "notes": ["warriors_mid10_face_a_drum_kick1_a"] },
          { "time": 21.27, "notes": ["warriors_mid10_face_a_drum_kick1_a"] },
          { "time": 21.81, "notes": ["warriors_mid10_face_a_drum_kick1_a"] },
          { "time": 23.72, "notes": ["warriors_mid10_face_a_drum_kick1_a"] },
          { "time": 24.00, "notes": ["warriors_mid10_face_a_drum_kick1_a"] },
          { "time": 26.18, "notes": ["warriors_mid10_face_a_drum_kick1_a"] },
          { "time": 28.09, "notes": ["warriors_mid10_face_a_drum_kick1_a"] },
          { "time": 28.36, "notes": ["warriors_mid10_face_a_drum_kick1_a"] },
          { "time": 30.00, "notes": ["warriors_mid10_face_a_drum_kick1_a"] },
          { "time": 30.54, "notes": ["warriors_mid10_face_a_drum_kick1_a"] },
          { "time": 32.45, "notes": ["warriors_mid10_face_a_drum_kick1_a"] },
          { "time": 32.72, "notes": ["warriors_mid10_face_a_drum_kick1_a"] }
        ]
      },
      {
        "events": [
          { "time": 0.00, "notes": ["warriors_mid01_face_a_lead_lead1_a"] },
          { "time": 2.18, "notes": ["warriors_mid02_face_a_lead_lead2_a"] },
          { "time": 4.36, "notes": ["warriors_mid03_face_a_lead_lead3_a"] },
          { "time": 6.54, "notes": ["warriors_mid06_face_a_lead_lead4_a"] },
          { "time": 8.72, "notes": ["warriors_mid01_face_a_lead_lead1_a"] },
          { "time": 10.90, "notes": ["warriors_mid02_face_a_lead_lead2_a"] },
          { "time": 13.09, "notes": ["warriors_mid03_face_a_lead_lead3_a"] },
          { "time": 15.27, "notes": ["warriors_mid06_face_a_lead_lead4_a"] },
          { "time": 17.45, "notes": ["warriors_mid01_face_a_lead_lead1_a"] },
          { "time": 19.63, "notes": ["warriors_mid02_face_a_lead_lead2_a"] },
          { "time": 21.81, "notes": ["warriors_mid03_face_a_lead_lead3_a"] },
          { "time": 24.00, "notes": ["warriors_mid06_face_a_lead_lead4_a"] },
          { "time": 26.18, "notes": ["warriors_mid01_face_a_lead_lead1_a"] },
          { "time": 28.36, "notes": ["warriors_mid02_face_a_lead_lead2_a"] },
          { "time": 30.54, "notes": ["warriors_mid03_face_a_lead_lead3_a"] },
          { "time": 32.72, "notes": ["warriors_mid06_face_a_lead_lead4_a"] }
        ]
      },
      {
        "events": [
          { "time": 0.00, "notes": ["warriors_mid04_face_a_bass_bass1_a"] },
          { "time": 2.18, "notes": ["warriors_mid05_face_a_bass_bass2_a"] },
          { "time": 4.36, "notes": ["warriors_mid07_face_a_bass_bass3_a"] },
          { "time": 6.54, "notes": ["warriors_mid08_face_a_bass_bass4_a"] },
          { "time": 8.72, "notes": ["warriors_mid04_face_a_bass_bass1_a"] },
          { "time": 10.90, "notes": ["warriors_mid05_face_a_bass_bass2_a"] },
          { "time": 13.09, "notes": ["warriors_mid07_face_a_bass_bass3_a"] },
          { "time": 15.27, "notes": ["warriors_mid08_face_a_bass_bass4_a"] },
          { "time": 17.45, "notes": ["warriors_mid04_face_a_bass_bass1_a"] },
          { "time": 19.63, "notes": ["warriors_mid05_face_a_bass_bass2_a"] },
          { "time": 21.81, "notes": ["warriors_mid07_face_a_bass_bass3_a"] },
          { "time": 24.00, "notes": ["warriors_mid08_face_a_bass_bass4_a"] },
          { "time": 26.18, "notes": ["warriors_mid04_face_a_bass_bass1_a"] },
          { "time": 28.36, "notes": ["warriors_mid05_face_a_bass_bass2_a"] },
          { "time": 30.54, "notes": ["warriors_mid07_face_a_bass_bass3_a"] },
          { "time": 32.72, "notes": ["warriors_mid08_face_a_bass_bass4_a"] }
        ]
      },
      {
        "events": [
          { "time": 17.45, "notes": ["warriors_mid04_face_a_bass_bass1_a", "warriors_mid10_face_a_drum_kick1_a"] },
          { "time": 19.36, "notes": ["warriors_mid10_face_a_drum_kick1_a"] },
          { "time": 19.63, "notes": ["warriors_mid05_face_a_bass_bass2_a", "warriors_mid10_face_a_drum_kick1_a"] },
          { "time": 21.27, "notes": ["warriors_mid10_face_a_drum_kick1_a"] },
          { "time": 21.81, "notes": ["warriors_mid07_face_a_bass_bass3_a", "warriors_mid10_face_a_drum_kick1_a"] },
          { "time": 23.72, "notes": ["warriors_mid10_face_a_drum_kick1_a"] },
          { "time": 24.00, "notes": ["warriors_mid08_face_a_bass_bass4_a", "warriors_mid10_face_a_drum_kick1_a"] },
          { "time": 26.18, "notes": ["warriors_mid04_face_a_bass_bass1_a", "warriors_mid10_face_a_drum_kick1_a"] },
          { "time": 28.09, "notes": ["warriors_mid10_face_a_drum_kick1_a"] },
          { "time": 28.36, "notes": ["warriors_mid05_face_a_bass_bass2_a", "warriors_mid10_face_a_drum_kick1_a"] },
          { "time": 30.00, "notes": ["warriors_mid10_face_a_drum_kick1_a"] },
          { "time": 30.54, "notes": ["warriors_mid07_face_a_bass_bass3_a", "warriors_mid10_face_a_drum_kick1_a"] },
          { "time": 32.45, "notes": ["warriors_mid10_face_a_drum_kick1_a"] },
          { "time": 32.72, "notes": ["warriors_mid08_face_a_bass_bass4_a", "warriors_mid10_face_a_drum_kick1_a"] }
        ]
      },
      {
        "events": [
          { "time": 17.45, "notes": ["warriors_mid01_face_a_lead_lead1_a", "warriors_mid10_face_a_drum_kick1_a"] },
          { "time": 19.36, "notes": ["warriors_mid10_face_a_drum_kick1_a"] },
          { "time": 19.63, "notes": ["warriors_mid02_face_a_lead_lead2_a", "warriors_mid10_face_a_drum_kick1_a"] },
          { "time": 21.27, "notes": ["warriors_mid10_face_a_drum_kick1_a"] },
          { "time": 21.81, "notes": ["warriors_mid03_face_a_lead_lead3_a", "warriors_mid10_face_a_drum_kick1_a"] },
          { "time": 23.72, "notes": ["warriors_mid10_face_a_drum_kick1_a"] },
          { "time": 24.00, "notes": ["warriors_mid06_face_a_lead_lead4_a", "warriors_mid10_face_a_drum_kick1_a"] },
          { "time": 26.18, "notes": ["warriors_mid01_face_a_lead_lead1_a", "warriors_mid10_face_a_drum_kick1_a"] },
          { "time": 28.09, "notes": ["warriors_mid10_face_a_drum_kick1_a"] },
          { "time": 28.36, "notes": ["warriors_mid02_face_a_lead_lead2_a", "warriors_mid10_face_a_drum_kick1_a"] },
          { "time": 30.00, "notes": ["warriors_mid10_face_a_drum_kick1_a"] },
          { "time": 30.54, "notes": ["warriors_mid03_face_a_lead_lead3_a", "warriors_mid10_face_a_drum_kick1_a"] },
          { "time": 32.45, "notes": ["warriors_mid10_face_a_drum_kick1_a"] },
          { "time": 32.72, "notes": ["warriors_mid06_face_a_lead_lead4_a", "warriors_mid10_face_a_drum_kick1_a"] }
        ]
      },
      {
        "events": [
          { "time": 0.00, "notes": ["warriors_mid01_face_a_lead_lead1_a", "warriors_mid04_face_a_bass_bass1_a"] },
          { "time": 2.18, "notes": ["warriors_mid02_face_a_lead_lead2_a", "warriors_mid05_face_a_bass_bass2_a"] },
          { "time": 4.36, "notes": ["warriors_mid03_face_a_lead_lead3_a", "warriors_mid07_face_a_bass_bass3_a"] },
          { "time": 6.54, "notes": ["warriors_mid06_face_a_lead_lead4_a", "warriors_mid08_face_a_bass_bass4_a"] },
          { "time": 8.72, "notes": ["warriors_mid01_face_a_lead_lead1_a", "warriors_mid04_face_a_bass_bass1_a"] },
          { "time": 10.90, "notes": ["warriors_mid02_face_a_lead_lead2_a", "warriors_mid05_face_a_bass_bass2_a"] },
          { "time": 13.09, "notes": ["warriors_mid03_face_a_lead_lead3_a", "warriors_mid07_face_a_bass_bass3_a"] },
          { "time": 15.27, "notes": ["warriors_mid06_face_a_lead_lead4_a", "warriors_mid08_face_a_bass_bass4_a"] },
          { "time": 17.45, "notes": ["warriors_mid01_face_a_lead_lead1_a", "warriors_mid04_face_a_bass_bass1_a"] },
          { "time": 19.63, "notes": ["warriors_mid02_face_a_lead_lead2_a", "warriors_mid05_face_a_bass_bass2_a"] },
          { "time": 21.81, "notes": ["warriors_mid03_face_a_lead_lead3_a", "warriors_mid07_face_a_bass_bass3_a"] },
          { "time": 24.00, "notes": ["warriors_mid06_face_a_lead_lead4_a", "warriors_mid08_face_a_bass_bass4_a"] },
          { "time": 26.18, "notes": ["warriors_mid01_face_a_lead_lead1_a", "warriors_mid04_face_a_bass_bass1_a"] },
          { "time": 28.36, "notes": ["warriors_mid02_face_a_lead_lead2_a", "warriors_mid05_face_a_bass_bass2_a"] },
          { "time": 30.54, "notes": ["warriors_mid03_face_a_lead_lead3_a", "warriors_mid07_face_a_bass_bass3_a"] },
          { "time": 32.72, "notes": ["warriors_mid06_face_a_lead_lead4_a", "warriors_mid08_face_a_bass_bass4_a"] }
        ]
      },
      {
        "events": [
          { "time": 0.00, "notes": ["warriors_mid01_face_a_lead_lead1_a", "warriors_mid04_face_a_bass_bass1_a", "warriors_mid09_face_a_fx_vocal1_a"] },
          { "time": 2.18, "notes": ["warriors_mid02_face_a_lead_lead2_a", "warriors_mid05_face_a_bass_bass2_a"] },
          { "time": 4.36, "notes": ["warriors_mid03_face_a_lead_lead3_a", "warriors_mid07_face_a_bass_bass3_a"] },
          { "time": 6.54, "notes": ["warriors_mid06_face_a_lead_lead4_a", "warriors_mid08_face_a_bass_bass4_a"] },
          { "time": 8.72, "notes": ["warriors_mid01_face_a_lead_lead1_a", "warriors_mid04_face_a_bass_bass1_a"] },
          { "time": 10.90, "notes": ["warriors_mid02_face_a_lead_lead2_a", "warriors_mid05_face_a_bass_bass2_a"] },
          { "time": 13.09, "notes": ["warriors_mid03_face_a_lead_lead3_a", "warriors_mid07_face_a_bass_bass3_a"] },
          { "time": 15.27, "notes": ["warriors_mid06_face_a_lead_lead4_a", "warriors_mid08_face_a_bass_bass4_a"] },
          { "time": 17.45, "notes": ["warriors_mid01_face_a_lead_lead1_a", "warriors_mid04_face_a_bass_bass1_a", "warriors_mid09_face_a_fx_vocal1_a", "warriors_mid10_face_a_drum_kick1_a"] },
          { "time": 19.36, "notes": ["warriors_mid10_face_a_drum_kick1_a"] },
          { "time": 19.63, "notes": ["warriors_mid02_face_a_lead_lead2_a", "warriors_mid05_face_a_bass_bass2_a", "warriors_mid10_face_a_drum_kick1_a"] },
          { "time": 21.27, "notes": ["warriors_mid10_face_a_drum_kick1_a"] },
          { "time": 21.81, "notes": ["warriors_mid03_face_a_lead_lead3_a", "warriors_mid07_face_a_bass_bass3_a", "warriors_mid10_face_a_drum_kick1_a"] },
          { "time": 23.72, "notes": ["warriors_mid10_face_a_drum_kick1_a"] },
          { "time": 24.00, "notes": ["warriors_mid06_face_a_lead_lead4_a", "warriors_mid08_face_a_bass_bass4_a", "warriors_mid10_face_a_drum_kick1_a"] },
          { "time": 25.63, "notes": ["warriors_mid12_face_a_fx_vocal2_a"] },
          { "time": 26.18, "notes": ["warriors_mid01_face_a_lead_lead1_a", "warriors_mid04_face_a_bass_bass1_a", "warriors_mid10_face_a_drum_kick1_a"] },
          { "time": 28.09, "notes": ["warriors_mid10_face_a_drum_kick1_a"] },
          { "time": 28.36, "notes": ["warriors_mid02_face_a_lead_lead2_a", "warriors_mid05_face_a_bass_bass2_a", "warriors_mid10_face_a_drum_kick1_a"] },
          { "time": 30.00, "notes": ["warriors_mid10_face_a_drum_kick1_a"] },
          { "time": 30.54, "notes": ["warriors_mid03_face_a_lead_lead3_a", "warriors_mid07_face_a_bass_bass3_a", "warriors_mid10_face_a_drum_kick1_a"] },
          { "time": 32.45, "notes": ["warriors_mid10_face_a_drum_kick1_a"] },
          { "time": 32.72, "notes": ["warriors_mid06_face_a_lead_lead4_a", "warriors_mid08_face_a_bass_bass4_a", "warriors_mid10_face_a_drum_kick1_a"] },
          { "time": 34.36, "notes": ["warriors_mid12_face_a_fx_vocal2_a"] }
        ]
      },
      {
          "events": [
              { "time": 0.00, "notes": ["warriors_mid10_face_b_drum_kick1_b"] },
              { "time": 0.54, "notes": ["warriors_mid11_face_b_drum_kick2_b"] },
              { "time": 1.09, "notes": ["warriors_mid11_face_b_drum_kick2_b"] },
              { "time": 1.90, "notes": ["warriors_mid10_face_b_drum_kick1_b"] },
              { "time": 1.63, "notes": ["warriors_mid11_face_b_drum_kick2_b"] },
              { "time": 2.18, "notes": ["warriors_mid10_face_b_drum_kick1_b"] },
              { "time": 2.72, "notes": ["warriors_mid11_face_b_drum_kick2_b"] },
              { "time": 3.27, "notes": ["warriors_mid11_face_b_drum_kick2_b"] },
              { "time": 3.81, "notes": ["warriors_mid10_face_b_drum_kick1_b"] },
              { "time": 4.36, "notes": ["warriors_mid10_face_b_drum_kick1_b"] },
              { "time": 4.90, "notes": ["warriors_mid11_face_b_drum_kick2_b"] },
              { "time": 5.45, "notes": ["warriors_mid11_face_b_drum_kick2_b"] },
              { "time": 6.00, "notes": ["warriors_mid11_face_b_drum_kick2_b"] },
              { "time": 6.27, "notes": ["warriors_mid10_face_b_drum_kick1_b"] },
              { "time": 6.54, "notes": ["warriors_mid10_face_b_drum_kick1_b"] },
              { "time": 7.09, "notes": ["warriors_mid11_face_b_drum_kick2_b"] },
              { "time": 7.63, "notes": ["warriors_mid11_face_b_drum_kick2_b"] },
              { "time": 8.72, "notes": ["warriors_mid10_face_b_drum_kick1_b"] },
              { "time": 9.27, "notes": ["warriors_mid11_face_b_drum_kick2_b"] },
              { "time": 9.81, "notes": ["warriors_mid11_face_b_drum_kick2_b"] },
              { "time": 10.36, "notes": ["warriors_mid11_face_b_drum_kick2_b"] },
              { "time": 10.63, "notes": ["warriors_mid10_face_b_drum_kick1_b"] },
              { "time": 10.90, "notes": ["warriors_mid10_face_b_drum_kick1_b"] },
              { "time": 11.45, "notes": ["warriors_mid11_face_b_drum_kick2_b"] },
              { "time": 12.00, "notes": ["warriors_mid11_face_b_drum_kick2_b"] },
              { "time": 12.54, "notes": ["warriors_mid10_face_b_drum_kick1_b"] },
              { "time": 13.09, "notes": ["warriors_mid10_face_b_drum_kick1_b"] },
              { "time": 13.63, "notes": ["warriors_mid11_face_b_drum_kick2_b"] },
              { "time": 14.18, "notes": ["warriors_mid11_face_b_drum_kick2_b"] },
              { "time": 14.72, "notes": ["warriors_mid11_face_b_drum_kick2_b"] },
              { "time": 15.00, "notes": ["warriors_mid10_face_b_drum_kick1_b"] },
              { "time": 15.27, "notes": ["warriors_mid10_face_b_drum_kick1_b"] },
              { "time": 15.81, "notes": ["warriors_mid11_face_b_drum_kick2_b"] },
              { "time": 16.36, "notes": ["warriors_mid11_face_b_drum_kick2_b"] }
          ]
      },
          {
              "events": [
                  { "time": 0.00, "notes": ["warriors_mid01_face_b_lead_lead1_b"] },
                  { "time": 2.18, "notes": ["warriors_mid02_face_b_lead_lead2_b"] },
                  { "time": 4.36, "notes": ["warriors_mid03_face_b_lead_lead3_b"] },
                  { "time": 6.54, "notes": ["warriors_mid06_face_b_lead_lead4_b"] },
                  { "time": 8.72, "notes": ["warriors_mid01_face_b_lead_lead1_b"] },
                  { "time": 10.90, "notes": ["warriors_mid02_face_b_lead_lead2_b"] },
                  { "time": 13.09, "notes": ["warriors_mid03_face_b_lead_lead3_b"] },
                  { "time": 15.27, "notes": ["warriors_mid06_face_b_lead_lead4_b"] }
              ]
          },
          {
              "events": [
                  { "time": 0.00, "notes": ["warriors_mid04_face_b_bass_bass1_b"] },
                  { "time": 2.18, "notes": ["warriors_mid05_face_b_bass_bass2_b"] },
                  { "time": 4.36, "notes": ["warriors_mid07_face_b_bass_bass3_b"] },
                  { "time": 6.54, "notes": ["warriors_mid08_face_b_bass_bass4_b"] },
                  { "time": 8.72, "notes": ["warriors_mid04_face_b_bass_bass1_b"] },
                  { "time": 10.90, "notes": ["warriors_mid05_face_b_bass_bass2_b"] },
                  { "time": 13.09, "notes": ["warriors_mid07_face_b_bass_bass3_b"] },
                  { "time": 15.27, "notes": ["warriors_mid08_face_b_bass_bass4_b"] }
              ]
          },
          {
              "events": [
                  { "time": 0.00, "notes": ["warriors_mid04_face_b_bass_bass1_b", "warriors_mid10_face_b_drum_kick1_b"] },
                  { "time": 0.54, "notes": ["warriors_mid11_face_b_drum_kick2_b"] },
                  { "time": 1.09, "notes": ["warriors_mid11_face_b_drum_kick2_b"] },
                  { "time": 1.90, "notes": ["warriors_mid10_face_b_drum_kick1_b"] },
                  { "time": 1.63, "notes": ["warriors_mid11_face_b_drum_kick2_b"] },
                  { "time": 2.18, "notes": ["warriors_mid05_face_b_bass_bass2_b", "warriors_mid10_face_b_drum_kick1_b"] },
                  { "time": 2.72, "notes": ["warriors_mid11_face_b_drum_kick2_b"] },
                  { "time": 3.27, "notes": ["warriors_mid11_face_b_drum_kick2_b"] },
                  { "time": 3.81, "notes": ["warriors_mid10_face_b_drum_kick1_b"] },
                  { "time": 4.36, "notes": ["warriors_mid07_face_b_bass_bass3_b", "warriors_mid10_face_b_drum_kick1_b"] },
                  { "time": 4.90, "notes": ["warriors_mid11_face_b_drum_kick2_b"] },
                  { "time": 5.45, "notes": ["warriors_mid11_face_b_drum_kick2_b"] },
                  { "time": 6.00, "notes": ["warriors_mid11_face_b_drum_kick2_b"] },
                  { "time": 6.27, "notes": ["warriors_mid10_face_b_drum_kick1_b"] },
                  { "time": 6.54, "notes": ["warriors_mid08_face_b_bass_bass4_b", "warriors_mid10_face_b_drum_kick1_b"] },
                  { "time": 7.09, "notes": ["warriors_mid11_face_b_drum_kick2_b"] },
                  { "time": 7.63, "notes": ["warriors_mid11_face_b_drum_kick2_b"] },
                  { "time": 8.72, "notes": ["warriors_mid04_face_b_bass_bass1_b", "warriors_mid10_face_b_drum_kick1_b"] },
                  { "time": 9.27, "notes": ["warriors_mid11_face_b_drum_kick2_b"] },
                  { "time": 9.81, "notes": ["warriors_mid11_face_b_drum_kick2_b"] },
                  { "time": 10.36, "notes": ["warriors_mid11_face_b_drum_kick2_b"] },
                  { "time": 10.63, "notes": ["warriors_mid10_face_b_drum_kick1_b"] },
                  { "time": 10.90, "notes": ["warriors_mid05_face_b_bass_bass2_b", "warriors_mid10_face_b_drum_kick1_b"] },
                  { "time": 11.45, "notes": ["warriors_mid11_face_b_drum_kick2_b"] },
                  { "time": 12.00, "notes": ["warriors_mid11_face_b_drum_kick2_b"] },
                  { "time": 12.54, "notes": ["warriors_mid10_face_b_drum_kick1_b"] },
                  { "time": 13.09, "notes": ["warriors_mid07_face_b_bass_bass3_b", "warriors_mid10_face_b_drum_kick1_b"] },
                  { "time": 13.63, "notes": ["warriors_mid11_face_b_drum_kick2_b"] },
                  { "time": 14.18, "notes": ["warriors_mid11_face_b_drum_kick2_b"] },
                  { "time": 14.72, "notes": ["warriors_mid11_face_b_drum_kick2_b"] },
                  { "time": 15.00, "notes": ["warriors_mid10_face_b_drum_kick1_b"] },
                  { "time": 15.27, "notes": ["warriors_mid08_face_b_bass_bass4_b", "warriors_mid10_face_b_drum_kick1_b"] },
                  { "time": 15.81, "notes": ["warriors_mid11_face_b_drum_kick2_b"] },
                  { "time": 16.36, "notes": ["warriors_mid11_face_b_drum_kick2_b"] }
              ]
          },
          {
              "events": [
                  { "time": 0.00, "notes": ["warriors_mid01_face_b_lead_lead1_b", "warriors_mid10_face_b_drum_kick1_b"] },
                  { "time": 0.54, "notes": ["warriors_mid11_face_b_drum_kick2_b"] },
                  { "time": 1.09, "notes": ["warriors_mid11_face_b_drum_kick2_b"] },
                  { "time": 1.90, "notes": ["warriors_mid10_face_b_drum_kick1_b"] },
                  { "time": 1.63, "notes": ["warriors_mid11_face_b_drum_kick2_b"] },
                  { "time": 2.18, "notes": ["warriors_mid02_face_b_lead_lead2_b", "warriors_mid10_face_b_drum_kick1_b"] },
                  { "time": 2.72, "notes": ["warriors_mid11_face_b_drum_kick2_b"] },
                  { "time": 3.27, "notes": ["warriors_mid11_face_b_drum_kick2_b"] },
                  { "time": 3.81, "notes": ["warriors_mid10_face_b_drum_kick1_b"] },
                  { "time": 4.36, "notes": ["warriors_mid03_face_b_lead_lead3_b", "warriors_mid10_face_b_drum_kick1_b"] },
                  { "time": 4.90, "notes": ["warriors_mid11_face_b_drum_kick2_b"] },
                  { "time": 5.45, "notes": ["warriors_mid11_face_b_drum_kick2_b"] },
                  { "time": 6.00, "notes": ["warriors_mid11_face_b_drum_kick2_b"] },
                  { "time": 6.27, "notes": ["warriors_mid10_face_b_drum_kick1_b"] },
                  { "time": 6.54, "notes": ["warriors_mid06_face_b_lead_lead4_b", "warriors_mid10_face_b_drum_kick1_b"] },
                  { "time": 7.09, "notes": ["warriors_mid11_face_b_drum_kick2_b"] },
                  { "time": 7.63, "notes": ["warriors_mid11_face_b_drum_kick2_b"] },
                  { "time": 8.72, "notes": ["warriors_mid01_face_b_lead_lead1_b", "warriors_mid10_face_b_drum_kick1_b"] },
                  { "time": 9.27, "notes": ["warriors_mid11_face_b_drum_kick2_b"] },
                  { "time": 9.81, "notes": ["warriors_mid11_face_b_drum_kick2_b"] },
                  { "time": 10.36, "notes": ["warriors_mid11_face_b_drum_kick2_b"] },
                  { "time": 10.63, "notes": ["warriors_mid10_face_b_drum_kick1_b"] },
                  { "time": 10.90, "notes": ["warriors_mid02_face_b_lead_lead2_b", "warriors_mid10_face_b_drum_kick1_b"] },
                  { "time": 11.45, "notes": ["warriors_mid11_face_b_drum_kick2_b"] },
                  { "time": 12.00, "notes": ["warriors_mid11_face_b_drum_kick2_b"] },
                  { "time": 12.54, "notes": ["warriors_mid10_face_b_drum_kick1_b"] },
                  { "time": 13.09, "notes": ["warriors_mid03_face_b_lead_lead3_b", "warriors_mid10_face_b_drum_kick1_b"] },
                  { "time": 13.63, "notes": ["warriors_mid11_face_b_drum_kick2_b"] },
                  { "time": 14.18, "notes": ["warriors_mid11_face_b_drum_kick2_b"] },
                  { "time": 14.72, "notes": ["warriors_mid11_face_b_drum_kick2_b"] },
                  { "time": 15.00, "notes": ["warriors_mid10_face_b_drum_kick1_b"] },
                  { "time": 15.27, "notes": ["warriors_mid06_face_b_lead_lead4_b", "warriors_mid10_face_b_drum_kick1_b"] },
                  { "time": 15.81, "notes": ["warriors_mid11_face_b_drum_kick2_b"] },
                  { "time": 16.36, "notes": ["warriors_mid11_face_b_drum_kick2_b"] }
              ]
          },
          {
              "events": [
                  { "time": 0.00, "notes": ["warriors_mid01_face_b_lead_lead1_b", "warriors_mid04_face_b_bass_bass1_b"] },
                  { "time": 2.18, "notes": ["warriors_mid02_face_b_lead_lead2_b", "warriors_mid05_face_b_bass_bass2_b"] },
                  { "time": 4.36, "notes": ["warriors_mid03_face_b_lead_lead3_b", "warriors_mid07_face_b_bass_bass3_b"] },
                  { "time": 6.54, "notes": ["warriors_mid06_face_b_lead_lead4_b", "warriors_mid08_face_b_bass_bass4_b"] },
                  { "time": 8.72, "notes": ["warriors_mid01_face_b_lead_lead1_b", "warriors_mid04_face_b_bass_bass1_b"] },
                  { "time": 10.90, "notes": ["warriors_mid02_face_b_lead_lead2_b", "warriors_mid05_face_b_bass_bass2_b"] },
                  { "time": 13.09, "notes": ["warriors_mid03_face_b_lead_lead3_b", "warriors_mid07_face_b_bass_bass3_b"] },
                  { "time": 15.27, "notes": ["warriors_mid06_face_b_lead_lead4_b", "warriors_mid08_face_b_bass_bass4_b"] }
              ]
          },
          {
              "events": [
                  { "time": 0.00, "notes": ["warriors_mid01_face_b_lead_lead1_b", "warriors_mid04_face_b_bass_bass1_b", "warriors_mid09_face_b_fx_vocal1_b", "warriors_mid10_face_b_drum_kick1_b"] },
                  { "time": 0.54, "notes": ["warriors_mid11_face_b_drum_kick2_b"] },
                  { "time": 1.09, "notes": ["warriors_mid11_face_b_drum_kick2_b"] },
                  { "time": 1.90, "notes": ["warriors_mid10_face_b_drum_kick1_b"] },
                  { "time": 1.63, "notes": ["warriors_mid11_face_b_drum_kick2_b"] },
                  { "time": 2.18, "notes": ["warriors_mid02_face_b_lead_lead2_b", "warriors_mid05_face_b_bass_bass2_b", "warriors_mid10_face_b_drum_kick1_b"] },
                  { "time": 2.72, "notes": ["warriors_mid11_face_b_drum_kick2_b"] },
                  { "time": 3.27, "notes": ["warriors_mid11_face_b_drum_kick2_b"] },
                  { "time": 3.81, "notes": ["warriors_mid10_face_b_drum_kick1_b"] },
                  { "time": 4.36, "notes": ["warriors_mid03_face_b_lead_lead3_b", "warriors_mid07_face_b_bass_bass3_b", "warriors_mid10_face_b_drum_kick1_b"] },
                  { "time": 4.90, "notes": ["warriors_mid11_face_b_drum_kick2_b"] },
                  { "time": 5.45, "notes": ["warriors_mid11_face_b_drum_kick2_b"] },
                  { "time": 6.00, "notes": ["warriors_mid11_face_b_drum_kick2_b"] },
                  { "time": 6.27, "notes": ["warriors_mid10_face_b_drum_kick1_b"] },
                  { "time": 6.54, "notes": ["warriors_mid06_face_b_lead_lead4_b", "warriors_mid08_face_b_bass_bass4_b", "warriors_mid10_face_b_drum_kick1_b"] },
                  { "time": 7.09, "notes": ["warriors_mid11_face_b_drum_kick2_b"] },
                  { "time": 7.63, "notes": ["warriors_mid11_face_b_drum_kick2_b"] },
                  { "time": 8.18, "notes": ["warriors_mid12_face_b_fx_vocal2_b"] },
                  { "time": 8.72, "notes": ["warriors_mid01_face_b_lead_lead1_b", "warriors_mid04_face_b_bass_bass1_b", "warriors_mid10_face_b_drum_kick1_b"] },
                  { "time": 9.27, "notes": ["warriors_mid11_face_b_drum_kick2_b"] },
                  { "time": 9.81, "notes": ["warriors_mid11_face_b_drum_kick2_b"] },
                  { "time": 10.36, "notes": ["warriors_mid11_face_b_drum_kick2_b"] },
                  { "time": 10.63, "notes": ["warriors_mid10_face_b_drum_kick1_b"] },
                  { "time": 10.90, "notes": ["warriors_mid02_face_b_lead_lead2_b", "warriors_mid05_face_b_bass_bass2_b", "warriors_mid10_face_b_drum_kick1_b"] },
                  { "time": 11.45, "notes": ["warriors_mid11_face_b_drum_kick2_b"] },
                  { "time": 12.00, "notes": ["warriors_mid11_face_b_drum_kick2_b"] },
                  { "time": 12.54, "notes": ["warriors_mid10_face_b_drum_kick1_b"] },
                  { "time": 13.09, "notes": ["warriors_mid03_face_b_lead_lead3_b", "warriors_mid07_face_b_bass_bass3_b", "warriors_mid10_face_b_drum_kick1_b"] },
                  { "time": 13.63, "notes": ["warriors_mid11_face_b_drum_kick2_b"] },
                  { "time": 14.18, "notes": ["warriors_mid11_face_b_drum_kick2_b"] },
                  { "time": 14.72, "notes": ["warriors_mid11_face_b_drum_kick2_b"] },
                  { "time": 15.00, "notes": ["warriors_mid10_face_b_drum_kick1_b"] },
                  { "time": 15.27, "notes": ["warriors_mid06_face_b_lead_lead4_b", "warriors_mid08_face_b_bass_bass4_b", "warriors_mid10_face_b_drum_kick1_b"] },
                  { "time": 15.81, "notes": ["warriors_mid11_face_b_drum_kick2_b"] },
                  { "time": 16.36, "notes": ["warriors_mid11_face_b_drum_kick2_b"] },
                  { "time": 16.90, "notes": ["warriors_mid12_face_b_fx_vocal2_b"] }
              ]
          }
]
