[
  {
        "events": [
          { "time": 17.45, "notes": ["warriors_mid10_face_a_drum_kick1_a"] },
          { "time": 19.36, "notes": ["warriors_mid10_face_a_drum_kick1_a"] },
          { "time": 19.63, "notes": ["warriors_mid10_face_a_drum_kick1_a"] },
          { "time": 21.27, "notes": ["warriors_mid10_face_a_drum_kick1_a"] },
          { "time": 21.81, "notes": ["warriors_mid10_face_a_drum_kick1_a"] },
          { "time": 23.72, "notes": ["warriors_mid10_face_a_drum_kick1_a"] },
          { "time": 24.00, "notes": ["warriors_mid10_face_a_drum_kick1_a"] },
          { "time": 26.18, "notes": ["warriors_mid10_face_a_drum_kick1_a"] },
          { "time": 28.09, "notes": ["warriors_mid10_face_a_drum_kick1_a"] },
          { "time": 28.36, "notes": ["warriors_mid10_face_a_drum_kick1_a"] },
          { "time": 30.00, "notes": ["warriors_mid10_face_a_drum_kick1_a"] },
          { "time": 30.54, "notes": ["warriors_mid10_face_a_drum_kick1_a"] },
          { "time": 32.45, "notes": ["warriors_mid10_face_a_drum_kick1_a"] },
          { "time": 32.72, "notes": ["warriors_mid10_face_a_drum_kick1_a"] }
        ]
      },
      {
        "events": [
          { "time": 0.00, "notes": ["warriors_mid01_face_a_lead_lead1_a"] },
          { "time": 2.18, "notes": ["warriors_mid02_face_a_lead_lead2_a"] },
          { "time": 4.36, "notes": ["warriors_mid03_face_a_lead_lead3_a"] },
          { "time": 6.54, "notes": ["warriors_mid06_face_a_lead_lead4_a"] },
          { "time": 8.72, "notes": ["warriors_mid01_face_a_lead_lead1_a"] },
          { "time": 10.90, "notes": ["warriors_mid02_face_a_lead_lead2_a"] },
          { "time": 13.09, "notes": ["warriors_mid03_face_a_lead_lead3_a"] },
          { "time": 15.27, "notes": ["warriors_mid06_face_a_lead_lead4_a"] },
          { "time": 17.45, "notes": ["warriors_mid01_face_a_lead_lead1_a"] },
          { "time": 19.63, "notes": ["warriors_mid02_face_a_lead_lead2_a"] },
          { "time": 21.81, "notes": ["warriors_mid03_face_a_lead_lead3_a"] },
          { "time": 24.00, "notes": ["warriors_mid06_face_a_lead_lead4_a"] },
          { "time": 26.18, "notes": ["warriors_mid01_face_a_lead_lead1_a"] },
          { "time": 28.36, "notes": ["warriors_mid02_face_a_lead_lead2_a"] },
          { "time": 30.54, "notes": ["warriors_mid03_face_a_lead_lead3_a"] },
          { "time": 32.72, "notes": ["warriors_mid06_face_a_lead_lead4_a"] }
        ]
      },
      {
        "events": [
          { "time": 0.00, "notes": ["warriors_mid04_face_a_bass_bass1_a"] },
          { "time": 2.18, "notes": ["warriors_mid05_face_a_bass_bass2_a"] },
          { "time": 4.36, "notes": ["warriors_mid07_face_a_bass_bass3_a"] },
          { "time": 6.54, "notes": ["warriors_mid08_face_a_bass_bass4_a"] },
          { "time": 8.72, "notes": ["warriors_mid04_face_a_bass_bass1_a"] },
          { "time": 10.90, "notes": ["warriors_mid05_face_a_bass_bass2_a"] },
          { "time": 13.09, "notes": ["warriors_mid07_face_a_bass_bass3_a"] },
          { "time": 15.27, "notes": ["warriors_mid08_face_a_bass_bass4_a"] },
          { "time": 17.45, "notes": ["warriors_mid04_face_a_bass_bass1_a"] },
          { "time": 19.63, "notes": ["warriors_mid05_face_a_bass_bass2_a"] },
          { "time": 21.81, "notes": ["warriors_mid07_face_a_bass_bass3_a"] },
          { "time": 24.00, "notes": ["warriors_mid08_face_a_bass_bass4_a"] },
          { "time": 26.18, "notes": ["warriors_mid04_face_a_bass_bass1_a"] },
          { "time": 28.36, "notes": ["warriors_mid05_face_a_bass_bass2_a"] },
          { "time": 30.54, "notes": ["warriors_mid07_face_a_bass_bass3_a"] },
          { "time": 32.72, "notes": ["warriors_mid08_face_a_bass_bass4_a"] }
        ]
      },
      {
        "events": [
          { "time": 17.45, "notes": ["warriors_mid04_face_a_bass_bass1_a", "warriors_mid10_face_a_drum_kick1_a"] },
          { "time": 19.36, "notes": ["warriors_mid10_face_a_drum_kick1_a"] },
          { "time": 19.63, "notes": ["warriors_mid05_face_a_bass_bass2_a", "warriors_mid10_face_a_drum_kick1_a"] },
          { "time": 21.27, "notes": ["warriors_mid10_face_a_drum_kick1_a"] },
          { "time": 21.81, "notes": ["warriors_mid07_face_a_bass_bass3_a", "warriors_mid10_face_a_drum_kick1_a"] },
          { "time": 23.72, "notes": ["warriors_mid10_face_a_drum_kick1_a"] },
          { "time": 24.00, "notes": ["warriors_mid08_face_a_bass_bass4_a", "warriors_mid10_face_a_drum_kick1_a"] },
          { "time": 26.18, "notes": ["warriors_mid04_face_a_bass_bass1_a", "warriors_mid10_face_a_drum_kick1_a"] },
          { "time": 28.09, "notes": ["warriors_mid10_face_a_drum_kick1_a"] },
          { "time": 28.36, "notes": ["warriors_mid05_face_a_bass_bass2_a", "warriors_mid10_face_a_drum_kick1_a"] },
          { "time": 30.00, "notes": ["warriors_mid10_face_a_drum_kick1_a"] },
          { "time": 30.54, "notes": ["warriors_mid07_face_a_bass_bass3_a", "warriors_mid10_face_a_drum_kick1_a"] },
          { "time": 32.45, "notes": ["warriors_mid10_face_a_drum_kick1_a"] },
          { "time": 32.72, "notes": ["warriors_mid08_face_a_bass_bass4_a", "warriors_mid10_face_a_drum_kick1_a"] }
        ]
      },
      {
        "events": [
          { "time": 17.45, "notes": ["warriors_mid01_face_a_lead_lead1_a", "warriors_mid10_face_a_drum_kick1_a"] },
          { "time": 19.36, "notes": ["warriors_mid10_face_a_drum_kick1_a"] },
          { "time": 19.63, "notes": ["warriors_mid02_face_a_lead_lead2_a", "warriors_mid10_face_a_drum_kick1_a"] },
          { "time": 21.27, "notes": ["warriors_mid10_face_a_drum_kick1_a"] },
          { "time": 21.81, "notes": ["warriors_mid03_face_a_lead_lead3_a", "warriors_mid10_face_a_drum_kick1_a"] },
          { "time": 23.72, "notes": ["warriors_mid10_face_a_drum_kick1_a"] },
          { "time": 24.00, "notes": ["warriors_mid06_face_a_lead_lead4_a", "warriors_mid10_face_a_drum_kick1_a"] },
          { "time": 26.18, "notes": ["warriors_mid01_face_a_lead_lead1_a", "warriors_mid10_face_a_drum_kick1_a"] },
          { "time": 28.09, "notes": ["warriors_mid10_face_a_drum_kick1_a"] },
          { "time": 28.36, "notes": ["warriors_mid02_face_a_lead_lead2_a", "warriors_mid10_face_a_drum_kick1_a"] },
          { "time": 30.00, "notes": ["warriors_mid10_face_a_drum_kick1_a"] },
          { "time": 30.54, "notes": ["warriors_mid03_face_a_lead_lead3_a", "warriors_mid10_face_a_drum_kick1_a"] },
          { "time": 32.45, "notes": ["warriors_mid10_face_a_drum_kick1_a"] },
          { "time": 32.72, "notes": ["warriors_mid06_face_a_lead_lead4_a", "warriors_mid10_face_a_drum_kick1_a"] }
        ]
      },
      {
        "events": [
          { "time": 0.00, "notes": ["warriors_mid01_face_a_lead_lead1_a", "warriors_mid04_face_a_bass_bass1_a"] },
          { "time": 2.18, "notes": ["warriors_mid02_face_a_lead_lead2_a", "warriors_mid05_face_a_bass_bass2_a"] },
          { "time": 4.36, "notes": ["warriors_mid03_face_a_lead_lead3_a", "warriors_mid07_face_a_bass_bass3_a"] },
          { "time": 6.54, "notes": ["warriors_mid06_face_a_lead_lead4_a", "warriors_mid08_face_a_bass_bass4_a"] },
          { "time": 8.72, "notes": ["warriors_mid01_face_a_lead_lead1_a", "warriors_mid04_face_a_bass_bass1_a"] },
          { "time": 10.90, "notes": ["warriors_mid02_face_a_lead_lead2_a", "warriors_mid05_face_a_bass_bass2_a"] },
          { "time": 13.09, "notes": ["warriors_mid03_face_a_lead_lead3_a", "warriors_mid07_face_a_bass_bass3_a"] },
          { "time": 15.27, "notes": ["warriors_mid06_face_a_lead_lead4_a", "warriors_mid08_face_a_bass_bass4_a"] },
          { "time": 17.45, "notes": ["warriors_mid01_face_a_lead_lead1_a", "warriors_mid04_face_a_bass_bass1_a"] },
          { "time": 19.63, "notes": ["warriors_mid02_face_a_lead_lead2_a", "warriors_mid05_face_a_bass_bass2_a"] },
          { "time": 21.81, "notes": ["warriors_mid03_face_a_lead_lead3_a", "warriors_mid07_face_a_bass_bass3_a"] },
          { "time": 24.00, "notes": ["warriors_mid06_face_a_lead_lead4_a", "warriors_mid08_face_a_bass_bass4_a"] },
          { "time": 26.18, "notes": ["warriors_mid01_face_a_lead_lead1_a", "warriors_mid04_face_a_bass_bass1_a"] },
          { "time": 28.36, "notes": ["warriors_mid02_face_a_lead_lead2_a", "warriors_mid05_face_a_bass_bass2_a"] },
          { "time": 30.54, "notes": ["warriors_mid03_face_a_lead_lead3_a", "warriors_mid07_face_a_bass_bass3_a"] },
          { "time": 32.72, "notes": ["warriors_mid06_face_a_lead_lead4_a", "warriors_mid08_face_a_bass_bass4_a"] }
        ]
      },
      {
        "events": [
          { "time": 0.00, "notes": ["warriors_mid01_face_a_lead_lead1_a", "warriors_mid04_face_a_bass_bass1_a", "warriors_mid09_face_a_fx_vocal1_a"] },
          { "time": 2.18, "notes": ["warriors_mid02_face_a_lead_lead2_a", "warriors_mid05_face_a_bass_bass2_a"] },
          { "time": 4.36, "notes": ["warriors_mid03_face_a_lead_lead3_a", "warriors_mid07_face_a_bass_bass3_a"] },
          { "time": 6.54, "notes": ["warriors_mid06_face_a_lead_lead4_a", "warriors_mid08_face_a_bass_bass4_a"] },
          { "time": 8.72, "notes": ["warriors_mid01_face_a_lead_lead1_a", "warriors_mid04_face_a_bass_bass1_a"] },
          { "time": 10.90, "notes": ["warriors_mid02_face_a_lead_lead2_a", "warriors_mid05_face_a_bass_bass2_a"] },
          { "time": 13.09, "notes": ["warriors_mid03_face_a_lead_lead3_a", "warriors_mid07_face_a_bass_bass3_a"] },
          { "time": 15.27, "notes": ["warriors_mid06_face_a_lead_lead4_a", "warriors_mid08_face_a_bass_bass4_a"] },
          { "time": 17.45, "notes": ["warriors_mid01_face_a_lead_lead1_a", "warriors_mid04_face_a_bass_bass1_a", "warriors_mid09_face_a_fx_vocal1_a", "warriors_mid10_face_a_drum_kick1_a"] },
          { "time": 19.36, "notes": ["warriors_mid10_face_a_drum_kick1_a"] },
          { "time": 19.63, "notes": ["warriors_mid02_face_a_lead_lead2_a", "warriors_mid05_face_a_bass_bass2_a", "warriors_mid10_face_a_drum_kick1_a"] },
          { "time": 21.27, "notes": ["warriors_mid10_face_a_drum_kick1_a"] },
          { "time": 21.81, "notes": ["warriors_mid03_face_a_lead_lead3_a", "warriors_mid07_face_a_bass_bass3_a", "warriors_mid10_face_a_drum_kick1_a"] },
          { "time": 23.72, "notes": ["warriors_mid10_face_a_drum_kick1_a"] },
          { "time": 24.00, "notes": ["warriors_mid06_face_a_lead_lead4_a", "warriors_mid08_face_a_bass_bass4_a", "warriors_mid10_face_a_drum_kick1_a"] },
          { "time": 25.63, "notes": ["warriors_mid12_face_a_fx_vocal2_a"] },
          { "time": 26.18, "notes": ["warriors_mid01_face_a_lead_lead1_a", "warriors_mid04_face_a_bass_bass1_a", "warriors_mid10_face_a_drum_kick1_a"] },
          { "time": 28.09, "notes": ["warriors_mid10_face_a_drum_kick1_a"] },
          { "time": 28.36, "notes": ["warriors_mid02_face_a_lead_lead2_a", "warriors_mid05_face_a_bass_bass2_a", "warriors_mid10_face_a_drum_kick1_a"] },
          { "time": 30.00, "notes": ["warriors_mid10_face_a_drum_kick1_a"] },
          { "time": 30.54, "notes": ["warriors_mid03_face_a_lead_lead3_a", "warriors_mid07_face_a_bass_bass3_a", "warriors_mid10_face_a_drum_kick1_a"] },
          { "time": 32.45, "notes": ["warriors_mid10_face_a_drum_kick1_a"] },
          { "time": 32.72, "notes": ["warriors_mid06_face_a_lead_lead4_a", "warriors_mid08_face_a_bass_bass4_a", "warriors_mid10_face_a_drum_kick1_a"] },
          { "time": 34.36, "notes": ["warriors_mid12_face_a_fx_vocal2_a"] }
        ]
      }
]