[
    {
      "events": [
        { "time": 0.00, "notes": ["hope_mid01_face_b_lead_lead1_b"] },
        { "time": 1.87, "notes": ["hope_mid02_face_b_lead_lead2_b"] },
        { "time": 3.75, "notes": ["hope_mid01_face_b_lead_lead1_b"] },
        { "time": 5.62, "notes": ["hope_mid02_face_b_lead_lead2_b"] },
        { "time": 7.50, "notes": ["hope_mid01_face_b_lead_lead1_b"] },
        { "time": 9.37, "notes": ["hope_mid02_face_b_lead_lead2_b"] },
        { "time": 11.25, "notes": ["hope_mid01_face_b_lead_lead1_b"] },
        { "time": 12.89, "notes": ["hope_mid03_face_b_lead_lead3_b"] },
        { "time": 15.00, "notes": ["hope_mid04_face_b_lead_lead4_b"] },
        { "time": 18.75, "notes": ["hope_mid05_face_b_lead_lead5_b"] },
        { "time": 22.50, "notes": ["hope_mid04_face_b_lead_lead4_b"] },
        { "time": 26.25, "notes": ["hope_mid06_face_b_lead_lead6_b"] }
      ]
    }
]
