[
    {
        "events": [
            { "time": 0.0, "notes": ["Hope_mid08_face_a_drum_a"] },
            { "time": 3.2, "notes": ["Hope_mid07_face_a_drum_a"] },
            { "time": 6.3, "notes": ["Hope_mid04_face_a_drum_a"] },
            { "time": 9.5, "notes": ["Hope_mid06_face_a_drum_a"] },
            { "time": 12.7, "notes": ["Hope_mid03_face_a_drum_a"] },
            { "time": 15.8, "notes": ["Hope_mid12_face_a_drum_a"] },
            { "time": 19.0, "notes": ["Hope_mid02_face_a_lead_a"] },
            { "time": 22.2, "notes": ["Hope_mid10_face_a_lead_a"] },
            { "time": 25.3, "notes": ["Hope_mid01_face_a_drum_a"] },
            { "time": 28.5, "notes": ["Hope_mid11_face_a_lead_a"] },
            { "time": 31.6, "notes": ["Hope_mid09_face_a_drum_a"] },
            { "time": 34.8, "notes": ["Hope_mid05_face_a_drum_a"] }
        ]
    }
]
