[
    {
      "events": [
        { "time": 15.00, "notes": ["hope_mid10_face_b_drum_kick_b", "hope_mid12_face_b_drum_clap_b"] },
        { "time": 15.46, "notes": ["hope_mid10_face_b_drum_kick_b", "hope_mid11_face_b_drum_snare_b", "hope_mid12_face_b_drum_clap_b"] },
        { "time": 15.93, "notes": ["hope_mid10_face_b_drum_kick_b", "hope_mid12_face_b_drum_clap_b"] },
        { "time": 16.40, "notes": ["hope_mid10_face_b_drum_kick_b", "hope_mid11_face_b_drum_snare_b", "hope_mid12_face_b_drum_clap_b"] },
        { "time": 16.87, "notes": ["hope_mid10_face_b_drum_kick_b", "hope_mid12_face_b_drum_clap_b"] },
        { "time": 17.34, "notes": ["hope_mid10_face_b_drum_kick_b", "hope_mid11_face_b_drum_snare_b", "hope_mid12_face_b_drum_clap_b"] },
        { "time": 17.81, "notes": ["hope_mid10_face_b_drum_kick_b", "hope_mid12_face_b_drum_clap_b"] },
        { "time": 18.28, "notes": ["hope_mid10_face_b_drum_kick_b", "hope_mid11_face_b_drum_snare_b", "hope_mid12_face_b_drum_clap_b"] },
        { "time": 18.75, "notes": ["hope_mid10_face_b_drum_kick_b", "hope_mid12_face_b_drum_clap_b"] },
        { "time": 19.21, "notes": ["hope_mid10_face_b_drum_kick_b", "hope_mid11_face_b_drum_snare_b", "hope_mid12_face_b_drum_clap_b"] },
        { "time": 19.68, "notes": ["hope_mid10_face_b_drum_kick_b", "hope_mid12_face_b_drum_clap_b"] },
        { "time": 20.15, "notes": ["hope_mid10_face_b_drum_kick_b", "hope_mid11_face_b_drum_snare_b", "hope_mid12_face_b_drum_clap_b"] },
        { "time": 20.62, "notes": ["hope_mid10_face_b_drum_kick_b", "hope_mid12_face_b_drum_clap_b"] },
        { "time": 21.09, "notes": ["hope_mid10_face_b_drum_kick_b", "hope_mid11_face_b_drum_snare_b", "hope_mid12_face_b_drum_clap_b"] },
        { "time": 21.56, "notes": ["hope_mid10_face_b_drum_kick_b", "hope_mid12_face_b_drum_clap_b"] },
        { "time": 22.03, "notes": ["hope_mid10_face_b_drum_kick_b", "hope_mid11_face_b_drum_snare_b", "hope_mid12_face_b_drum_clap_b"] },
        { "time": 22.50, "notes": ["hope_mid10_face_b_drum_kick_b", "hope_mid12_face_b_drum_clap_b"] },
        { "time": 22.96, "notes": ["hope_mid10_face_b_drum_kick_b", "hope_mid11_face_b_drum_snare_b", "hope_mid12_face_b_drum_clap_b"] },
        { "time": 23.43, "notes": ["hope_mid10_face_b_drum_kick_b", "hope_mid12_face_b_drum_clap_b"] },
        { "time": 23.90, "notes": ["hope_mid10_face_b_drum_kick_b", "hope_mid11_face_b_drum_snare_b", "hope_mid12_face_b_drum_clap_b"] },
        { "time": 24.37, "notes": ["hope_mid10_face_b_drum_kick_b", "hope_mid12_face_b_drum_clap_b"] },
        { "time": 24.84, "notes": ["hope_mid10_face_b_drum_kick_b", "hope_mid11_face_b_drum_snare_b", "hope_mid12_face_b_drum_clap_b"] },
        { "time": 25.31, "notes": ["hope_mid10_face_b_drum_kick_b", "hope_mid12_face_b_drum_clap_b"] },
        { "time": 25.78, "notes": ["hope_mid10_face_b_drum_kick_b", "hope_mid11_face_b_drum_snare_b", "hope_mid12_face_b_drum_clap_b"] },
        { "time": 26.25, "notes": ["hope_mid10_face_b_drum_kick_b", "hope_mid12_face_b_drum_clap_b"] },
        { "time": 26.71, "notes": ["hope_mid10_face_b_drum_kick_b", "hope_mid11_face_b_drum_snare_b", "hope_mid12_face_b_drum_clap_b"] },
        { "time": 27.18, "notes": ["hope_mid10_face_b_drum_kick_b", "hope_mid12_face_b_drum_clap_b"] },
        { "time": 27.65, "notes": ["hope_mid10_face_b_drum_kick_b", "hope_mid11_face_b_drum_snare_b", "hope_mid12_face_b_drum_clap_b"] },
        { "time": 28.12, "notes": ["hope_mid10_face_b_drum_kick_b", "hope_mid12_face_b_drum_clap_b"] },
        { "time": 28.59, "notes": ["hope_mid10_face_b_drum_kick_b", "hope_mid11_face_b_drum_snare_b", "hope_mid12_face_b_drum_clap_b"] }
      ]
    },
    {
      "events": [
        { "time": 0.00, "notes": ["hope_mid01_face_b_lead_lead1_b"] },
        { "time": 1.87, "notes": ["hope_mid02_face_b_lead_lead2_b"] },
        { "time": 3.75, "notes": ["hope_mid01_face_b_lead_lead1_b"] },
        { "time": 5.62, "notes": ["hope_mid02_face_b_lead_lead2_b"] },
        { "time": 7.50, "notes": ["hope_mid01_face_b_lead_lead1_b"] },
        { "time": 9.37, "notes": ["hope_mid02_face_b_lead_lead2_b"] },
        { "time": 11.25, "notes": ["hope_mid01_face_b_lead_lead1_b"] },
        { "time": 12.89, "notes": ["hope_mid03_face_b_lead_lead3_b"] },
        { "time": 15.00, "notes": ["hope_mid04_face_b_lead_lead4_b"] },
        { "time": 18.75, "notes": ["hope_mid05_face_b_lead_lead5_b"] },
        { "time": 22.50, "notes": ["hope_mid04_face_b_lead_lead4_b"] },
        { "time": 26.25, "notes": ["hope_mid06_face_b_lead_lead6_b"] }
      ]
    },
    {
      "events": [
        { "time": 15.00, "notes": ["hope_mid07_face_b_bass_bass1_b"] },
        { "time": 18.75, "notes": ["hope_mid08_face_b_bass_bass2_b"] },
        { "time": 22.50, "notes": ["hope_mid07_face_b_bass_bass1_b"] },
        { "time": 26.25, "notes": ["hope_mid08_face_b_bass_bass2_b"] }
      ]
    },
    {
      "events": [
        { "time": 15.00, "notes": ["hope_mid07_face_b_bass_bass1_b", "hope_mid10_face_b_drum_kick_b", "hope_mid12_face_b_drum_clap_b"] },
        { "time": 15.46, "notes": ["hope_mid10_face_b_drum_kick_b", "hope_mid11_face_b_drum_snare_b", "hope_mid12_face_b_drum_clap_b"] },
        { "time": 15.93, "notes": ["hope_mid10_face_b_drum_kick_b", "hope_mid12_face_b_drum_clap_b"] },
        { "time": 16.40, "notes": ["hope_mid10_face_b_drum_kick_b", "hope_mid11_face_b_drum_snare_b", "hope_mid12_face_b_drum_clap_b"] },
        { "time": 16.87, "notes": ["hope_mid10_face_b_drum_kick_b", "hope_mid12_face_b_drum_clap_b"] },
        { "time": 17.34, "notes": ["hope_mid10_face_b_drum_kick_b", "hope_mid11_face_b_drum_snare_b", "hope_mid12_face_b_drum_clap_b"] },
        { "time": 17.81, "notes": ["hope_mid10_face_b_drum_kick_b", "hope_mid12_face_b_drum_clap_b"] },
        { "time": 18.28, "notes": ["hope_mid10_face_b_drum_kick_b", "hope_mid11_face_b_drum_snare_b", "hope_mid12_face_b_drum_clap_b"] },
        { "time": 18.75, "notes": ["hope_mid08_face_b_bass_bass2_b", "hope_mid10_face_b_drum_kick_b", "hope_mid12_face_b_drum_clap_b"] },
        { "time": 19.21, "notes": ["hope_mid10_face_b_drum_kick_b", "hope_mid11_face_b_drum_snare_b", "hope_mid12_face_b_drum_clap_b"] },
        { "time": 19.68, "notes": ["hope_mid10_face_b_drum_kick_b", "hope_mid12_face_b_drum_clap_b"] },
        { "time": 20.15, "notes": ["hope_mid10_face_b_drum_kick_b", "hope_mid11_face_b_drum_snare_b", "hope_mid12_face_b_drum_clap_b"] },
        { "time": 20.62, "notes": ["hope_mid10_face_b_drum_kick_b", "hope_mid12_face_b_drum_clap_b"] },
        { "time": 21.09, "notes": ["hope_mid10_face_b_drum_kick_b", "hope_mid11_face_b_drum_snare_b", "hope_mid12_face_b_drum_clap_b"] },
        { "time": 21.56, "notes": ["hope_mid10_face_b_drum_kick_b", "hope_mid12_face_b_drum_clap_b"] },
        { "time": 22.03, "notes": ["hope_mid10_face_b_drum_kick_b", "hope_mid11_face_b_drum_snare_b", "hope_mid12_face_b_drum_clap_b"] },
        { "time": 22.50, "notes": ["hope_mid07_face_b_bass_bass1_b", "hope_mid10_face_b_drum_kick_b", "hope_mid12_face_b_drum_clap_b"] },
        { "time": 22.96, "notes": ["hope_mid10_face_b_drum_kick_b", "hope_mid11_face_b_drum_snare_b", "hope_mid12_face_b_drum_clap_b"] },
        { "time": 23.43, "notes": ["hope_mid10_face_b_drum_kick_b", "hope_mid12_face_b_drum_clap_b"] },
        { "time": 23.90, "notes": ["hope_mid10_face_b_drum_kick_b", "hope_mid11_face_b_drum_snare_b", "hope_mid12_face_b_drum_clap_b"] },
        { "time": 24.37, "notes": ["hope_mid10_face_b_drum_kick_b", "hope_mid12_face_b_drum_clap_b"] },
        { "time": 24.84, "notes": ["hope_mid10_face_b_drum_kick_b", "hope_mid11_face_b_drum_snare_b", "hope_mid12_face_b_drum_clap_b"] },
        { "time": 25.31, "notes": ["hope_mid10_face_b_drum_kick_b", "hope_mid12_face_b_drum_clap_b"] },
        { "time": 25.78, "notes": ["hope_mid10_face_b_drum_kick_b", "hope_mid11_face_b_drum_snare_b", "hope_mid12_face_b_drum_clap_b"] },
        { "time": 26.25, "notes": ["hope_mid08_face_b_bass_bass2_b", "hope_mid10_face_b_drum_kick_b", "hope_mid12_face_b_drum_clap_b"] },
        { "time": 26.71, "notes": ["hope_mid10_face_b_drum_kick_b", "hope_mid11_face_b_drum_snare_b", "hope_mid12_face_b_drum_clap_b"] },
        { "time": 27.18, "notes": ["hope_mid10_face_b_drum_kick_b", "hope_mid12_face_b_drum_clap_b"] },
        { "time": 27.65, "notes": ["hope_mid10_face_b_drum_kick_b", "hope_mid11_face_b_drum_snare_b", "hope_mid12_face_b_drum_clap_b"] },
        { "time": 28.12, "notes": ["hope_mid10_face_b_drum_kick_b", "hope_mid12_face_b_drum_clap_b"] },
        { "time": 28.59, "notes": ["hope_mid10_face_b_drum_kick_b", "hope_mid11_face_b_drum_snare_b", "hope_mid12_face_b_drum_clap_b"] }
      ]
    },
    {
      "events": [
        { "time": 0.00, "notes": ["hope_mid01_face_b_lead_lead1_b"] },
        { "time": 1.87, "notes": ["hope_mid02_face_b_lead_lead2_b"] },
        { "time": 3.75, "notes": ["hope_mid01_face_b_lead_lead1_b"] },
        { "time": 5.62, "notes": ["hope_mid02_face_b_lead_lead2_b"] },
        { "time": 7.50, "notes": ["hope_mid01_face_b_lead_lead1_b"] },
        { "time": 9.37, "notes": ["hope_mid02_face_b_lead_lead2_b"] },
        { "time": 11.25, "notes": ["hope_mid01_face_b_lead_lead1_b"] },
        { "time": 12.89, "notes": ["hope_mid03_face_b_lead_lead3_b"] },
        { "time": 15.00, "notes": ["hope_mid04_face_b_lead_lead4_b", "hope_mid10_face_b_drum_kick_b", "hope_mid12_face_b_drum_clap_b"] },
        { "time": 15.46, "notes": ["hope_mid10_face_b_drum_kick_b", "hope_mid11_face_b_drum_snare_b", "hope_mid12_face_b_drum_clap_b"] },
        { "time": 15.93, "notes": ["hope_mid10_face_b_drum_kick_b", "hope_mid12_face_b_drum_clap_b"] },
        { "time": 16.40, "notes": ["hope_mid10_face_b_drum_kick_b", "hope_mid11_face_b_drum_snare_b", "hope_mid12_face_b_drum_clap_b"] },
        { "time": 16.87, "notes": ["hope_mid10_face_b_drum_kick_b", "hope_mid12_face_b_drum_clap_b"] },
        { "time": 17.34, "notes": ["hope_mid10_face_b_drum_kick_b", "hope_mid11_face_b_drum_snare_b", "hope_mid12_face_b_drum_clap_b"] },
        { "time": 17.81, "notes": ["hope_mid10_face_b_drum_kick_b", "hope_mid12_face_b_drum_clap_b"] },
        { "time": 18.28, "notes": ["hope_mid10_face_b_drum_kick_b", "hope_mid11_face_b_drum_snare_b", "hope_mid12_face_b_drum_clap_b"] },
        { "time": 18.75, "notes": ["hope_mid05_face_b_lead_lead5_b", "hope_mid10_face_b_drum_kick_b", "hope_mid12_face_b_drum_clap_b"] },
        { "time": 19.21, "notes": ["hope_mid10_face_b_drum_kick_b", "hope_mid11_face_b_drum_snare_b", "hope_mid12_face_b_drum_clap_b"] },
        { "time": 19.68, "notes": ["hope_mid10_face_b_drum_kick_b", "hope_mid12_face_b_drum_clap_b"] },
        { "time": 20.15, "notes": ["hope_mid10_face_b_drum_kick_b", "hope_mid11_face_b_drum_snare_b", "hope_mid12_face_b_drum_clap_b"] },
        { "time": 20.62, "notes": ["hope_mid10_face_b_drum_kick_b", "hope_mid12_face_b_drum_clap_b"] },
        { "time": 21.09, "notes": ["hope_mid10_face_b_drum_kick_b", "hope_mid11_face_b_drum_snare_b", "hope_mid12_face_b_drum_clap_b"] },
        { "time": 21.56, "notes": ["hope_mid10_face_b_drum_kick_b", "hope_mid12_face_b_drum_clap_b"] },
        { "time": 22.03, "notes": ["hope_mid10_face_b_drum_kick_b", "hope_mid11_face_b_drum_snare_b", "hope_mid12_face_b_drum_clap_b"] },
        { "time": 22.50, "notes": ["hope_mid04_face_b_lead_lead4_b", "hope_mid10_face_b_drum_kick_b", "hope_mid12_face_b_drum_clap_b"] },
        { "time": 22.96, "notes": ["hope_mid10_face_b_drum_kick_b", "hope_mid11_face_b_drum_snare_b", "hope_mid12_face_b_drum_clap_b"] },
        { "time": 23.43, "notes": ["hope_mid10_face_b_drum_kick_b", "hope_mid12_face_b_drum_clap_b"] },
        { "time": 23.90, "notes": ["hope_mid10_face_b_drum_kick_b", "hope_mid11_face_b_drum_snare_b", "hope_mid12_face_b_drum_clap_b"] },
        { "time": 24.37, "notes": ["hope_mid10_face_b_drum_kick_b", "hope_mid12_face_b_drum_clap_b"] },
        { "time": 24.84, "notes": ["hope_mid10_face_b_drum_kick_b", "hope_mid11_face_b_drum_snare_b", "hope_mid12_face_b_drum_clap_b"] },
        { "time": 25.31, "notes": ["hope_mid10_face_b_drum_kick_b", "hope_mid12_face_b_drum_clap_b"] },
        { "time": 25.78, "notes": ["hope_mid10_face_b_drum_kick_b", "hope_mid11_face_b_drum_snare_b", "hope_mid12_face_b_drum_clap_b"] },
        { "time": 26.25, "notes": ["hope_mid06_face_b_lead_lead6_b", "hope_mid10_face_b_drum_kick_b", "hope_mid12_face_b_drum_clap_b"] },
        { "time": 26.71, "notes": ["hope_mid10_face_b_drum_kick_b", "hope_mid11_face_b_drum_snare_b", "hope_mid12_face_b_drum_clap_b"] },
        { "time": 27.18, "notes": ["hope_mid10_face_b_drum_kick_b", "hope_mid12_face_b_drum_clap_b"] },
        { "time": 27.65, "notes": ["hope_mid10_face_b_drum_kick_b", "hope_mid11_face_b_drum_snare_b", "hope_mid12_face_b_drum_clap_b"] },
        { "time": 28.12, "notes": ["hope_mid10_face_b_drum_kick_b", "hope_mid12_face_b_drum_clap_b"] },
        { "time": 28.59, "notes": ["hope_mid10_face_b_drum_kick_b", "hope_mid11_face_b_drum_snare_b", "hope_mid12_face_b_drum_clap_b"] }
      ]
    },
    {
      "events": [
        { "time": 0.00, "notes": ["hope_mid01_face_b_lead_lead1_b"] },
        { "time": 1.87, "notes": ["hope_mid02_face_b_lead_lead2_b"] },
        { "time": 3.75, "notes": ["hope_mid01_face_b_lead_lead1_b"] },
        { "time": 5.62, "notes": ["hope_mid02_face_b_lead_lead2_b"] },
        { "time": 7.50, "notes": ["hope_mid01_face_b_lead_lead1_b"] },
        { "time": 9.37, "notes": ["hope_mid02_face_b_lead_lead2_b"] },
        { "time": 11.25, "notes": ["hope_mid01_face_b_lead_lead1_b"] },
        { "time": 12.89, "notes": ["hope_mid03_face_b_lead_lead3_b"] },
        { "time": 15.00, "notes": ["hope_mid04_face_b_lead_lead4_b", "hope_mid07_face_b_bass_bass1_b"] },
        { "time": 18.75, "notes": ["hope_mid05_face_b_lead_lead5_b", "hope_mid08_face_b_bass_bass2_b"] },
        { "time": 22.50, "notes": ["hope_mid04_face_b_lead_lead4_b", "hope_mid07_face_b_bass_bass1_b"] },
        { "time": 26.25, "notes": ["hope_mid06_face_b_lead_lead6_b", "hope_mid08_face_b_bass_bass2_b"] }
      ]
    },
    {
      "events": [
        { "time": 0.00, "notes": ["hope_mid01_face_b_lead_lead1_b"] },
        { "time": 1.87, "notes": ["hope_mid02_face_b_lead_lead2_b"] },
        { "time": 3.75, "notes": ["hope_mid01_face_b_lead_lead1_b"] },
        { "time": 5.62, "notes": ["hope_mid02_face_b_lead_lead2_b"] },
        { "time": 7.50, "notes": ["hope_mid01_face_b_lead_lead1_b"] },
        { "time": 9.37, "notes": ["hope_mid02_face_b_lead_lead2_b"] },
        { "time": 11.25, "notes": ["hope_mid01_face_b_lead_lead1_b"] },
        { "time": 12.89, "notes": ["hope_mid03_face_b_lead_lead3_b"] },
        { "time": 15.00, "notes": ["hope_mid04_face_b_lead_lead4_b", "hope_mid07_face_b_bass_bass1_b", "hope_mid10_face_b_drum_kick_b", "hope_mid12_face_b_drum_clap_b"] },
        { "time": 15.46, "notes": ["hope_mid10_face_b_drum_kick_b", "hope_mid11_face_b_drum_snare_b", "hope_mid12_face_b_drum_clap_b"] },
        { "time": 15.93, "notes": ["hope_mid10_face_b_drum_kick_b", "hope_mid12_face_b_drum_clap_b"] },
        { "time": 16.40, "notes": ["hope_mid10_face_b_drum_kick_b", "hope_mid11_face_b_drum_snare_b", "hope_mid12_face_b_drum_clap_b"] },
        { "time": 16.87, "notes": ["hope_mid10_face_b_drum_kick_b", "hope_mid12_face_b_drum_clap_b"] },
        { "time": 17.34, "notes": ["hope_mid10_face_b_drum_kick_b", "hope_mid11_face_b_drum_snare_b", "hope_mid12_face_b_drum_clap_b"] },
        { "time": 17.81, "notes": ["hope_mid10_face_b_drum_kick_b", "hope_mid12_face_b_drum_clap_b"] },
        { "time": 18.28, "notes": ["hope_mid10_face_b_drum_kick_b", "hope_mid11_face_b_drum_snare_b", "hope_mid12_face_b_drum_clap_b"] },
        { "time": 18.75, "notes": ["hope_mid05_face_b_lead_lead5_b", "hope_mid08_face_b_bass_bass2_b", "hope_mid10_face_b_drum_kick_b", "hope_mid12_face_b_drum_clap_b"] },
        { "time": 19.21, "notes": ["hope_mid10_face_b_drum_kick_b", "hope_mid11_face_b_drum_snare_b", "hope_mid12_face_b_drum_clap_b"] },
        { "time": 19.68, "notes": ["hope_mid10_face_b_drum_kick_b", "hope_mid12_face_b_drum_clap_b"] },
        { "time": 20.15, "notes": ["hope_mid10_face_b_drum_kick_b", "hope_mid11_face_b_drum_snare_b", "hope_mid12_face_b_drum_clap_b"] },
        { "time": 20.62, "notes": ["hope_mid10_face_b_drum_kick_b", "hope_mid12_face_b_drum_clap_b"] },
        { "time": 21.09, "notes": ["hope_mid10_face_b_drum_kick_b", "hope_mid11_face_b_drum_snare_b", "hope_mid12_face_b_drum_clap_b"] },
        { "time": 21.56, "notes": ["hope_mid10_face_b_drum_kick_b", "hope_mid12_face_b_drum_clap_b"] },
        { "time": 22.03, "notes": ["hope_mid10_face_b_drum_kick_b", "hope_mid11_face_b_drum_snare_b", "hope_mid12_face_b_drum_clap_b"] },
        { "time": 22.50, "notes": ["hope_mid04_face_b_lead_lead4_b", "hope_mid07_face_b_bass_bass1_b", "hope_mid10_face_b_drum_kick_b", "hope_mid12_face_b_drum_clap_b"] },
        { "time": 22.96, "notes": ["hope_mid10_face_b_drum_kick_b", "hope_mid11_face_b_drum_snare_b", "hope_mid12_face_b_drum_clap_b"] },
        { "time": 23.43, "notes": ["hope_mid10_face_b_drum_kick_b", "hope_mid12_face_b_drum_clap_b"] },
        { "time": 23.90, "notes": ["hope_mid10_face_b_drum_kick_b", "hope_mid11_face_b_drum_snare_b", "hope_mid12_face_b_drum_clap_b"] },
        { "time": 24.37, "notes": ["hope_mid10_face_b_drum_kick_b", "hope_mid12_face_b_drum_clap_b"] },
        { "time": 24.84, "notes": ["hope_mid10_face_b_drum_kick_b", "hope_mid11_face_b_drum_snare_b", "hope_mid12_face_b_drum_clap_b"] },
        { "time": 25.31, "notes": ["hope_mid10_face_b_drum_kick_b", "hope_mid12_face_b_drum_clap_b"] },
        { "time": 25.78, "notes": ["hope_mid10_face_b_drum_kick_b", "hope_mid11_face_b_drum_snare_b", "hope_mid12_face_b_drum_clap_b"] },
        { "time": 26.25, "notes": ["hope_mid06_face_b_lead_lead6_b", "hope_mid08_face_b_bass_bass2_b", "hope_mid10_face_b_drum_kick_b", "hope_mid12_face_b_drum_clap_b"] },
        { "time": 26.71, "notes": ["hope_mid10_face_b_drum_kick_b", "hope_mid11_face_b_drum_snare_b", "hope_mid12_face_b_drum_clap_b"] },
        { "time": 27.18, "notes": ["hope_mid10_face_b_drum_kick_b", "hope_mid12_face_b_drum_clap_b"] },
        { "time": 27.65, "notes": ["hope_mid10_face_b_drum_kick_b", "hope_mid11_face_b_drum_snare_b", "hope_mid12_face_b_drum_clap_b"] },
        { "time": 28.12, "notes": ["hope_mid10_face_b_drum_kick_b", "hope_mid12_face_b_drum_clap_b"] },
        { "time": 28.59, "notes": ["hope_mid10_face_b_drum_kick_b", "hope_mid11_face_b_drum_snare_b", "hope_mid12_face_b_drum_clap_b"] },
        { "time": 30.00, "notes": ["hope_mid09_face_b_fx_fx_b"] }
      ]
    }
]
