[
    {
      "events": [
        {
          "time": 0.0,
          "notes": [
            "HeroesTonight_mid05_face_a_lead_a"
          ]
        },
        {
          "time": 3.8,
          "notes": [
            "HeroesTonight_mid09_face_a_drum_a"
          ]
        },
        {
          "time": 7.5,
          "notes": [
            "HeroesTonight_mid10_face_a_drum_a"
          ]
        },
        {
          "time": 11.3,
          "notes": [
            "HeroesTonight_mid06_face_a_lead_a"
          ]
        },
        {
          "time": 15.1,
          "notes": [
            "HeroesTonight_mid07_face_a_drum_a"
          ]
        },
        {
          "time": 18.8,
          "notes": [
            "HeroesTonight_mid11_face_a_lead_a"
          ]
        },
        {
          "time": 22.6,
          "notes": [
            "HeroesTonight_mid12_face_a_drum_a"
          ]
        },
        {
          "time": 26.4,
          "notes": [
            "HeroesTonight_mid03_face_a_drum_a"
          ]
        },
        {
          "time": 30.1,
          "notes": [
            "HeroesTonight_mid08_face_a_lead_a"
          ]
        },
        {
          "time": 33.9,
          "notes": [
            "HeroesTonight_mid02_face_a_drum_a"
          ]
        },
        {
          "time": 37.7,
          "notes": [
            "HeroesTonight_mid04_face_a_lead_a"
          ]
        },
        {
          "time": 41.4,
          "notes": [
            "HeroesTonight_mid01_face_a_lead_a"
          ]
        }
      ]
    }
]
