[
    {
      "events": [
        { "time": 0.0, "notes": ["Police_mid06_face_a_lead_a"] },
        { "time": 3.0, "notes": ["Police_mid05_face_a_lead_a"] },
        { "time": 6.1, "notes": ["Police_mid01_face_a_drum_a"] },
        { "time": 9.1, "notes": ["Police_mid02_face_a_drum_a"] },
        { "time": 12.2, "notes": ["Police_mid12_face_a_lead_a"] },
        { "time": 15.2, "notes": ["Police_mid07_face_a_drum_a"] },
        { "time": 18.3, "notes": ["Police_mid11_face_a_lead_a"] },
        { "time": 21.3, "notes": ["Police_mid03_face_a_drum_a"] },
        { "time": 24.4, "notes": ["Police_mid09_face_a_lead_a"] },
        { "time": 27.4, "notes": ["Police_mid10_face_a_lead_a"] },
        { "time": 30.5, "notes": ["Police_mid04_face_a_drum_a"] },
        { "time": 33.5, "notes": ["Police_mid08_face_a_lead_a"] }
      ]
    }
]
