[
    {
      "events": [
        { "time": 0.0, "notes": ["police_mid07_face_a_lead_lead5_a"] },
        { "time": 3.42, "notes": ["police_mid08_face_a_lead_lead6_a"] },
        { "time": 6.85, "notes": ["police_mid01_face_a_lead_lead1_a"] },
        { "time": 10.28, "notes": ["police_mid01_face_a_lead_lead2_a"] },
        { "time": 13.71, "notes": ["police_mid01_face_a_lead_lead1_a"] },
        { "time": 17.14, "notes": ["police_mid01_face_a_lead_lead2_a"] },
        { "time": 20.57, "notes": ["police_mid03_face_a_lead_lead3_a"] },
        { "time": 24.0, "notes": ["police_mid06_face_a_lead_lead4_a"] },
        { "time": 27.42, "notes": ["police_mid03_face_a_lead_lead3_a"] },
        { "time": 30.85, "notes": ["police_mid06_face_a_lead_lead4_a"] }
      ]
    }
]
