[
    {
      "events": [
        { "time": 6.85, "notes": ["police_mid10_face_a_drum_kick_a", "police_mid11_face_a_drum_hihat_a"] },
        { "time": 7.71, "notes": ["police_mid12_face_a_drum_snare_a"] },
        { "time": 8.14, "notes": ["police_mid10_face_a_drum_kick_a"] },
        { "time": 9.0, "notes": ["police_mid10_face_a_drum_kick_a"] },
        { "time": 9.42, "notes": ["police_mid12_face_a_drum_snare_a"] },
        { "time": 10.28, "notes": ["police_mid10_face_a_drum_kick_a"] },
        { "time": 11.14, "notes": ["police_mid12_face_a_drum_snare_a"] },
        { "time": 11.57, "notes": ["police_mid10_face_a_drum_kick_a"] },
        { "time": 12.42, "notes": ["police_mid10_face_a_drum_kick_a"] },
        { "time": 12.85, "notes": ["police_mid12_face_a_drum_snare_a"] },
        { "time": 13.28, "notes": ["police_mid10_face_a_drum_kick_a"] },
        { "time": 13.71, "notes": ["police_mid10_face_a_drum_kick_a", "police_mid11_face_a_drum_hihat_a"] },
        { "time": 14.57, "notes": ["police_mid12_face_a_drum_snare_a"] },
        { "time": 15.0, "notes": ["police_mid10_face_a_drum_kick_a"] },
        { "time": 15.85, "notes": ["police_mid10_face_a_drum_kick_a"] },
        { "time": 16.28, "notes": ["police_mid12_face_a_drum_snare_a"] },
        { "time": 17.14, "notes": ["police_mid10_face_a_drum_kick_a"] },
        { "time": 18.0, "notes": ["police_mid12_face_a_drum_snare_a"] },
        { "time": 18.42, "notes": ["police_mid10_face_a_drum_kick_a"] },
        { "time": 19.28, "notes": ["police_mid10_face_a_drum_kick_a"] },
        { "time": 19.71, "notes": ["police_mid12_face_a_drum_snare_a"] },
        { "time": 20.14, "notes": ["police_mid10_face_a_drum_kick_a"] },
        { "time": 20.57, "notes": ["police_mid10_face_a_drum_kick_a", "police_mid11_face_a_drum_hihat_a"] },
        { "time": 21.42, "notes": ["police_mid12_face_a_drum_snare_a"] },
        { "time": 21.85, "notes": ["police_mid10_face_a_drum_kick_a"] },
        { "time": 22.71, "notes": ["police_mid10_face_a_drum_kick_a"] },
        { "time": 23.14, "notes": ["police_mid12_face_a_drum_snare_a"] },
        { "time": 24.0, "notes": ["police_mid10_face_a_drum_kick_a"] },
        { "time": 24.85, "notes": ["police_mid12_face_a_drum_snare_a"] },
        { "time": 25.28, "notes": ["police_mid10_face_a_drum_kick_a"] },
        { "time": 26.14, "notes": ["police_mid10_face_a_drum_kick_a"] },
        { "time": 26.57, "notes": ["police_mid12_face_a_drum_snare_a"] },
        { "time": 27.0, "notes": ["police_mid10_face_a_drum_kick_a"] },
        { "time": 27.42, "notes": ["police_mid10_face_a_drum_kick_a", "police_mid11_face_a_drum_hihat_a"] },
        { "time": 28.28, "notes": ["police_mid12_face_a_drum_snare_a"] },
        { "time": 28.71, "notes": ["police_mid10_face_a_drum_kick_a"] },
        { "time": 29.57, "notes": ["police_mid10_face_a_drum_kick_a"] },
        { "time": 30.0, "notes": ["police_mid12_face_a_drum_snare_a"] },
        { "time": 30.85, "notes": ["police_mid10_face_a_drum_kick_a"] },
        { "time": 31.71, "notes": ["police_mid12_face_a_drum_snare_a"] },
        { "time": 32.14, "notes": ["police_mid10_face_a_drum_kick_a"] },
        { "time": 33.0, "notes": ["police_mid10_face_a_drum_kick_a"] },
        { "time": 33.42, "notes": ["police_mid12_face_a_drum_snare_a"] },
        { "time": 33.85, "notes": ["police_mid10_face_a_drum_kick_a"] }
      ]
    },
    {
      "events": [
        { "time": 0.0, "notes": ["police_mid07_face_a_lead_lead5_a"] },
        { "time": 3.42, "notes": ["police_mid08_face_a_lead_lead6_a"] },
        { "time": 6.85, "notes": ["police_mid01_face_a_lead_lead1_a"] },
        { "time": 10.28, "notes": ["police_mid02_face_a_lead_lead2_a"] },
        { "time": 13.71, "notes": ["police_mid01_face_a_lead_lead1_a"] },
        { "time": 17.14, "notes": ["police_mid02_face_a_lead_lead2_a"] },
        { "time": 20.57, "notes": ["police_mid03_face_a_lead_lead3_a"] },
        { "time": 24.0, "notes": ["police_mid06_face_a_lead_lead4_a"] },
        { "time": 27.42, "notes": ["police_mid03_face_a_lead_lead3_a"] },
        { "time": 30.85, "notes": ["police_mid06_face_a_lead_lead4_a"] }
      ]
    },
    {
      "events": [
        { "time": 6.85, "notes": ["police_mid04_face_a_bass_bass1_a"] },
        { "time": 10.28, "notes": ["police_mid05_face_a_bass_bass2_a"] },
        { "time": 13.71, "notes": ["police_mid04_face_a_bass_bass1_a"] },
        { "time": 17.14, "notes": ["police_mid05_face_a_bass_bass2_a"] },
        { "time": 20.57, "notes": ["police_mid04_face_a_bass_bass1_a"] },
        { "time": 24.0, "notes": ["police_mid05_face_a_bass_bass2_a"] },
        { "time": 27.42, "notes": ["police_mid04_face_a_bass_bass1_a"] },
        { "time": 30.85, "notes": ["police_mid05_face_a_bass_bass2_a"] }
      ]
    },
    {
      "events": [
        { "time": 6.85, "notes": ["police_mid04_face_a_bass_bass1_a", "police_mid10_face_a_drum_kick_a", "police_mid11_face_a_drum_hihat_a"] },
        { "time": 7.71, "notes": ["police_mid12_face_a_drum_snare_a"] },
        { "time": 8.14, "notes": ["police_mid10_face_a_drum_kick_a"] },
        { "time": 9.0, "notes": ["police_mid10_face_a_drum_kick_a"] },
        { "time": 9.42, "notes": ["police_mid12_face_a_drum_snare_a"] },
        { "time": 10.28, "notes": ["police_mid05_face_a_bass_bass2_a", "police_mid10_face_a_drum_kick_a"] },
        { "time": 11.14, "notes": ["police_mid12_face_a_drum_snare_a"] },
        { "time": 11.57, "notes": ["police_mid10_face_a_drum_kick_a"] },
        { "time": 12.42, "notes": ["police_mid10_face_a_drum_kick_a"] },
        { "time": 12.85, "notes": ["police_mid12_face_a_drum_snare_a"] },
        { "time": 13.28, "notes": ["police_mid10_face_a_drum_kick_a"] },
        { "time": 13.71, "notes": ["police_mid04_face_a_bass_bass1_a", "police_mid10_face_a_drum_kick_a", "police_mid11_face_a_drum_hihat_a"] },
        { "time": 14.57, "notes": ["police_mid12_face_a_drum_snare_a"] },
        { "time": 15.0, "notes": ["police_mid10_face_a_drum_kick_a"] },
        { "time": 15.85, "notes": ["police_mid10_face_a_drum_kick_a"] },
        { "time": 16.28, "notes": ["police_mid12_face_a_drum_snare_a"] },
        { "time": 17.14, "notes": ["police_mid05_face_a_bass_bass2_a", "police_mid10_face_a_drum_kick_a"] },
        { "time": 18.0, "notes": ["police_mid12_face_a_drum_snare_a"] },
        { "time": 18.42, "notes": ["police_mid10_face_a_drum_kick_a"] },
        { "time": 19.28, "notes": ["police_mid10_face_a_drum_kick_a"] },
        { "time": 19.71, "notes": ["police_mid12_face_a_drum_snare_a"] },
        { "time": 20.14, "notes": ["police_mid10_face_a_drum_kick_a"] },
        { "time": 20.57, "notes": ["police_mid04_face_a_bass_bass1_a", "police_mid10_face_a_drum_kick_a", "police_mid11_face_a_drum_hihat_a"] },
        { "time": 21.42, "notes": ["police_mid12_face_a_drum_snare_a"] },
        { "time": 21.85, "notes": ["police_mid10_face_a_drum_kick_a"] },
        { "time": 22.71, "notes": ["police_mid10_face_a_drum_kick_a"] },
        { "time": 23.14, "notes": ["police_mid12_face_a_drum_snare_a"] },
        { "time": 24.0, "notes": ["police_mid05_face_a_bass_bass2_a", "police_mid10_face_a_drum_kick_a"] },
        { "time": 24.85, "notes": ["police_mid12_face_a_drum_snare_a"] },
        { "time": 25.28, "notes": ["police_mid10_face_a_drum_kick_a"] },
        { "time": 26.14, "notes": ["police_mid10_face_a_drum_kick_a"] },
        { "time": 26.57, "notes": ["police_mid12_face_a_drum_snare_a"] },
        { "time": 27.0, "notes": ["police_mid10_face_a_drum_kick_a"] },
        { "time": 27.42, "notes": ["police_mid04_face_a_bass_bass1_a", "police_mid10_face_a_drum_kick_a", "police_mid11_face_a_drum_hihat_a"] },
        { "time": 28.28, "notes": ["police_mid12_face_a_drum_snare_a"] },
        { "time": 28.71, "notes": ["police_mid10_face_a_drum_kick_a"] },
        { "time": 29.57, "notes": ["police_mid10_face_a_drum_kick_a"] },
        { "time": 30.0, "notes": ["police_mid12_face_a_drum_snare_a"] },
        { "time": 30.85, "notes": ["police_mid05_face_a_bass_bass2_a", "police_mid10_face_a_drum_kick_a"] },
        { "time": 31.71, "notes": ["police_mid12_face_a_drum_snare_a"] },
        { "time": 32.14, "notes": ["police_mid10_face_a_drum_kick_a"] },
        { "time": 33.0, "notes": ["police_mid10_face_a_drum_kick_a"] },
        { "time": 33.42, "notes": ["police_mid12_face_a_drum_snare_a"] },
        { "time": 33.85, "notes": ["police_mid10_face_a_drum_kick_a"] }
      ]
    },
    {
      "events": [
        { "time": 0.0, "notes": ["police_mid07_face_a_lead_lead5_a"] },
        { "time": 3.42, "notes": ["police_mid08_face_a_lead_lead6_a"] },
        { "time": 6.85, "notes": ["police_mid01_face_a_lead_lead1_a", "police_mid10_face_a_drum_kick_a", "police_mid11_face_a_drum_hihat_a"] },
        { "time": 7.71, "notes": ["police_mid12_face_a_drum_snare_a"] },
        { "time": 8.14, "notes": ["police_mid10_face_a_drum_kick_a"] },
        { "time": 9.0, "notes": ["police_mid10_face_a_drum_kick_a"] },
        { "time": 9.42, "notes": ["police_mid12_face_a_drum_snare_a"] },
        { "time": 10.28, "notes": ["police_mid02_face_a_lead_lead2_a", "police_mid10_face_a_drum_kick_a"] },
        { "time": 11.14, "notes": ["police_mid12_face_a_drum_snare_a"] },
        { "time": 11.57, "notes": ["police_mid10_face_a_drum_kick_a"] },
        { "time": 12.42, "notes": ["police_mid10_face_a_drum_kick_a"] },
        { "time": 12.85, "notes": ["police_mid12_face_a_drum_snare_a"] },
        { "time": 13.28, "notes": ["police_mid10_face_a_drum_kick_a"] },
        { "time": 13.71, "notes": ["police_mid01_face_a_lead_lead1_a", "police_mid10_face_a_drum_kick_a", "police_mid11_face_a_drum_hihat_a"] },
        { "time": 14.57, "notes": ["police_mid12_face_a_drum_snare_a"] },
        { "time": 15.0, "notes": ["police_mid10_face_a_drum_kick_a"] },
        { "time": 15.85, "notes": ["police_mid10_face_a_drum_kick_a"] },
        { "time": 16.28, "notes": ["police_mid12_face_a_drum_snare_a"] },
        { "time": 17.14, "notes": ["police_mid02_face_a_lead_lead2_a", "police_mid10_face_a_drum_kick_a"] },
        { "time": 18.0, "notes": ["police_mid12_face_a_drum_snare_a"] },
        { "time": 18.42, "notes": ["police_mid10_face_a_drum_kick_a"] },
        { "time": 19.28, "notes": ["police_mid10_face_a_drum_kick_a"] },
        { "time": 19.71, "notes": ["police_mid12_face_a_drum_snare_a"] },
        { "time": 20.14, "notes": ["police_mid10_face_a_drum_kick_a"] },
        { "time": 20.57, "notes": ["police_mid03_face_a_lead_lead3_a", "police_mid10_face_a_drum_kick_a", "police_mid11_face_a_drum_hihat_a"] },
        { "time": 21.42, "notes": ["police_mid12_face_a_drum_snare_a"] },
        { "time": 21.85, "notes": ["police_mid10_face_a_drum_kick_a"] },
        { "time": 22.71, "notes": ["police_mid10_face_a_drum_kick_a"] },
        { "time": 23.14, "notes": ["police_mid12_face_a_drum_snare_a"] },
        { "time": 24.0, "notes": ["police_mid06_face_a_lead_lead4_a", "police_mid10_face_a_drum_kick_a"] },
        { "time": 24.85, "notes": ["police_mid12_face_a_drum_snare_a"] },
        { "time": 25.28, "notes": ["police_mid10_face_a_drum_kick_a"] },
        { "time": 26.14, "notes": ["police_mid10_face_a_drum_kick_a"] },
        { "time": 26.57, "notes": ["police_mid12_face_a_drum_snare_a"] },
        { "time": 27.0, "notes": ["police_mid10_face_a_drum_kick_a"] },
        { "time": 27.42, "notes": ["police_mid03_face_a_lead_lead3_a", "police_mid10_face_a_drum_kick_a", "police_mid11_face_a_drum_hihat_a"] },
        { "time": 28.28, "notes": ["police_mid12_face_a_drum_snare_a"] },
        { "time": 28.71, "notes": ["police_mid10_face_a_drum_kick_a"] },
        { "time": 29.57, "notes": ["police_mid10_face_a_drum_kick_a"] },
        { "time": 30.0, "notes": ["police_mid12_face_a_drum_snare_a"] },
        { "time": 30.85, "notes": ["police_mid06_face_a_lead_lead4_a", "police_mid10_face_a_drum_kick_a"] },
        { "time": 31.71, "notes": ["police_mid12_face_a_drum_snare_a"] },
        { "time": 32.14, "notes": ["police_mid10_face_a_drum_kick_a"] },
        { "time": 33.0, "notes": ["police_mid10_face_a_drum_kick_a"] },
        { "time": 33.42, "notes": ["police_mid12_face_a_drum_snare_a"] },
        { "time": 33.85, "notes": ["police_mid10_face_a_drum_kick_a"] }
      ]
    },
    {
      "events": [
        { "time": 0.0, "notes": ["police_mid07_face_a_lead_lead5_a"] },
        { "time": 3.42, "notes": ["police_mid08_face_a_lead_lead6_a"] },
        { "time": 6.85, "notes": ["police_mid01_face_a_lead_lead1_a", "police_mid04_face_a_bass_bass1_a"] },
        { "time": 10.28, "notes": ["police_mid02_face_a_lead_lead2_a", "police_mid05_face_a_bass_bass2_a"] },
        { "time": 13.71, "notes": ["police_mid01_face_a_lead_lead1_a", "police_mid04_face_a_bass_bass1_a"] },
        { "time": 17.14, "notes": ["police_mid02_face_a_lead_lead2_a", "police_mid05_face_a_bass_bass2_a"] },
        { "time": 20.57, "notes": ["police_mid03_face_a_lead_lead3_a", "police_mid04_face_a_bass_bass1_a"] },
        { "time": 24.0, "notes": ["police_mid06_face_a_lead_lead4_a", "police_mid05_face_a_bass_bass2_a"] },
        { "time": 27.42, "notes": ["police_mid03_face_a_lead_lead3_a", "police_mid04_face_a_bass_bass1_a"] },
        { "time": 30.85, "notes": ["police_mid06_face_a_lead_lead4_a", "police_mid05_face_a_bass_bass2_a"] }
      ]
    },
    {
      "events": [
        { "time": 0.0, "notes": ["police_mid07_face_a_lead_lead5_a"] },
        { "time": 3.42, "notes": ["police_mid08_face_a_lead_lead6_a"] },
        { "time": 6.85, "notes": ["police_mid01_face_a_lead_lead1_a", "police_mid04_face_a_bass_bass1_a", "police_mid09_face_a_fx_fx_a", "police_mid10_face_a_drum_kick_a", "police_mid11_face_a_drum_hihat_a"] },
        { "time": 7.71, "notes": ["police_mid12_face_a_drum_snare_a"] },
        { "time": 8.14, "notes": ["police_mid10_face_a_drum_kick_a"] },
        { "time": 9.0, "notes": ["police_mid10_face_a_drum_kick_a"] },
        { "time": 9.42, "notes": ["police_mid12_face_a_drum_snare_a"] },
        { "time": 10.28, "notes": ["police_mid02_face_a_lead_lead2_a", "police_mid05_face_a_bass_bass2_a", "police_mid10_face_a_drum_kick_a"] },
        { "time": 11.14, "notes": ["police_mid12_face_a_drum_snare_a"] },
        { "time": 11.57, "notes": ["police_mid10_face_a_drum_kick_a"] },
        { "time": 12.42, "notes": ["police_mid10_face_a_drum_kick_a"] },
        { "time": 12.85, "notes": ["police_mid12_face_a_drum_snare_a"] },
        { "time": 13.28, "notes": ["police_mid10_face_a_drum_kick_a"] },
        { "time": 13.71, "notes": ["police_mid01_face_a_lead_lead1_a", "police_mid04_face_a_bass_bass1_a", "police_mid10_face_a_drum_kick_a", "police_mid11_face_a_drum_hihat_a"] },
        { "time": 14.57, "notes": ["police_mid12_face_a_drum_snare_a"] },
        { "time": 15.0, "notes": ["police_mid10_face_a_drum_kick_a"] },
        { "time": 15.85, "notes": ["police_mid10_face_a_drum_kick_a"] },
        { "time": 16.28, "notes": ["police_mid12_face_a_drum_snare_a"] },
        { "time": 17.14, "notes": ["police_mid02_face_a_lead_lead2_a", "police_mid05_face_a_bass_bass2_a", "police_mid10_face_a_drum_kick_a"] },
        { "time": 18.0, "notes": ["police_mid12_face_a_drum_snare_a"] },
        { "time": 18.42, "notes": ["police_mid10_face_a_drum_kick_a"] },
        { "time": 19.28, "notes": ["police_mid10_face_a_drum_kick_a"] },
        { "time": 19.71, "notes": ["police_mid12_face_a_drum_snare_a"] },
        { "time": 20.14, "notes": ["police_mid10_face_a_drum_kick_a"] },
        { "time": 20.57, "notes": ["police_mid03_face_a_lead_lead3_a", "police_mid04_face_a_bass_bass1_a", "police_mid10_face_a_drum_kick_a", "police_mid11_face_a_drum_hihat_a"] },
        { "time": 21.42, "notes": ["police_mid12_face_a_drum_snare_a"] },
        { "time": 21.85, "notes": ["police_mid10_face_a_drum_kick_a"] },
        { "time": 22.71, "notes": ["police_mid10_face_a_drum_kick_a"] },
        { "time": 23.14, "notes": ["police_mid12_face_a_drum_snare_a"] },
        { "time": 24.0, "notes": ["police_mid06_face_a_lead_lead4_a", "police_mid05_face_a_bass_bass2_a", "police_mid10_face_a_drum_kick_a"] },
        { "time": 24.85, "notes": ["police_mid12_face_a_drum_snare_a"] },
        { "time": 25.28, "notes": ["police_mid10_face_a_drum_kick_a"] },
        { "time": 26.14, "notes": ["police_mid10_face_a_drum_kick_a"] },
        { "time": 26.57, "notes": ["police_mid12_face_a_drum_snare_a"] },
        { "time": 27.0, "notes": ["police_mid10_face_a_drum_kick_a"] },
        { "time": 27.42, "notes": ["police_mid03_face_a_lead_lead3_a", "police_mid04_face_a_bass_bass1_a", "police_mid10_face_a_drum_kick_a", "police_mid11_face_a_drum_hihat_a"] },
        { "time": 28.28, "notes": ["police_mid12_face_a_drum_snare_a"] },
        { "time": 28.71, "notes": ["police_mid10_face_a_drum_kick_a"] },
        { "time": 29.57, "notes": ["police_mid10_face_a_drum_kick_a"] },
        { "time": 30.0, "notes": ["police_mid12_face_a_drum_snare_a"] },
        { "time": 30.85, "notes": ["police_mid06_face_a_lead_lead4_a", "police_mid05_face_a_bass_bass2_a", "police_mid10_face_a_drum_kick_a"] },
        { "time": 31.71, "notes": ["police_mid12_face_a_drum_snare_a"] },
        { "time": 32.14, "notes": ["police_mid10_face_a_drum_kick_a"] },
        { "time": 33.0, "notes": ["police_mid10_face_a_drum_kick_a"] },
        { "time": 33.42, "notes": ["police_mid12_face_a_drum_snare_a"] },
        { "time": 33.85, "notes": ["police_mid10_face_a_drum_kick_a"] }
      ]
    }
]
