[
    {
      "events": [
        { "time": 0.0, "notes": ["Tobaco_mid12_face_a_lead_a"] },
        { "time": 2.7, "notes": ["Tobaco_mid08_face_a_drum_a"] },
        { "time": 5.3, "notes": ["Tobaco_mid03_face_a_drum_a"] },
        { "time": 8.0, "notes": ["Tobaco_mid11_face_a_lead_a"] },
        { "time": 10.7, "notes": ["Tobaco_mid02_face_a_lead_a"] },
        { "time": 13.3, "notes": ["Tobaco_mid04_face_a_lead_a"] },
        { "time": 16.0, "notes": ["Tobaco_mid09_face_a_lead_a"] },
        { "time": 18.7, "notes": ["Tobaco_mid01_face_a_lead_a"] },
        { "time": 21.3, "notes": ["Tobaco_mid10_face_a_lead_a"] },
        { "time": 24.0, "notes": ["Tobaco_mid05_face_a_lead_a"] }
      ]
    }
]
