[
    {
      "events": [
        { "time": 0.0, "notes": ["tobaco_mid01_face_a_lead_lead1_a"] },
        { "time": 2.66, "notes": ["tobaco_mid02_face_a_lead_lead2_a"] },
        { "time": 5.33, "notes": ["tobaco_mid03_face_a_lead_lead3_a"] },
        { "time": 8.0, "notes": ["tobaco_mid06_face_a_lead_lead4_a"] },
        { "time": 10.66, "notes": ["tobaco_mid01_face_a_lead_lead1_a"] },
        { "time": 13.33, "notes": ["tobaco_mid02_face_a_lead_lead2_a"] },
        { "time": 16.0, "notes": ["tobaco_mid03_face_a_lead_lead3_a"] },
        { "time": 18.66, "notes": ["tobaco_mid06_face_a_lead_lead4_a"] }
      ]
    }
]
