[
    {
      "events": [
        { "time": 0.0, "notes": ["tobaco_mid10_face_a_drum_kick_a", "tobaco_mid11_face_a_drum_hihat_a"] },
        { "time": 0.66, "notes": ["tobaco_mid12_face_a_drum_snare_a"] },
        { "time": 1.66, "notes": ["tobaco_mid10_face_a_drum_kick_a"] },
        { "time": 2.0, "notes": ["tobaco_mid12_face_a_drum_snare_a"] },
        { "time": 2.16, "notes": ["tobaco_mid10_face_a_drum_kick_a"] },
        { "time": 2.66, "notes": ["tobaco_mid10_face_a_drum_kick_a"] },
        { "time": 3.33, "notes": ["tobaco_mid12_face_a_drum_snare_a"] },
        { "time": 4.33, "notes": ["tobaco_mid10_face_a_drum_kick_a"] },
        { "time": 4.66, "notes": ["tobaco_mid12_face_a_drum_snare_a"] },
        { "time": 4.83, "notes": ["tobaco_mid10_face_a_drum_kick_a"] },
        { "time": 5.33, "notes": ["tobaco_mid10_face_a_drum_kick_a", "tobaco_mid11_face_a_drum_hihat_a"] },
        { "time": 6.0, "notes": ["tobaco_mid12_face_a_drum_snare_a"] },
        { "time": 7.0, "notes": ["tobaco_mid10_face_a_drum_kick_a"] },
        { "time": 7.33, "notes": ["tobaco_mid12_face_a_drum_snare_a"] },
        { "time": 7.5, "notes": ["tobaco_mid10_face_a_drum_kick_a"] },
        { "time": 8.0, "notes": ["tobaco_mid10_face_a_drum_kick_a"] },
        { "time": 8.66, "notes": ["tobaco_mid12_face_a_drum_snare_a"] },
        { "time": 9.0, "notes": ["tobaco_mid10_face_a_drum_kick_a"] },
        { "time": 9.66, "notes": ["tobaco_mid10_face_a_drum_kick_a"] },
        { "time": 10.0, "notes": ["tobaco_mid12_face_a_drum_snare_a"] },
        { "time": 10.16, "notes": ["tobaco_mid10_face_a_drum_kick_a"] },
        { "time": 10.5, "notes": ["tobaco_mid10_face_a_drum_kick_a"] },
        { "time": 10.66, "notes": ["tobaco_mid10_face_a_drum_kick_a", "tobaco_mid11_face_a_drum_hihat_a"] },
        { "time": 11.33, "notes": ["tobaco_mid12_face_a_drum_snare_a"] },
        { "time": 12.33, "notes": ["tobaco_mid10_face_a_drum_kick_a"] },
        { "time": 12.66, "notes": ["tobaco_mid12_face_a_drum_snare_a"] },
        { "time": 12.83, "notes": ["tobaco_mid10_face_a_drum_kick_a"] },
        { "time": 13.33, "notes": ["tobaco_mid10_face_a_drum_kick_a"] },
        { "time": 14.0, "notes": ["tobaco_mid12_face_a_drum_snare_a"] },
        { "time": 15.0, "notes": ["tobaco_mid10_face_a_drum_kick_a"] },
        { "time": 15.33, "notes": ["tobaco_mid12_face_a_drum_snare_a"] },
        { "time": 15.5, "notes": ["tobaco_mid10_face_a_drum_kick_a"] },
        { "time": 16.0, "notes": ["tobaco_mid10_face_a_drum_kick_a", "tobaco_mid11_face_a_drum_hihat_a"] },
        { "time": 16.66, "notes": ["tobaco_mid12_face_a_drum_snare_a"] },
        { "time": 17.66, "notes": ["tobaco_mid10_face_a_drum_kick_a"] },
        { "time": 18.0, "notes": ["tobaco_mid12_face_a_drum_snare_a"] },
        { "time": 18.16, "notes": ["tobaco_mid10_face_a_drum_kick_a"] },
        { "time": 18.66, "notes": ["tobaco_mid10_face_a_drum_kick_a"] },
        { "time": 19.33, "notes": ["tobaco_mid12_face_a_drum_snare_a"] },
        { "time": 19.66, "notes": ["tobaco_mid10_face_a_drum_kick_a"] },
        { "time": 20.33, "notes": ["tobaco_mid10_face_a_drum_kick_a"] },
        { "time": 20.66, "notes": ["tobaco_mid12_face_a_drum_snare_a"] },
        { "time": 20.83, "notes": ["tobaco_mid10_face_a_drum_kick_a"] },
        { "time": 21.16, "notes": ["tobaco_mid10_face_a_drum_kick_a"] }
      ]
    },
    {
      "events": [
        { "time": 0.0, "notes": ["tobaco_mid01_face_a_lead_lead1_a"] },
        { "time": 2.66, "notes": ["tobaco_mid02_face_a_lead_lead2_a"] },
        { "time": 5.33, "notes": ["tobaco_mid03_face_a_lead_lead3_a"] },
        { "time": 8.0, "notes": ["tobaco_mid06_face_a_lead_lead4_a"] },
        { "time": 10.66, "notes": ["tobaco_mid01_face_a_lead_lead1_a"] },
        { "time": 13.33, "notes": ["tobaco_mid02_face_a_lead_lead2_a"] },
        { "time": 16.0, "notes": ["tobaco_mid03_face_a_lead_lead3_a"] },
        { "time": 18.66, "notes": ["tobaco_mid06_face_a_lead_lead4_a"] }
      ]
    },
    {
      "events": [
        { "time": 0.0, "notes": ["tobaco_mid04_face_a_bass_bass1_a"] },
        { "time": 2.66, "notes": ["tobaco_mid05_face_a_bass_bass2_a"] },
        { "time": 5.33, "notes": ["tobaco_mid07_face_a_bass_bass3_a"] },
        { "time": 8.0, "notes": ["tobaco_mid08_face_a_bass_bass4_a"] },
        { "time": 10.66, "notes": ["tobaco_mid04_face_a_bass_bass1_a"] },
        { "time": 13.33, "notes": ["tobaco_mid05_face_a_bass_bass2_a"] },
        { "time": 16.0, "notes": ["tobaco_mid07_face_a_bass_bass3_a"] },
        { "time": 18.66, "notes": ["tobaco_mid08_face_a_bass_bass4_a"] }
      ]
    },
    {
      "events": [
        { "time": 0.0, "notes": ["tobaco_mid04_face_a_bass_bass1_a", "tobaco_mid10_face_a_drum_kick_a", "tobaco_mid11_face_a_drum_hihat_a"] },
        { "time": 0.66, "notes": ["tobaco_mid12_face_a_drum_snare_a"] },
        { "time": 1.66, "notes": ["tobaco_mid10_face_a_drum_kick_a"] },
        { "time": 2.0, "notes": ["tobaco_mid12_face_a_drum_snare_a"] },
        { "time": 2.16, "notes": ["tobaco_mid10_face_a_drum_kick_a"] },
        { "time": 2.66, "notes": ["tobaco_mid05_face_a_bass_bass2_a", "tobaco_mid10_face_a_drum_kick_a"] },
        { "time": 3.33, "notes": ["tobaco_mid12_face_a_drum_snare_a"] },
        { "time": 4.33, "notes": ["tobaco_mid10_face_a_drum_kick_a"] },
        { "time": 4.66, "notes": ["tobaco_mid12_face_a_drum_snare_a"] },
        { "time": 4.83, "notes": ["tobaco_mid10_face_a_drum_kick_a"] },
        { "time": 5.33, "notes": ["tobaco_mid07_face_a_bass_bass3_a", "tobaco_mid10_face_a_drum_kick_a", "tobaco_mid11_face_a_drum_hihat_a"] },
        { "time": 6.0, "notes": ["tobaco_mid12_face_a_drum_snare_a"] },
        { "time": 7.0, "notes": ["tobaco_mid10_face_a_drum_kick_a"] },
        { "time": 7.33, "notes": ["tobaco_mid12_face_a_drum_snare_a"] },
        { "time": 7.5, "notes": ["tobaco_mid10_face_a_drum_kick_a"] },
        { "time": 8.0, "notes": ["tobaco_mid08_face_a_bass_bass4_a", "tobaco_mid10_face_a_drum_kick_a"] },
        { "time": 8.66, "notes": ["tobaco_mid12_face_a_drum_snare_a"] },
        { "time": 9.0, "notes": ["tobaco_mid10_face_a_drum_kick_a"] },
        { "time": 9.66, "notes": ["tobaco_mid10_face_a_drum_kick_a"] },
        { "time": 10.0, "notes": ["tobaco_mid12_face_a_drum_snare_a"] },
        { "time": 10.16, "notes": ["tobaco_mid10_face_a_drum_kick_a"] },
        { "time": 10.5, "notes": ["tobaco_mid10_face_a_drum_kick_a"] },
        { "time": 10.66, "notes": ["tobaco_mid04_face_a_bass_bass1_a", "tobaco_mid10_face_a_drum_kick_a", "tobaco_mid11_face_a_drum_hihat_a"] },
        { "time": 11.33, "notes": ["tobaco_mid12_face_a_drum_snare_a"] },
        { "time": 12.33, "notes": ["tobaco_mid10_face_a_drum_kick_a"] },
        { "time": 12.66, "notes": ["tobaco_mid12_face_a_drum_snare_a"] },
        { "time": 12.83, "notes": ["tobaco_mid10_face_a_drum_kick_a"] },
        { "time": 13.33, "notes": ["tobaco_mid05_face_a_bass_bass2_a", "tobaco_mid10_face_a_drum_kick_a"] },
        { "time": 14.0, "notes": ["tobaco_mid12_face_a_drum_snare_a"] },
        { "time": 15.0, "notes": ["tobaco_mid10_face_a_drum_kick_a"] },
        { "time": 15.33, "notes": ["tobaco_mid12_face_a_drum_snare_a"] },
        { "time": 15.5, "notes": ["tobaco_mid10_face_a_drum_kick_a"] },
        { "time": 16.0, "notes": ["tobaco_mid07_face_a_bass_bass3_a", "tobaco_mid10_face_a_drum_kick_a", "tobaco_mid11_face_a_drum_hihat_a"] },
        { "time": 16.66, "notes": ["tobaco_mid12_face_a_drum_snare_a"] },
        { "time": 17.66, "notes": ["tobaco_mid10_face_a_drum_kick_a"] },
        { "time": 18.0, "notes": ["tobaco_mid12_face_a_drum_snare_a"] },
        { "time": 18.16, "notes": ["tobaco_mid10_face_a_drum_kick_a"] },
        { "time": 18.66, "notes": ["tobaco_mid08_face_a_bass_bass4_a", "tobaco_mid10_face_a_drum_kick_a"] },
        { "time": 19.33, "notes": ["tobaco_mid12_face_a_drum_snare_a"] },
        { "time": 19.66, "notes": ["tobaco_mid10_face_a_drum_kick_a"] },
        { "time": 20.33, "notes": ["tobaco_mid10_face_a_drum_kick_a"] },
        { "time": 20.66, "notes": ["tobaco_mid12_face_a_drum_snare_a"] },
        { "time": 20.83, "notes": ["tobaco_mid10_face_a_drum_kick_a"] },
        { "time": 21.16, "notes": ["tobaco_mid10_face_a_drum_kick_a"] }
      ]
    },
    {
      "events": [
        { "time": 0.0, "notes": ["tobaco_mid01_face_a_lead_lead1_a", "tobaco_mid10_face_a_drum_kick_a", "tobaco_mid11_face_a_drum_hihat_a"] },
        { "time": 0.66, "notes": ["tobaco_mid12_face_a_drum_snare_a"] },
        { "time": 1.66, "notes": ["tobaco_mid10_face_a_drum_kick_a"] },
        { "time": 2.0, "notes": ["tobaco_mid12_face_a_drum_snare_a"] },
        { "time": 2.16, "notes": ["tobaco_mid10_face_a_drum_kick_a"] },
        { "time": 2.66, "notes": ["tobaco_mid02_face_a_lead_lead2_a", "tobaco_mid10_face_a_drum_kick_a"] },
        { "time": 3.33, "notes": ["tobaco_mid12_face_a_drum_snare_a"] },
        { "time": 4.33, "notes": ["tobaco_mid10_face_a_drum_kick_a"] },
        { "time": 4.66, "notes": ["tobaco_mid12_face_a_drum_snare_a"] },
        { "time": 4.83, "notes": ["tobaco_mid10_face_a_drum_kick_a"] },
        { "time": 5.33, "notes": ["tobaco_mid03_face_a_lead_lead3_a", "tobaco_mid10_face_a_drum_kick_a", "tobaco_mid11_face_a_drum_hihat_a"] },
        { "time": 6.0, "notes": ["tobaco_mid12_face_a_drum_snare_a"] },
        { "time": 7.0, "notes": ["tobaco_mid10_face_a_drum_kick_a"] },
        { "time": 7.33, "notes": ["tobaco_mid12_face_a_drum_snare_a"] },
        { "time": 7.5, "notes": ["tobaco_mid10_face_a_drum_kick_a"] },
        { "time": 8.0, "notes": ["tobaco_mid06_face_a_lead_lead4_a", "tobaco_mid10_face_a_drum_kick_a"] },
        { "time": 8.66, "notes": ["tobaco_mid12_face_a_drum_snare_a"] },
        { "time": 9.0, "notes": ["tobaco_mid10_face_a_drum_kick_a"] },
        { "time": 9.66, "notes": ["tobaco_mid10_face_a_drum_kick_a"] },
        { "time": 10.0, "notes": ["tobaco_mid12_face_a_drum_snare_a"] },
        { "time": 10.16, "notes": ["tobaco_mid10_face_a_drum_kick_a"] },
        { "time": 10.5, "notes": ["tobaco_mid10_face_a_drum_kick_a"] },
        { "time": 10.66, "notes": ["tobaco_mid01_face_a_lead_lead1_a", "tobaco_mid10_face_a_drum_kick_a", "tobaco_mid11_face_a_drum_hihat_a"] },
        { "time": 11.33, "notes": ["tobaco_mid12_face_a_drum_snare_a"] },
        { "time": 12.33, "notes": ["tobaco_mid10_face_a_drum_kick_a"] },
        { "time": 12.66, "notes": ["tobaco_mid12_face_a_drum_snare_a"] },
        { "time": 12.83, "notes": ["tobaco_mid10_face_a_drum_kick_a"] },
        { "time": 13.33, "notes": ["tobaco_mid02_face_a_lead_lead2_a", "tobaco_mid10_face_a_drum_kick_a"] },
        { "time": 14.0, "notes": ["tobaco_mid12_face_a_drum_snare_a"] },
        { "time": 15.0, "notes": ["tobaco_mid10_face_a_drum_kick_a"] },
        { "time": 15.33, "notes": ["tobaco_mid12_face_a_drum_snare_a"] },
        { "time": 15.5, "notes": ["tobaco_mid10_face_a_drum_kick_a"] },
        { "time": 16.0, "notes": ["tobaco_mid03_face_a_lead_lead3_a", "tobaco_mid10_face_a_drum_kick_a", "tobaco_mid11_face_a_drum_hihat_a"] },
        { "time": 16.66, "notes": ["tobaco_mid12_face_a_drum_snare_a"] },
        { "time": 17.66, "notes": ["tobaco_mid10_face_a_drum_kick_a"] },
        { "time": 18.0, "notes": ["tobaco_mid12_face_a_drum_snare_a"] },
        { "time": 18.16, "notes": ["tobaco_mid10_face_a_drum_kick_a"] },
        { "time": 18.66, "notes": ["tobaco_mid06_face_a_lead_lead4_a", "tobaco_mid10_face_a_drum_kick_a"] },
        { "time": 19.33, "notes": ["tobaco_mid12_face_a_drum_snare_a"] },
        { "time": 19.66, "notes": ["tobaco_mid10_face_a_drum_kick_a"] },
        { "time": 20.33, "notes": ["tobaco_mid10_face_a_drum_kick_a"] },
        { "time": 20.66, "notes": ["tobaco_mid12_face_a_drum_snare_a"] },
        { "time": 20.83, "notes": ["tobaco_mid10_face_a_drum_kick_a"] },
        { "time": 21.16, "notes": ["tobaco_mid10_face_a_drum_kick_a"] }
      ]
    },
    {
      "events": [
        { "time": 0.0, "notes": ["tobaco_mid01_face_a_lead_lead1_a", "tobaco_mid04_face_a_bass_bass1_a"] },
        { "time": 2.66, "notes": ["tobaco_mid02_face_a_lead_lead2_a", "tobaco_mid05_face_a_bass_bass2_a"] },
        { "time": 5.33, "notes": ["tobaco_mid03_face_a_lead_lead3_a", "tobaco_mid07_face_a_bass_bass3_a"] },
        { "time": 8.0, "notes": ["tobaco_mid06_face_a_lead_lead4_a", "tobaco_mid08_face_a_bass_bass4_a"] },
        { "time": 10.66, "notes": ["tobaco_mid01_face_a_lead_lead1_a", "tobaco_mid04_face_a_bass_bass1_a"] },
        { "time": 13.33, "notes": ["tobaco_mid02_face_a_lead_lead2_a", "tobaco_mid05_face_a_bass_bass2_a"] },
        { "time": 16.0, "notes": ["tobaco_mid03_face_a_lead_lead3_a", "tobaco_mid07_face_a_bass_bass3_a"] },
        { "time": 18.66, "notes": ["tobaco_mid06_face_a_lead_lead4_a", "tobaco_mid08_face_a_bass_bass4_a"] }
      ]
    },
    {
      "events": [
        { "time": 0.0, "notes": ["tobaco_mid01_face_a_lead_lead1_a", "tobaco_mid04_face_a_bass_bass1_a", "tobaco_mid09_face_a_fx_fx_a", "tobaco_mid10_face_a_drum_kick_a", "tobaco_mid11_face_a_drum_hihat_a"] },
        { "time": 0.66, "notes": ["tobaco_mid12_face_a_drum_snare_a"] },
        { "time": 1.66, "notes": ["tobaco_mid10_face_a_drum_kick_a"] },
        { "time": 2.0, "notes": ["tobaco_mid12_face_a_drum_snare_a"] },
        { "time": 2.16, "notes": ["tobaco_mid10_face_a_drum_kick_a"] },
        { "time": 2.66, "notes": ["tobaco_mid02_face_a_lead_lead2_a", "tobaco_mid05_face_a_bass_bass2_a", "tobaco_mid10_face_a_drum_kick_a"] },
        { "time": 3.33, "notes": ["tobaco_mid12_face_a_drum_snare_a"] },
        { "time": 4.33, "notes": ["tobaco_mid10_face_a_drum_kick_a"] },
        { "time": 4.66, "notes": ["tobaco_mid12_face_a_drum_snare_a"] },
        { "time": 4.83, "notes": ["tobaco_mid10_face_a_drum_kick_a"] },
        { "time": 5.33, "notes": ["tobaco_mid03_face_a_lead_lead3_a", "tobaco_mid07_face_a_bass_bass3_a", "tobaco_mid10_face_a_drum_kick_a", "tobaco_mid11_face_a_drum_hihat_a"] },
        { "time": 6.0, "notes": ["tobaco_mid12_face_a_drum_snare_a"] },
        { "time": 7.0, "notes": ["tobaco_mid10_face_a_drum_kick_a"] },
        { "time": 7.33, "notes": ["tobaco_mid12_face_a_drum_snare_a"] },
        { "time": 7.5, "notes": ["tobaco_mid10_face_a_drum_kick_a"] },
        { "time": 8.0, "notes": ["tobaco_mid06_face_a_lead_lead4_a", "tobaco_mid08_face_a_bass_bass4_a", "tobaco_mid10_face_a_drum_kick_a"] },
        { "time": 8.66, "notes": ["tobaco_mid12_face_a_drum_snare_a"] },
        { "time": 9.0, "notes": ["tobaco_mid10_face_a_drum_kick_a"] },
        { "time": 9.66, "notes": ["tobaco_mid10_face_a_drum_kick_a"] },
        { "time": 10.0, "notes": ["tobaco_mid12_face_a_drum_snare_a"] },
        { "time": 10.16, "notes": ["tobaco_mid10_face_a_drum_kick_a"] },
        { "time": 10.5, "notes": ["tobaco_mid10_face_a_drum_kick_a"] },
        { "time": 10.66, "notes": ["tobaco_mid01_face_a_lead_lead1_a", "tobaco_mid04_face_a_bass_bass1_a", "tobaco_mid09_face_a_fx_fx_a", "tobaco_mid10_face_a_drum_kick_a", "tobaco_mid11_face_a_drum_hihat_a"] },
        { "time": 11.33, "notes": ["tobaco_mid12_face_a_drum_snare_a"] },
        { "time": 12.33, "notes": ["tobaco_mid10_face_a_drum_kick_a"] },
        { "time": 12.66, "notes": ["tobaco_mid12_face_a_drum_snare_a"] },
        { "time": 12.83, "notes": ["tobaco_mid10_face_a_drum_kick_a"] },
        { "time": 13.33, "notes": ["tobaco_mid02_face_a_lead_lead2_a", "tobaco_mid05_face_a_bass_bass2_a", "tobaco_mid10_face_a_drum_kick_a"] },
        { "time": 14.0, "notes": ["tobaco_mid12_face_a_drum_snare_a"] },
        { "time": 15.0, "notes": ["tobaco_mid10_face_a_drum_kick_a"] },
        { "time": 15.33, "notes": ["tobaco_mid12_face_a_drum_snare_a"] },
        { "time": 15.5, "notes": ["tobaco_mid10_face_a_drum_kick_a"] },
        { "time": 16.0, "notes": ["tobaco_mid03_face_a_lead_lead3_a", "tobaco_mid07_face_a_bass_bass3_a", "tobaco_mid10_face_a_drum_kick_a", "tobaco_mid11_face_a_drum_hihat_a"] },
        { "time": 16.66, "notes": ["tobaco_mid12_face_a_drum_snare_a"] },
        { "time": 17.66, "notes": ["tobaco_mid10_face_a_drum_kick_a"] },
        { "time": 18.0, "notes": ["tobaco_mid12_face_a_drum_snare_a"] },
        { "time": 18.16, "notes": ["tobaco_mid10_face_a_drum_kick_a"] },
        { "time": 18.66, "notes": ["tobaco_mid06_face_a_lead_lead4_a", "tobaco_mid08_face_a_bass_bass4_a", "tobaco_mid10_face_a_drum_kick_a"] },
        { "time": 19.33, "notes": ["tobaco_mid12_face_a_drum_snare_a"] },
        { "time": 19.66, "notes": ["tobaco_mid10_face_a_drum_kick_a"] },
        { "time": 20.33, "notes": ["tobaco_mid10_face_a_drum_kick_a"] },
        { "time": 20.66, "notes": ["tobaco_mid12_face_a_drum_snare_a"] },
        { "time": 20.83, "notes": ["tobaco_mid10_face_a_drum_kick_a"] },
        { "time": 21.16, "notes": ["tobaco_mid10_face_a_drum_kick_a"] }
      ]
    }
]
