[
    {
        "events": [
            { "time": 0.0, "notes": ["Money_mid12_face_a_drum_a"] },
            { "time": 4.2, "notes": ["Money_mid10_face_a_drum_a"] },
            { "time": 8.4, "notes": ["Money_mid09_face_a_lead_a"] },
            { "time": 12.6, "notes": ["Money_mid11_face_a_lead_a"] },
            { "time": 16.8, "notes": ["Money_mid05_face_a_lead_a"] },
            { "time": 21.0, "notes": ["Money_mid02_face_a_drum_a"] },
            { "time": 25.2, "notes": ["Money_mid07_face_a_drum_a"] },
            { "time": 29.4, "notes": ["Money_mid08_face_a_lead_a"] },
            { "time": 33.6, "notes": ["Money_mid01_face_a_drum_a"] },
            { "time": 37.8, "notes": ["Money_mid06_face_a_lead_a"] },
            { "time": 42.0, "notes": ["Money_mid04_face_a_lead_a"] },
            { "time": 46.2, "notes": ["Money_mid03_face_a_lead_a"] }
        ]
    }
]
