[
  {
      "events": [
        { "time": 15.48, "notes": ["money_mid10_face_a_drum_kick_a", "money_mid12_face_a_drum_stomp2_a"] },
        { "time": 17.41, "notes": ["money_mid10_face_a_drum_kick_a", "money_mid12_face_a_drum_stomp2_a"] },
        { "time": 19.11, "notes": ["money_mid11_face_a_drum_stomp1_a"] },
        { "time": 19.35, "notes": ["money_mid10_face_a_drum_kick_a", "money_mid12_face_a_drum_stomp2_a"] },
        { "time": 21.29, "notes": ["money_mid10_face_a_drum_kick_a", "money_mid12_face_a_drum_stomp2_a"] },
        { "time": 21.77, "notes": ["money_mid10_face_a_drum_kick_a"] },
        { "time": 22.25, "notes": ["money_mid10_face_a_drum_kick_a"] },
        { "time": 22.74, "notes": ["money_mid10_face_a_drum_kick_a"] },
        { "time": 23.22, "notes": ["money_mid10_face_a_drum_kick_a", "money_mid12_face_a_drum_stomp2_a"] },
        { "time": 25.16, "notes": ["money_mid12_face_a_drum_stomp2_a"] },
        { "time": 26.16, "notes": ["money_mid10_face_a_drum_kick_a"] },
        { "time": 26.85, "notes": ["money_mid11_face_a_drum_stomp1_a"] },
        { "time": 27.09, "notes": ["money_mid10_face_a_drum_kick_a", "money_mid12_face_a_drum_stomp2_a"] },
        { "time": 29.03, "notes": ["money_mid10_face_a_drum_kick_a", "money_mid12_face_a_drum_stomp2_a"] },
        { "time": 29.51, "notes": ["money_mid10_face_a_drum_kick_a"] },
        { "time": 30.0, "notes": ["money_mid10_face_a_drum_kick_a"] },
        { "time": 30.48, "notes": ["money_mid10_face_a_drum_kick_a"] },
        { "time": 30.96, "notes": ["money_mid10_face_a_drum_kick_a", "money_mid12_face_a_drum_stomp2_a"] },
        { "time": 32.9, "notes": ["money_mid10_face_a_drum_kick_a", "money_mid12_face_a_drum_stomp2_a"] },
        { "time": 33.38, "notes": ["money_mid10_face_a_drum_kick_a"] },
        { "time": 33.87, "notes": ["money_mid10_face_a_drum_kick_a"] },
        { "time": 34.35, "notes": ["money_mid10_face_a_drum_kick_a"] },
        { "time": 34.59, "notes": ["money_mid11_face_a_drum_stomp1_a"] },
        { "time": 34.83, "notes": ["money_mid10_face_a_drum_kick_a", "money_mid12_face_a_drum_stomp2_a"] },
        { "time": 35.32, "notes": ["money_mid10_face_a_drum_kick_a"] },
        { "time": 35.8, "notes": ["money_mid10_face_a_drum_kick_a"] },
        { "time": 36.29, "notes": ["money_mid10_face_a_drum_kick_a"] },
        { "time": 36.77, "notes": ["money_mid10_face_a_drum_kick_a", "money_mid12_face_a_drum_stomp2_a"] },
        { "time": 37.25, "notes": ["money_mid10_face_a_drum_kick_a"] },
        { "time": 37.74, "notes": ["money_mid10_face_a_drum_kick_a"] },
        { "time": 38.22, "notes": ["money_mid10_face_a_drum_kick_a"] },
        { "time": 38.71, "notes": ["money_mid10_face_a_drum_kick_a", "money_mid12_face_a_drum_stomp2_a"] },
        { "time": 39.19, "notes": ["money_mid10_face_a_drum_kick_a"] },
        { "time": 39.67, "notes": ["money_mid10_face_a_drum_kick_a"] },
        { "time": 40.16, "notes": ["money_mid10_face_a_drum_kick_a"] },
        { "time": 40.64, "notes": ["money_mid10_face_a_drum_kick_a", "money_mid12_face_a_drum_stomp2_a"] },
        { "time": 41.12, "notes": ["money_mid10_face_a_drum_kick_a"] },
        { "time": 41.61, "notes": ["money_mid10_face_a_drum_kick_a"] },
        { "time": 42.09, "notes": ["money_mid10_face_a_drum_kick_a"] },
        { "time": 42.33, "notes": ["money_mid11_face_a_drum_stomp1_a"] },
        { "time": 42.58, "notes": ["money_mid10_face_a_drum_kick_a", "money_mid12_face_a_drum_stomp2_a"] },
        { "time": 43.06, "notes": ["money_mid10_face_a_drum_kick_a"] },
        { "time": 43.54, "notes": ["money_mid10_face_a_drum_kick_a"] },
        { "time": 44.03, "notes": ["money_mid10_face_a_drum_kick_a"] },
        { "time": 44.51, "notes": ["money_mid10_face_a_drum_kick_a", "money_mid12_face_a_drum_stomp2_a"] },
        { "time": 45.0, "notes": ["money_mid10_face_a_drum_kick_a"] },
        { "time": 45.48, "notes": ["money_mid10_face_a_drum_kick_a"] },
        { "time": 45.96, "notes": ["money_mid10_face_a_drum_kick_a"] }
      ]
    },
    {
      "events": [
        { "time": 0.0, "notes": ["money_mid01_face_a_lead_lead1_a"] },
        { "time": 1.93, "notes": ["money_mid02_face_a_lead_lead2_a"] },
        { "time": 3.87, "notes": ["money_mid01_face_a_lead_lead1_a"] },
        { "time": 5.8, "notes": ["money_mid02_face_a_lead_lead2_a"] },
        { "time": 7.74, "notes": ["money_mid01_face_a_lead_lead1_a"] },
        { "time": 9.67, "notes": ["money_mid02_face_a_lead_lead2_a"] },
        { "time": 11.61, "notes": ["money_mid01_face_a_lead_lead1_a"] },
        { "time": 13.54, "notes": ["money_mid02_face_a_lead_lead2_a"] },
        { "time": 15.48, "notes": ["money_mid03_face_a_lead_lead3_a"] },
        { "time": 17.41, "notes": ["money_mid06_face_a_lead_lead4_a"] },
        { "time": 19.35, "notes": ["money_mid03_face_a_lead_lead3_a"] },
        { "time": 21.29, "notes": ["money_mid06_face_a_lead_lead4_a"] },
        { "time": 23.22, "notes": ["money_mid03_face_a_lead_lead3_a"] },
        { "time": 25.16, "notes": ["money_mid06_face_a_lead_lead4_a"] },
        { "time": 27.09, "notes": ["money_mid03_face_a_lead_lead3_a"] },
        { "time": 29.03, "notes": ["money_mid06_face_a_lead_lead4_a"] },
        { "time": 30.96, "notes": ["money_mid03_face_a_lead_lead3_a"] },
        { "time": 32.9, "notes": ["money_mid06_face_a_lead_lead4_a"] },
        { "time": 34.83, "notes": ["money_mid03_face_a_lead_lead3_a"] },
        { "time": 36.77, "notes": ["money_mid06_face_a_lead_lead4_a"] },
        { "time": 38.71, "notes": ["money_mid03_face_a_lead_lead3_a"] },
        { "time": 40.64, "notes": ["money_mid06_face_a_lead_lead4_a"] },
        { "time": 42.58, "notes": ["money_mid03_face_a_lead_lead3_a"] },
        { "time": 44.51, "notes": ["money_mid06_face_a_lead_lead4_a"] }
      ]
    },
    {
      "events": [
        { "time": 7.74, "notes": ["money_mid04_face_a_bass_bass1_a"] },
        { "time": 9.67, "notes": ["money_mid05_face_a_bass_bass2_a"] },
        { "time": 11.61, "notes": ["money_mid04_face_a_bass_bass1_a"] },
        { "time": 13.54, "notes": ["money_mid05_face_a_bass_bass2_a"] },
        { "time": 15.48, "notes": ["money_mid04_face_a_bass_bass1_a"] },
        { "time": 17.41, "notes": ["money_mid05_face_a_bass_bass2_a"] },
        { "time": 19.35, "notes": ["money_mid04_face_a_bass_bass1_a"] },
        { "time": 21.29, "notes": ["money_mid05_face_a_bass_bass2_a"] },
        { "time": 23.22, "notes": ["money_mid04_face_a_bass_bass1_a"] },
        { "time": 25.16, "notes": ["money_mid05_face_a_bass_bass2_a"] },
        { "time": 27.09, "notes": ["money_mid04_face_a_bass_bass1_a"] },
        { "time": 29.03, "notes": ["money_mid05_face_a_bass_bass2_a"] },
        { "time": 30.96, "notes": ["money_mid04_face_a_bass_bass1_a"] },
        { "time": 32.9, "notes": ["money_mid05_face_a_bass_bass2_a"] },
        { "time": 34.83, "notes": ["money_mid04_face_a_bass_bass1_a", "money_mid05_face_a_bass_bass2_a"] },
        { "time": 36.77, "notes": ["money_mid05_face_a_bass_bass2_a"] },
        { "time": 38.71, "notes": ["money_mid04_face_a_bass_bass1_a", "money_mid05_face_a_bass_bass2_a"] },
        { "time": 40.64, "notes": ["money_mid05_face_a_bass_bass2_a"] },
        { "time": 42.58, "notes": ["money_mid04_face_a_bass_bass1_a", "money_mid05_face_a_bass_bass2_a"] },
        { "time": 44.51, "notes": ["money_mid05_face_a_bass_bass2_a"] }
      ]
    },
    {
      "events": [
        { "time": 7.74, "notes": ["money_mid04_face_a_bass_bass1_a"] },
        { "time": 9.67, "notes": ["money_mid05_face_a_bass_bass2_a"] },
        { "time": 11.61, "notes": ["money_mid04_face_a_bass_bass1_a"] },
        { "time": 13.54, "notes": ["money_mid05_face_a_bass_bass2_a"] },
        { "time": 15.48, "notes": ["money_mid04_face_a_bass_bass1_a", "money_mid10_face_a_drum_kick_a", "money_mid12_face_a_drum_stomp2_a"] },
        { "time": 17.41, "notes": ["money_mid05_face_a_bass_bass2_a", "money_mid10_face_a_drum_kick_a", "money_mid12_face_a_drum_stomp2_a"] },
        { "time": 19.11, "notes": ["money_mid11_face_a_drum_stomp1_a"] },
        { "time": 19.35, "notes": ["money_mid04_face_a_bass_bass1_a", "money_mid10_face_a_drum_kick_a", "money_mid12_face_a_drum_stomp2_a"] },
        { "time": 21.29, "notes": ["money_mid05_face_a_bass_bass2_a", "money_mid10_face_a_drum_kick_a", "money_mid12_face_a_drum_stomp2_a"] },
        { "time": 21.77, "notes": ["money_mid10_face_a_drum_kick_a"] },
        { "time": 22.25, "notes": ["money_mid10_face_a_drum_kick_a"] },
        { "time": 22.74, "notes": ["money_mid10_face_a_drum_kick_a"] },
        { "time": 23.22, "notes": ["money_mid04_face_a_bass_bass1_a", "money_mid10_face_a_drum_kick_a", "money_mid12_face_a_drum_stomp2_a"] },
        { "time": 25.16, "notes": ["money_mid05_face_a_bass_bass2_a", "money_mid12_face_a_drum_stomp2_a"] },
        { "time": 26.16, "notes": ["money_mid10_face_a_drum_kick_a"] },
        { "time": 26.85, "notes": ["money_mid11_face_a_drum_stomp1_a"] },
        { "time": 27.09, "notes": ["money_mid04_face_a_bass_bass1_a", "money_mid10_face_a_drum_kick_a", "money_mid12_face_a_drum_stomp2_a"] },
        { "time": 29.03, "notes": ["money_mid05_face_a_bass_bass2_a", "money_mid10_face_a_drum_kick_a", "money_mid12_face_a_drum_stomp2_a"] },
        { "time": 29.51, "notes": ["money_mid10_face_a_drum_kick_a"] },
        { "time": 30.0, "notes": ["money_mid10_face_a_drum_kick_a"] },
        { "time": 30.48, "notes": ["money_mid10_face_a_drum_kick_a"] },
        { "time": 30.96, "notes": ["money_mid04_face_a_bass_bass1_a", "money_mid10_face_a_drum_kick_a", "money_mid12_face_a_drum_stomp2_a"] },
        { "time": 32.9, "notes": ["money_mid05_face_a_bass_bass2_a", "money_mid10_face_a_drum_kick_a", "money_mid12_face_a_drum_stomp2_a"] },
        { "time": 33.38, "notes": ["money_mid10_face_a_drum_kick_a"] },
        { "time": 33.87, "notes": ["money_mid10_face_a_drum_kick_a"] },
        { "time": 34.35, "notes": ["money_mid10_face_a_drum_kick_a"] },
        { "time": 34.59, "notes": ["money_mid11_face_a_drum_stomp1_a"] },
        { "time": 34.83, "notes": ["money_mid04_face_a_bass_bass1_a", "money_mid05_face_a_bass_bass2_a", "money_mid10_face_a_drum_kick_a", "money_mid12_face_a_drum_stomp2_a"] },
        { "time": 35.32, "notes": ["money_mid10_face_a_drum_kick_a"] },
        { "time": 35.8, "notes": ["money_mid10_face_a_drum_kick_a"] },
        { "time": 36.29, "notes": ["money_mid10_face_a_drum_kick_a"] },
        { "time": 36.77, "notes": ["money_mid05_face_a_bass_bass2_a", "money_mid10_face_a_drum_kick_a", "money_mid12_face_a_drum_stomp2_a"] },
        { "time": 37.25, "notes": ["money_mid10_face_a_drum_kick_a"] },
        { "time": 37.74, "notes": ["money_mid10_face_a_drum_kick_a"] },
        { "time": 38.22, "notes": ["money_mid10_face_a_drum_kick_a"] },
        { "time": 38.71, "notes": ["money_mid04_face_a_bass_bass1_a", "money_mid05_face_a_bass_bass2_a", "money_mid10_face_a_drum_kick_a", "money_mid12_face_a_drum_stomp2_a"] },
        { "time": 39.19, "notes": ["money_mid10_face_a_drum_kick_a"] },
        { "time": 39.67, "notes": ["money_mid10_face_a_drum_kick_a"] },
        { "time": 40.16, "notes": ["money_mid10_face_a_drum_kick_a"] },
        { "time": 40.64, "notes": ["money_mid05_face_a_bass_bass2_a", "money_mid10_face_a_drum_kick_a", "money_mid12_face_a_drum_stomp2_a"] },
        { "time": 41.12, "notes": ["money_mid10_face_a_drum_kick_a"] },
        { "time": 41.61, "notes": ["money_mid10_face_a_drum_kick_a"] },
        { "time": 42.09, "notes": ["money_mid10_face_a_drum_kick_a"] },
        { "time": 42.33, "notes": ["money_mid11_face_a_drum_stomp1_a"] },
        { "time": 42.58, "notes": ["money_mid04_face_a_bass_bass1_a", "money_mid05_face_a_bass_bass2_a", "money_mid10_face_a_drum_kick_a", "money_mid12_face_a_drum_stomp2_a"] },
        { "time": 43.06, "notes": ["money_mid10_face_a_drum_kick_a"] },
        { "time": 43.54, "notes": ["money_mid10_face_a_drum_kick_a"] },
        { "time": 44.03, "notes": ["money_mid10_face_a_drum_kick_a"] },
        { "time": 44.51, "notes": ["money_mid05_face_a_bass_bass2_a", "money_mid10_face_a_drum_kick_a", "money_mid12_face_a_drum_stomp2_a"] },
        { "time": 45.0, "notes": ["money_mid10_face_a_drum_kick_a"] },
        { "time": 45.48, "notes": ["money_mid10_face_a_drum_kick_a"] },
        { "time": 45.96, "notes": ["money_mid10_face_a_drum_kick_a"] }
      ]
    },
    {
      "events": [
        { "time": 0.0, "notes": ["money_mid01_face_a_lead_lead1_a"] },
        { "time": 1.93, "notes": ["money_mid02_face_a_lead_lead2_a"] },
        { "time": 3.87, "notes": ["money_mid01_face_a_lead_lead1_a"] },
        { "time": 5.8, "notes": ["money_mid02_face_a_lead_lead2_a"] },
        { "time": 7.74, "notes": ["money_mid01_face_a_lead_lead1_a"] },
        { "time": 9.67, "notes": ["money_mid02_face_a_lead_lead2_a"] },
        { "time": 11.61, "notes": ["money_mid01_face_a_lead_lead1_a"] },
        { "time": 13.54, "notes": ["money_mid02_face_a_lead_lead2_a"] },
        { "time": 15.48, "notes": ["money_mid03_face_a_lead_lead3_a", "money_mid10_face_a_drum_kick_a", "money_mid12_face_a_drum_stomp2_a"] },
        { "time": 17.41, "notes": ["money_mid06_face_a_lead_lead4_a", "money_mid10_face_a_drum_kick_a", "money_mid12_face_a_drum_stomp2_a"] },
        { "time": 19.11, "notes": ["money_mid11_face_a_drum_stomp1_a"] },
        { "time": 19.35, "notes": ["money_mid03_face_a_lead_lead3_a", "money_mid10_face_a_drum_kick_a", "money_mid12_face_a_drum_stomp2_a"] },
        { "time": 21.29, "notes": ["money_mid06_face_a_lead_lead4_a", "money_mid10_face_a_drum_kick_a", "money_mid12_face_a_drum_stomp2_a"] },
        { "time": 21.77, "notes": ["money_mid10_face_a_drum_kick_a"] },
        { "time": 22.25, "notes": ["money_mid10_face_a_drum_kick_a"] },
        { "time": 22.74, "notes": ["money_mid10_face_a_drum_kick_a"] },
        { "time": 23.22, "notes": ["money_mid03_face_a_lead_lead3_a", "money_mid10_face_a_drum_kick_a", "money_mid12_face_a_drum_stomp2_a"] },
        { "time": 25.16, "notes": ["money_mid06_face_a_lead_lead4_a", "money_mid12_face_a_drum_stomp2_a"] },
        { "time": 26.16, "notes": ["money_mid10_face_a_drum_kick_a"] },
        { "time": 26.85, "notes": ["money_mid11_face_a_drum_stomp1_a"] },
        { "time": 27.09, "notes": ["money_mid03_face_a_lead_lead3_a", "money_mid10_face_a_drum_kick_a", "money_mid12_face_a_drum_stomp2_a"] },
        { "time": 29.03, "notes": ["money_mid06_face_a_lead_lead4_a", "money_mid10_face_a_drum_kick_a", "money_mid12_face_a_drum_stomp2_a"] },
        { "time": 29.51, "notes": ["money_mid10_face_a_drum_kick_a"] },
        { "time": 30.0, "notes": ["money_mid10_face_a_drum_kick_a"] },
        { "time": 30.48, "notes": ["money_mid10_face_a_drum_kick_a"] },
        { "time": 30.96, "notes": ["money_mid03_face_a_lead_lead3_a", "money_mid10_face_a_drum_kick_a", "money_mid12_face_a_drum_stomp2_a"] },
        { "time": 32.9, "notes": ["money_mid06_face_a_lead_lead4_a", "money_mid10_face_a_drum_kick_a", "money_mid12_face_a_drum_stomp2_a"] },
        { "time": 33.38, "notes": ["money_mid10_face_a_drum_kick_a"] },
        { "time": 33.87, "notes": ["money_mid10_face_a_drum_kick_a"] },
        { "time": 34.35, "notes": ["money_mid10_face_a_drum_kick_a"] },
        { "time": 34.59, "notes": ["money_mid11_face_a_drum_stomp1_a"] },
        { "time": 34.83, "notes": ["money_mid03_face_a_lead_lead3_a", "money_mid10_face_a_drum_kick_a", "money_mid12_face_a_drum_stomp2_a"] },
        { "time": 35.32, "notes": ["money_mid10_face_a_drum_kick_a"] },
        { "time": 35.8, "notes": ["money_mid10_face_a_drum_kick_a"] },
        { "time": 36.29, "notes": ["money_mid10_face_a_drum_kick_a"] },
        { "time": 36.77, "notes": ["money_mid06_face_a_lead_lead4_a", "money_mid10_face_a_drum_kick_a", "money_mid12_face_a_drum_stomp2_a"] },
        { "time": 37.25, "notes": ["money_mid10_face_a_drum_kick_a"] },
        { "time": 37.74, "notes": ["money_mid10_face_a_drum_kick_a"] },
        { "time": 38.22, "notes": ["money_mid10_face_a_drum_kick_a"] },
        { "time": 38.71, "notes": ["money_mid03_face_a_lead_lead3_a", "money_mid10_face_a_drum_kick_a", "money_mid12_face_a_drum_stomp2_a"] },
        { "time": 39.19, "notes": ["money_mid10_face_a_drum_kick_a"] },
        { "time": 39.67, "notes": ["money_mid10_face_a_drum_kick_a"] },
        { "time": 40.16, "notes": ["money_mid10_face_a_drum_kick_a"] },
        { "time": 40.64, "notes": ["money_mid06_face_a_lead_lead4_a", "money_mid10_face_a_drum_kick_a", "money_mid12_face_a_drum_stomp2_a"] },
        { "time": 41.12, "notes": ["money_mid10_face_a_drum_kick_a"] },
        { "time": 41.61, "notes": ["money_mid10_face_a_drum_kick_a"] },
        { "time": 42.09, "notes": ["money_mid10_face_a_drum_kick_a"] },
        { "time": 42.33, "notes": ["money_mid11_face_a_drum_stomp1_a"] },
        { "time": 42.58, "notes": ["money_mid03_face_a_lead_lead3_a", "money_mid10_face_a_drum_kick_a", "money_mid12_face_a_drum_stomp2_a"] },
        { "time": 43.06, "notes": ["money_mid10_face_a_drum_kick_a"] },
        { "time": 43.54, "notes": ["money_mid10_face_a_drum_kick_a"] },
        { "time": 44.03, "notes": ["money_mid10_face_a_drum_kick_a"] },
        { "time": 44.51, "notes": ["money_mid06_face_a_lead_lead4_a", "money_mid10_face_a_drum_kick_a", "money_mid12_face_a_drum_stomp2_a"] },
        { "time": 45.0, "notes": ["money_mid10_face_a_drum_kick_a"] },
        { "time": 45.48, "notes": ["money_mid10_face_a_drum_kick_a"] },
        { "time": 45.96, "notes": ["money_mid10_face_a_drum_kick_a"] }
      ]
    },
    {
      "events": [
        { "time": 0.0, "notes": ["money_mid01_face_a_lead_lead1_a"] },
        { "time": 1.93, "notes": ["money_mid02_face_a_lead_lead2_a"] },
        { "time": 3.87, "notes": ["money_mid01_face_a_lead_lead1_a"] },
        { "time": 5.8, "notes": ["money_mid02_face_a_lead_lead2_a"] },
        { "time": 7.74, "notes": ["money_mid01_face_a_lead_lead1_a", "money_mid04_face_a_bass_bass1_a"] },
        { "time": 9.67, "notes": ["money_mid02_face_a_lead_lead2_a", "money_mid05_face_a_bass_bass2_a"] },
        { "time": 11.61, "notes": ["money_mid01_face_a_lead_lead1_a", "money_mid04_face_a_bass_bass1_a"] },
        { "time": 13.54, "notes": ["money_mid02_face_a_lead_lead2_a", "money_mid05_face_a_bass_bass2_a"] },
        { "time": 15.48, "notes": ["money_mid03_face_a_lead_lead3_a", "money_mid04_face_a_bass_bass1_a"] },
        { "time": 17.41, "notes": ["money_mid06_face_a_lead_lead4_a", "money_mid05_face_a_bass_bass2_a"] },
        { "time": 19.35, "notes": ["money_mid03_face_a_lead_lead3_a", "money_mid04_face_a_bass_bass1_a"] },
        { "time": 21.29, "notes": ["money_mid06_face_a_lead_lead4_a", "money_mid05_face_a_bass_bass2_a"] },
        { "time": 23.22, "notes": ["money_mid03_face_a_lead_lead3_a", "money_mid04_face_a_bass_bass1_a"] },
        { "time": 25.16, "notes": ["money_mid06_face_a_lead_lead4_a", "money_mid05_face_a_bass_bass2_a"] },
        { "time": 27.09, "notes": ["money_mid03_face_a_lead_lead3_a", "money_mid04_face_a_bass_bass1_a"] },
        { "time": 29.03, "notes": ["money_mid06_face_a_lead_lead4_a", "money_mid05_face_a_bass_bass2_a"] },
        { "time": 30.96, "notes": ["money_mid03_face_a_lead_lead3_a", "money_mid04_face_a_bass_bass1_a"] },
        { "time": 32.9, "notes": ["money_mid06_face_a_lead_lead4_a", "money_mid05_face_a_bass_bass2_a"] },
        { "time": 34.83, "notes": ["money_mid03_face_a_lead_lead3_a", "money_mid04_face_a_bass_bass1_a", "money_mid05_face_a_bass_bass2_a"] },
        { "time": 36.77, "notes": ["money_mid06_face_a_lead_lead4_a", "money_mid05_face_a_bass_bass2_a"] },
        { "time": 38.71, "notes": ["money_mid03_face_a_lead_lead3_a", "money_mid04_face_a_bass_bass1_a", "money_mid05_face_a_bass_bass2_a"] },
        { "time": 40.64, "notes": ["money_mid06_face_a_lead_lead4_a", "money_mid05_face_a_bass_bass2_a"] },
        { "time": 42.58, "notes": ["money_mid03_face_a_lead_lead3_a", "money_mid04_face_a_bass_bass1_a", "money_mid05_face_a_bass_bass2_a"] },
        { "time": 44.51, "notes": ["money_mid06_face_a_lead_lead4_a", "money_mid05_face_a_bass_bass2_a"] }
      ]
    },
    {
      "events": [
        { "time": 0.0, "notes": ["money_mid01_face_a_lead_lead1_a"] },
        { "time": 1.93, "notes": ["money_mid02_face_a_lead_lead2_a"] },
        { "time": 3.87, "notes": ["money_mid01_face_a_lead_lead1_a"] },
        { "time": 5.8, "notes": ["money_mid02_face_a_lead_lead2_a"] },
        { "time": 7.74, "notes": ["money_mid01_face_a_lead_lead1_a", "money_mid04_face_a_bass_bass1_a", "money_mid09_face_a_fx_fx_a"] },
        { "time": 9.67, "notes": ["money_mid02_face_a_lead_lead2_a", "money_mid05_face_a_bass_bass2_a"] },
        { "time": 11.61, "notes": ["money_mid01_face_a_lead_lead1_a", "money_mid04_face_a_bass_bass1_a"] },
        { "time": 13.54, "notes": ["money_mid02_face_a_lead_lead2_a", "money_mid05_face_a_bass_bass2_a"] },
        { "time": 15.48, "notes": ["money_mid03_face_a_lead_lead3_a", "money_mid04_face_a_bass_bass1_a", "money_mid07_face_a_fx_vocal1_a", "money_mid10_face_a_drum_kick_a", "money_mid12_face_a_drum_stomp2_a"] },
        { "time": 17.41, "notes": ["money_mid06_face_a_lead_lead4_a", "money_mid05_face_a_bass_bass2_a", "money_mid08_face_a_fx_vocal2_a", "money_mid10_face_a_drum_kick_a", "money_mid12_face_a_drum_stomp2_a"] },
        { "time": 19.11, "notes": ["money_mid11_face_a_drum_stomp1_a"] },
        { "time": 19.35, "notes": ["money_mid03_face_a_lead_lead3_a", "money_mid04_face_a_bass_bass1_a", "money_mid07_face_a_fx_vocal1_a", "money_mid10_face_a_drum_kick_a", "money_mid12_face_a_drum_stomp2_a"] },
        { "time": 21.29, "notes": ["money_mid06_face_a_lead_lead4_a", "money_mid05_face_a_bass_bass2_a", "money_mid08_face_a_fx_vocal2_a", "money_mid10_face_a_drum_kick_a", "money_mid12_face_a_drum_stomp2_a"] },
        { "time": 21.77, "notes": ["money_mid10_face_a_drum_kick_a"] },
        { "time": 22.25, "notes": ["money_mid10_face_a_drum_kick_a"] },
        { "time": 22.74, "notes": ["money_mid10_face_a_drum_kick_a"] },
        { "time": 23.22, "notes": ["money_mid03_face_a_lead_lead3_a", "money_mid04_face_a_bass_bass1_a", "money_mid07_face_a_fx_vocal1_a", "money_mid10_face_a_drum_kick_a", "money_mid12_face_a_drum_stomp2_a"] },
        { "time": 25.16, "notes": ["money_mid06_face_a_lead_lead4_a", "money_mid05_face_a_bass_bass2_a", "money_mid08_face_a_fx_vocal2_a", "money_mid12_face_a_drum_stomp2_a"] },
        { "time": 26.16, "notes": ["money_mid10_face_a_drum_kick_a"] },
        { "time": 26.85, "notes": ["money_mid11_face_a_drum_stomp1_a"] },
        { "time": 27.09, "notes": ["money_mid03_face_a_lead_lead3_a", "money_mid04_face_a_bass_bass1_a", "money_mid07_face_a_fx_vocal1_a", "money_mid10_face_a_drum_kick_a", "money_mid12_face_a_drum_stomp2_a"] },
        { "time": 29.03, "notes": ["money_mid06_face_a_lead_lead4_a", "money_mid05_face_a_bass_bass2_a", "money_mid08_face_a_fx_vocal2_a", "money_mid10_face_a_drum_kick_a", "money_mid12_face_a_drum_stomp2_a"] },
        { "time": 29.51, "notes": ["money_mid10_face_a_drum_kick_a"] },
        { "time": 30.0, "notes": ["money_mid10_face_a_drum_kick_a"] },
        { "time": 30.48, "notes": ["money_mid10_face_a_drum_kick_a"] },
        { "time": 30.96, "notes": ["money_mid03_face_a_lead_lead3_a", "money_mid04_face_a_bass_bass1_a", "money_mid09_face_a_fx_fx_a", "money_mid10_face_a_drum_kick_a", "money_mid12_face_a_drum_stomp2_a"] },
        { "time": 32.9, "notes": ["money_mid06_face_a_lead_lead4_a", "money_mid05_face_a_bass_bass2_a", "money_mid10_face_a_drum_kick_a", "money_mid12_face_a_drum_stomp2_a"] },
        { "time": 33.38, "notes": ["money_mid10_face_a_drum_kick_a"] },
        { "time": 33.87, "notes": ["money_mid10_face_a_drum_kick_a"] },
        { "time": 34.35, "notes": ["money_mid10_face_a_drum_kick_a"] },
        { "time": 34.59, "notes": ["money_mid11_face_a_drum_stomp1_a"] },
        { "time": 34.83, "notes": ["money_mid03_face_a_lead_lead3_a", "money_mid04_face_a_bass_bass1_a", "money_mid05_face_a_bass_bass2_a", "money_mid10_face_a_drum_kick_a", "money_mid12_face_a_drum_stomp2_a"] },
        { "time": 35.32, "notes": ["money_mid10_face_a_drum_kick_a"] },
        { "time": 35.8, "notes": ["money_mid10_face_a_drum_kick_a"] },
        { "time": 36.29, "notes": ["money_mid10_face_a_drum_kick_a"] },
        { "time": 36.77, "notes": ["money_mid06_face_a_lead_lead4_a", "money_mid05_face_a_bass_bass2_a", "money_mid10_face_a_drum_kick_a", "money_mid12_face_a_drum_stomp2_a"] },
        { "time": 37.25, "notes": ["money_mid10_face_a_drum_kick_a"] },
        { "time": 37.74, "notes": ["money_mid10_face_a_drum_kick_a"] },
        { "time": 38.22, "notes": ["money_mid10_face_a_drum_kick_a"] },
        { "time": 38.71, "notes": ["money_mid03_face_a_lead_lead3_a", "money_mid04_face_a_bass_bass1_a", "money_mid05_face_a_bass_bass2_a", "money_mid10_face_a_drum_kick_a", "money_mid12_face_a_drum_stomp2_a"] },
        { "time": 39.19, "notes": ["money_mid10_face_a_drum_kick_a"] },
        { "time": 39.67, "notes": ["money_mid10_face_a_drum_kick_a"] },
        { "time": 40.16, "notes": ["money_mid10_face_a_drum_kick_a"] },
        { "time": 40.64, "notes": ["money_mid06_face_a_lead_lead4_a", "money_mid05_face_a_bass_bass2_a", "money_mid10_face_a_drum_kick_a", "money_mid12_face_a_drum_stomp2_a"] },
        { "time": 41.12, "notes": ["money_mid10_face_a_drum_kick_a"] },
        { "time": 41.61, "notes": ["money_mid10_face_a_drum_kick_a"] },
        { "time": 42.09, "notes": ["money_mid10_face_a_drum_kick_a"] },
        { "time": 42.33, "notes": ["money_mid11_face_a_drum_stomp1_a"] },
        { "time": 42.58, "notes": ["money_mid03_face_a_lead_lead3_a", "money_mid04_face_a_bass_bass1_a", "money_mid05_face_a_bass_bass2_a", "money_mid10_face_a_drum_kick_a", "money_mid12_face_a_drum_stomp2_a"] },
        { "time": 43.06, "notes": ["money_mid10_face_a_drum_kick_a"] },
        { "time": 43.54, "notes": ["money_mid10_face_a_drum_kick_a"] },
        { "time": 44.03, "notes": ["money_mid10_face_a_drum_kick_a"] },
        { "time": 44.51, "notes": ["money_mid06_face_a_lead_lead4_a", "money_mid05_face_a_bass_bass2_a", "money_mid10_face_a_drum_kick_a", "money_mid12_face_a_drum_stomp2_a"] },
        { "time": 45.0, "notes": ["money_mid10_face_a_drum_kick_a"] },
        { "time": 45.48, "notes": ["money_mid10_face_a_drum_kick_a"] },
        { "time": 45.96, "notes": ["money_mid10_face_a_drum_kick_a"] }
      ]
    }
  ]
