{
  "events": [
    { "time": 0.0, "notes": ["Mortals_mid02_face_a_drum_a"] },
    { "time": 3.8, "notes": ["Mortals_mid10_face_a_drum_a"] },
    { "time": 7.6, "notes": ["Mortals_mid12_face_a_lead_a"] },
    { "time": 11.4, "notes": ["Mortals_mid04_face_a_lead_a"] },
    { "time": 15.1, "notes": ["Mortals_mid07_face_a_drum_a"] },
    { "time": 18.9, "notes": ["Mortals_mid05_face_a_drum_a"] },
    { "time": 22.7, "notes": ["Mortals_mid01_face_a_lead_a"] },
    { "time": 26.5, "notes": ["Mortals_mid08_face_a_lead_a"] },
    { "time": 30.3, "notes": ["Mortals_mid06_face_a_drum_a"] },
    { "time": 34.1, "notes": ["Mortals_mid09_face_a_drum_a"] },
    { "time": 37.9, "notes": ["Mortals_mid11_face_a_lead_a"] },
    { "time": 41.6, "notes": ["Mortals_mid03_face_a_lead_a"] }
  ]
}
