[
    {
      "events": [
        { "time": 0.0, "notes": ["mortals_mid10_face_a_drum_kick_a"] },
        { "time": 0.66, "notes": ["mortals_mid11_face_a_drum_snare_a"] },
        { "time": 1.66, "notes": ["mortals_mid10_face_a_drum_kick_a"] },
        { "time": 2.0, "notes": ["mortals_mid11_face_a_drum_snare_a"] },
        { "time": 2.16, "notes": ["mortals_mid10_face_a_drum_kick_a"] },
        { "time": 2.66, "notes": ["mortals_mid10_face_a_drum_kick_a"] },
        { "time": 3.33, "notes": ["mortals_mid11_face_a_drum_snare_a"] },
        { "time": 4.33, "notes": ["mortals_mid10_face_a_drum_kick_a"] },
        { "time": 4.66, "notes": ["mortals_mid11_face_a_drum_snare_a"] },
        { "time": 5.33, "notes": ["mortals_mid10_face_a_drum_kick_a"] },
        { "time": 6.0, "notes": ["mortals_mid11_face_a_drum_snare_a"] },
        { "time": 7.0, "notes": ["mortals_mid10_face_a_drum_kick_a"] },
        { "time": 7.33, "notes": ["mortals_mid11_face_a_drum_snare_a"] },
        { "time": 7.5, "notes": ["mortals_mid10_face_a_drum_kick_a"] },
        { "time": 8.0, "notes": ["mortals_mid10_face_a_drum_kick_a"] },
        { "time": 8.66, "notes": ["mortals_mid11_face_a_drum_snare_a"] },
        { "time": 9.66, "notes": ["mortals_mid10_face_a_drum_kick_a"] },
        { "time": 10.0, "notes": ["mortals_mid11_face_a_drum_snare_a"] },
        { "time": 10.66, "notes": ["mortals_mid10_face_a_drum_kick_a"] },
        { "time": 11.33, "notes": ["mortals_mid11_face_a_drum_snare_a"] },
        { "time": 12.33, "notes": ["mortals_mid10_face_a_drum_kick_a"] },
        { "time": 12.66, "notes": ["mortals_mid11_face_a_drum_snare_a"] },
        { "time": 12.83, "notes": ["mortals_mid10_face_a_drum_kick_a"] },
        { "time": 13.33, "notes": ["mortals_mid10_face_a_drum_kick_a"] },
        { "time": 14.0, "notes": ["mortals_mid11_face_a_drum_snare_a"] },
        { "time": 15.0, "notes": ["mortals_mid10_face_a_drum_kick_a"] },
        { "time": 15.33, "notes": ["mortals_mid11_face_a_drum_snare_a"] },
        { "time": 16.0, "notes": ["mortals_mid10_face_a_drum_kick_a"] },
        { "time": 16.66, "notes": ["mortals_mid11_face_a_drum_snare_a"] },
        { "time": 17.66, "notes": ["mortals_mid10_face_a_drum_kick_a"] },
        { "time": 18.0, "notes": ["mortals_mid11_face_a_drum_snare_a"] },
        { "time": 18.16, "notes": ["mortals_mid10_face_a_drum_kick_a"] },
        { "time": 18.66, "notes": ["mortals_mid10_face_a_drum_kick_a"] },
        { "time": 19.33, "notes": ["mortals_mid11_face_a_drum_snare_a"] },
        { "time": 20.33, "notes": ["mortals_mid10_face_a_drum_kick_a"] },
        { "time": 20.66, "notes": ["mortals_mid11_face_a_drum_snare_a"] },
        { "time": 21.33, "notes": ["mortals_mid10_face_a_drum_kick_a"] },
        { "time": 22.0, "notes": ["mortals_mid11_face_a_drum_snare_a"] },
        { "time": 23.0, "notes": ["mortals_mid10_face_a_drum_kick_a"] },
        { "time": 23.33, "notes": ["mortals_mid11_face_a_drum_snare_a"] },
        { "time": 23.5, "notes": ["mortals_mid10_face_a_drum_kick_a"] },
        { "time": 24.0, "notes": ["mortals_mid10_face_a_drum_kick_a"] },
        { "time": 24.66, "notes": ["mortals_mid11_face_a_drum_snare_a"] },
        { "time": 25.66, "notes": ["mortals_mid10_face_a_drum_kick_a"] },
        { "time": 26.16, "notes": ["mortals_mid10_face_a_drum_kick_a"] },
        { "time": 26.66, "notes": ["mortals_mid10_face_a_drum_kick_a"] },
        { "time": 27.33, "notes": ["mortals_mid11_face_a_drum_snare_a"] },
        { "time": 28.33, "notes": ["mortals_mid10_face_a_drum_kick_a"] },
        { "time": 28.66, "notes": ["mortals_mid11_face_a_drum_snare_a"] },
        { "time": 28.83, "notes": ["mortals_mid10_face_a_drum_kick_a"] },
        { "time": 29.33, "notes": ["mortals_mid10_face_a_drum_kick_a"] },
        { "time": 30.0, "notes": ["mortals_mid11_face_a_drum_snare_a"] },
        { "time": 31.0, "notes": ["mortals_mid10_face_a_drum_kick_a"] },
        { "time": 31.5, "notes": ["mortals_mid10_face_a_drum_kick_a"] },
        { "time": 32.0, "notes": ["mortals_mid10_face_a_drum_kick_a"] },
        { "time": 32.66, "notes": ["mortals_mid11_face_a_drum_snare_a"] },
        { "time": 33.66, "notes": ["mortals_mid10_face_a_drum_kick_a"] },
        { "time": 34.0, "notes": ["mortals_mid11_face_a_drum_snare_a"] },
        { "time": 34.16, "notes": ["mortals_mid10_face_a_drum_kick_a"] },
        { "time": 34.66, "notes": ["mortals_mid10_face_a_drum_kick_a"] },
        { "time": 35.33, "notes": ["mortals_mid11_face_a_drum_snare_a"] },
        { "time": 36.33, "notes": ["mortals_mid10_face_a_drum_kick_a"] },
        { "time": 36.83, "notes": ["mortals_mid10_face_a_drum_kick_a"] },
        { "time": 37.33, "notes": ["mortals_mid10_face_a_drum_kick_a"] },
        { "time": 38.0, "notes": ["mortals_mid11_face_a_drum_snare_a"] },
        { "time": 39.0, "notes": ["mortals_mid10_face_a_drum_kick_a"] },
        { "time": 39.33, "notes": ["mortals_mid11_face_a_drum_snare_a"] },
        { "time": 39.5, "notes": ["mortals_mid10_face_a_drum_kick_a"] },
        { "time": 40.0, "notes": ["mortals_mid10_face_a_drum_kick_a"] },
        { "time": 40.66, "notes": ["mortals_mid11_face_a_drum_snare_a"] },
        { "time": 41.66, "notes": ["mortals_mid10_face_a_drum_kick_a"] },
        { "time": 42.16, "notes": ["mortals_mid10_face_a_drum_kick_a"] },
        { "time": 43.33, "notes": ["mortals_mid11_face_a_drum_snare_a"] },
        { "time": 44.66, "notes": ["mortals_mid11_face_a_drum_snare_a"] }
      ]
    },
    {
      "events": [
        { "time": 0.0, "notes": ["mortals_mid04_face_a_bass_bass1_a", "mortals_mid10_face_a_drum_kick_a"] },
        { "time": 0.66, "notes": ["mortals_mid11_face_a_drum_snare_a"] },
        { "time": 1.66, "notes": ["mortals_mid10_face_a_drum_kick_a"] },
        { "time": 2.0, "notes": ["mortals_mid11_face_a_drum_snare_a"] },
        { "time": 2.16, "notes": ["mortals_mid10_face_a_drum_kick_a"] },
        { "time": 2.66, "notes": ["mortals_mid10_face_a_drum_kick_a"] },
        { "time": 3.33, "notes": ["mortals_mid11_face_a_drum_snare_a"] },
        { "time": 4.33, "notes": ["mortals_mid10_face_a_drum_kick_a"] },
        { "time": 4.66, "notes": ["mortals_mid11_face_a_drum_snare_a"] },
        { "time": 5.33, "notes": ["mortals_mid05_face_a_bass_bass2_a", "mortals_mid10_face_a_drum_kick_a"] },
        { "time": 6.0, "notes": ["mortals_mid11_face_a_drum_snare_a"] },
        { "time": 7.0, "notes": ["mortals_mid10_face_a_drum_kick_a"] },
        { "time": 7.33, "notes": ["mortals_mid11_face_a_drum_snare_a"] },
        { "time": 7.5, "notes": ["mortals_mid10_face_a_drum_kick_a"] },
        { "time": 8.0, "notes": ["mortals_mid10_face_a_drum_kick_a"] },
        { "time": 8.66, "notes": ["mortals_mid11_face_a_drum_snare_a"] },
        { "time": 9.66, "notes": ["mortals_mid10_face_a_drum_kick_a"] },
        { "time": 10.0, "notes": ["mortals_mid11_face_a_drum_snare_a"] },
        { "time": 10.66, "notes": ["mortals_mid04_face_a_bass_bass1_a", "mortals_mid10_face_a_drum_kick_a"] },
        { "time": 11.33, "notes": ["mortals_mid11_face_a_drum_snare_a"] },
        { "time": 12.33, "notes": ["mortals_mid10_face_a_drum_kick_a"] },
        { "time": 12.66, "notes": ["mortals_mid11_face_a_drum_snare_a"] },
        { "time": 12.83, "notes": ["mortals_mid10_face_a_drum_kick_a"] },
        { "time": 13.33, "notes": ["mortals_mid10_face_a_drum_kick_a"] },
        { "time": 14.0, "notes": ["mortals_mid11_face_a_drum_snare_a"] },
        { "time": 15.0, "notes": ["mortals_mid10_face_a_drum_kick_a"] },
        { "time": 15.33, "notes": ["mortals_mid11_face_a_drum_snare_a"] },
        { "time": 16.0, "notes": ["mortals_mid05_face_a_bass_bass2_a", "mortals_mid10_face_a_drum_kick_a"] },
        { "time": 16.66, "notes": ["mortals_mid11_face_a_drum_snare_a"] },
        { "time": 17.66, "notes": ["mortals_mid10_face_a_drum_kick_a"] },
        { "time": 18.0, "notes": ["mortals_mid11_face_a_drum_snare_a"] },
        { "time": 18.16, "notes": ["mortals_mid10_face_a_drum_kick_a"] },
        { "time": 18.66, "notes": ["mortals_mid10_face_a_drum_kick_a"] },
        { "time": 19.33, "notes": ["mortals_mid11_face_a_drum_snare_a"] },
        { "time": 20.33, "notes": ["mortals_mid10_face_a_drum_kick_a"] },
        { "time": 20.66, "notes": ["mortals_mid11_face_a_drum_snare_a"] },
        { "time": 21.33, "notes": ["mortals_mid07_face_a_bass_bass3_a", "mortals_mid10_face_a_drum_kick_a"] },
        { "time": 22.0, "notes": ["mortals_mid11_face_a_drum_snare_a"] },
        { "time": 23.0, "notes": ["mortals_mid10_face_a_drum_kick_a"] },
        { "time": 23.33, "notes": ["mortals_mid11_face_a_drum_snare_a"] },
        { "time": 23.5, "notes": ["mortals_mid10_face_a_drum_kick_a"] },
        { "time": 24.0, "notes": ["mortals_mid10_face_a_drum_kick_a"] },
        { "time": 24.66, "notes": ["mortals_mid11_face_a_drum_snare_a"] },
        { "time": 25.66, "notes": ["mortals_mid10_face_a_drum_kick_a"] },
        { "time": 26.16, "notes": ["mortals_mid10_face_a_drum_kick_a"] },
        { "time": 26.66, "notes": ["mortals_mid08_face_a_bass_bass4_a", "mortals_mid10_face_a_drum_kick_a"] },
        { "time": 27.33, "notes": ["mortals_mid11_face_a_drum_snare_a"] },
        { "time": 28.33, "notes": ["mortals_mid10_face_a_drum_kick_a"] },
        { "time": 28.66, "notes": ["mortals_mid11_face_a_drum_snare_a"] },
        { "time": 28.83, "notes": ["mortals_mid10_face_a_drum_kick_a"] },
        { "time": 29.33, "notes": ["mortals_mid10_face_a_drum_kick_a"] },
        { "time": 30.0, "notes": ["mortals_mid11_face_a_drum_snare_a"] },
        { "time": 31.0, "notes": ["mortals_mid10_face_a_drum_kick_a"] },
        { "time": 31.5, "notes": ["mortals_mid10_face_a_drum_kick_a"] },
        { "time": 32.0, "notes": ["mortals_mid07_face_a_bass_bass3_a", "mortals_mid10_face_a_drum_kick_a"] },
        { "time": 32.66, "notes": ["mortals_mid11_face_a_drum_snare_a"] },
        { "time": 33.66, "notes": ["mortals_mid10_face_a_drum_kick_a"] },
        { "time": 34.0, "notes": ["mortals_mid11_face_a_drum_snare_a"] },
        { "time": 34.16, "notes": ["mortals_mid10_face_a_drum_kick_a"] },
        { "time": 34.66, "notes": ["mortals_mid10_face_a_drum_kick_a"] },
        { "time": 35.33, "notes": ["mortals_mid11_face_a_drum_snare_a"] },
        { "time": 36.33, "notes": ["mortals_mid10_face_a_drum_kick_a"] },
        { "time": 36.83, "notes": ["mortals_mid10_face_a_drum_kick_a"] },
        { "time": 37.33, "notes": ["mortals_mid08_face_a_bass_bass4_a", "mortals_mid10_face_a_drum_kick_a"] },
        { "time": 38.0, "notes": ["mortals_mid11_face_a_drum_snare_a"] },
        { "time": 39.0, "notes": ["mortals_mid10_face_a_drum_kick_a"] },
        { "time": 39.33, "notes": ["mortals_mid11_face_a_drum_snare_a"] },
        { "time": 39.5, "notes": ["mortals_mid10_face_a_drum_kick_a"] },
        { "time": 40.0, "notes": ["mortals_mid10_face_a_drum_kick_a"] },
        { "time": 40.66, "notes": ["mortals_mid11_face_a_drum_snare_a"] },
        { "time": 41.66, "notes": ["mortals_mid10_face_a_drum_kick_a"] },
        { "time": 42.16, "notes": ["mortals_mid10_face_a_drum_kick_a"] },
        { "time": 43.33, "notes": ["mortals_mid11_face_a_drum_snare_a"] },
        { "time": 44.66, "notes": ["mortals_mid11_face_a_drum_snare_a"] }
      ]
    },
    {
      "events": [
        { "time": 0.0, "notes": ["mortals_mid01_face_a_lead_lead1_a", "mortals_mid10_face_a_drum_kick_a"] },
        { "time": 0.66, "notes": ["mortals_mid11_face_a_drum_snare_a"] },
        { "time": 1.66, "notes": ["mortals_mid10_face_a_drum_kick_a"] },
        { "time": 2.0, "notes": ["mortals_mid11_face_a_drum_snare_a"] },
        { "time": 2.16, "notes": ["mortals_mid10_face_a_drum_kick_a"] },
        { "time": 2.66, "notes": ["mortals_mid10_face_a_drum_kick_a"] },
        { "time": 3.33, "notes": ["mortals_mid11_face_a_drum_snare_a"] },
        { "time": 4.33, "notes": ["mortals_mid10_face_a_drum_kick_a"] },
        { "time": 4.66, "notes": ["mortals_mid11_face_a_drum_snare_a"] },
        { "time": 5.33, "notes": ["mortals_mid02_face_a_lead_lead2_a", "mortals_mid10_face_a_drum_kick_a"] },
        { "time": 6.0, "notes": ["mortals_mid11_face_a_drum_snare_a"] },
        { "time": 7.0, "notes": ["mortals_mid10_face_a_drum_kick_a"] },
        { "time": 7.33, "notes": ["mortals_mid11_face_a_drum_snare_a"] },
        { "time": 7.5, "notes": ["mortals_mid10_face_a_drum_kick_a"] },
        { "time": 8.0, "notes": ["mortals_mid10_face_a_drum_kick_a"] },
        { "time": 8.66, "notes": ["mortals_mid11_face_a_drum_snare_a"] },
        { "time": 9.66, "notes": ["mortals_mid10_face_a_drum_kick_a"] },
        { "time": 10.0, "notes": ["mortals_mid11_face_a_drum_snare_a"] },
        { "time": 10.66, "notes": ["mortals_mid01_face_a_lead_lead1_a", "mortals_mid10_face_a_drum_kick_a"] },
        { "time": 11.33, "notes": ["mortals_mid11_face_a_drum_snare_a"] },
        { "time": 12.33, "notes": ["mortals_mid10_face_a_drum_kick_a"] },
        { "time": 12.66, "notes": ["mortals_mid11_face_a_drum_snare_a"] },
        { "time": 12.83, "notes": ["mortals_mid10_face_a_drum_kick_a"] },
        { "time": 13.33, "notes": ["mortals_mid10_face_a_drum_kick_a"] },
        { "time": 14.0, "notes": ["mortals_mid11_face_a_drum_snare_a"] },
        { "time": 15.0, "notes": ["mortals_mid10_face_a_drum_kick_a"] },
        { "time": 15.33, "notes": ["mortals_mid11_face_a_drum_snare_a"] },
        { "time": 16.0, "notes": ["mortals_mid02_face_a_lead_lead2_a", "mortals_mid10_face_a_drum_kick_a"] },
        { "time": 16.66, "notes": ["mortals_mid11_face_a_drum_snare_a"] },
        { "time": 17.66, "notes": ["mortals_mid10_face_a_drum_kick_a"] },
        { "time": 18.0, "notes": ["mortals_mid11_face_a_drum_snare_a"] },
        { "time": 18.16, "notes": ["mortals_mid10_face_a_drum_kick_a"] },
        { "time": 18.66, "notes": ["mortals_mid10_face_a_drum_kick_a"] },
        { "time": 19.33, "notes": ["mortals_mid11_face_a_drum_snare_a"] },
        { "time": 20.33, "notes": ["mortals_mid10_face_a_drum_kick_a"] },
        { "time": 20.66, "notes": ["mortals_mid11_face_a_drum_snare_a"] },
        { "time": 21.33, "notes": ["mortals_mid03_face_a_lead_lead3_a", "mortals_mid10_face_a_drum_kick_a"] },
        { "time": 22.0, "notes": ["mortals_mid11_face_a_drum_snare_a"] },
        { "time": 23.0, "notes": ["mortals_mid10_face_a_drum_kick_a"] },
        { "time": 23.33, "notes": ["mortals_mid11_face_a_drum_snare_a"] },
        { "time": 23.5, "notes": ["mortals_mid10_face_a_drum_kick_a"] },
        { "time": 24.0, "notes": ["mortals_mid10_face_a_drum_kick_a"] },
        { "time": 24.66, "notes": ["mortals_mid11_face_a_drum_snare_a"] },
        { "time": 25.66, "notes": ["mortals_mid10_face_a_drum_kick_a"] },
        { "time": 26.16, "notes": ["mortals_mid10_face_a_drum_kick_a"] },
        { "time": 26.66, "notes": ["mortals_mid06_face_a_lead_lead4_a", "mortals_mid10_face_a_drum_kick_a"] },
        { "time": 27.33, "notes": ["mortals_mid11_face_a_drum_snare_a"] },
        { "time": 28.33, "notes": ["mortals_mid10_face_a_drum_kick_a"] },
        { "time": 28.66, "notes": ["mortals_mid11_face_a_drum_snare_a"] },
        { "time": 28.83, "notes": ["mortals_mid10_face_a_drum_kick_a"] },
        { "time": 29.33, "notes": ["mortals_mid10_face_a_drum_kick_a"] },
        { "time": 30.0, "notes": ["mortals_mid11_face_a_drum_snare_a"] },
        { "time": 31.0, "notes": ["mortals_mid10_face_a_drum_kick_a"] },
        { "time": 31.5, "notes": ["mortals_mid10_face_a_drum_kick_a"] },
        { "time": 32.0, "notes": ["mortals_mid03_face_a_lead_lead3_a", "mortals_mid10_face_a_drum_kick_a"] },
        { "time": 32.66, "notes": ["mortals_mid11_face_a_drum_snare_a"] },
        { "time": 33.66, "notes": ["mortals_mid10_face_a_drum_kick_a"] },
        { "time": 34.0, "notes": ["mortals_mid11_face_a_drum_snare_a"] },
        { "time": 34.16, "notes": ["mortals_mid10_face_a_drum_kick_a"] },
        { "time": 34.66, "notes": ["mortals_mid10_face_a_drum_kick_a"] },
        { "time": 35.33, "notes": ["mortals_mid11_face_a_drum_snare_a"] },
        { "time": 36.33, "notes": ["mortals_mid10_face_a_drum_kick_a"] },
        { "time": 36.83, "notes": ["mortals_mid10_face_a_drum_kick_a"] },
        { "time": 37.33, "notes": ["mortals_mid06_face_a_lead_lead4_a", "mortals_mid10_face_a_drum_kick_a"] },
        { "time": 38.0, "notes": ["mortals_mid11_face_a_drum_snare_a"] },
        { "time": 39.0, "notes": ["mortals_mid10_face_a_drum_kick_a"] },
        { "time": 39.33, "notes": ["mortals_mid11_face_a_drum_snare_a"] },
        { "time": 39.5, "notes": ["mortals_mid10_face_a_drum_kick_a"] },
        { "time": 40.0, "notes": ["mortals_mid10_face_a_drum_kick_a"] },
        { "time": 40.66, "notes": ["mortals_mid11_face_a_drum_snare_a"] },
        { "time": 41.66, "notes": ["mortals_mid10_face_a_drum_kick_a"] },
        { "time": 42.16, "notes": ["mortals_mid10_face_a_drum_kick_a"] },
        { "time": 43.33, "notes": ["mortals_mid11_face_a_drum_snare_a"] },
        { "time": 44.66, "notes": ["mortals_mid11_face_a_drum_snare_a"] }
      ]
    },
    {
      "events": [
        { "time": 0.0, "notes": ["mortals_mid01_face_a_lead_lead1_a", "mortals_mid04_face_a_bass_bass1_a", "mortals_mid09_face_a_fx_fx1_a", "mortals_mid10_face_a_drum_kick_a"] },
        { "time": 0.66, "notes": ["mortals_mid11_face_a_drum_snare_a"] },
        { "time": 1.66, "notes": ["mortals_mid10_face_a_drum_kick_a"] },
        { "time": 2.0, "notes": ["mortals_mid11_face_a_drum_snare_a"] },
        { "time": 2.16, "notes": ["mortals_mid10_face_a_drum_kick_a"] },
        { "time": 2.66, "notes": ["mortals_mid10_face_a_drum_kick_a"] },
        { "time": 3.33, "notes": ["mortals_mid11_face_a_drum_snare_a"] },
        { "time": 4.33, "notes": ["mortals_mid10_face_a_drum_kick_a"] },
        { "time": 4.66, "notes": ["mortals_mid11_face_a_drum_snare_a"] },
        { "time": 5.33, "notes": ["mortals_mid02_face_a_lead_lead2_a", "mortals_mid05_face_a_bass_bass2_a", "mortals_mid10_face_a_drum_kick_a"] },
        { "time": 6.0, "notes": ["mortals_mid11_face_a_drum_snare_a"] },
        { "time": 7.0, "notes": ["mortals_mid10_face_a_drum_kick_a"] },
        { "time": 7.33, "notes": ["mortals_mid11_face_a_drum_snare_a"] },
        { "time": 7.5, "notes": ["mortals_mid10_face_a_drum_kick_a"] },
        { "time": 8.0, "notes": ["mortals_mid10_face_a_drum_kick_a"] },
        { "time": 8.66, "notes": ["mortals_mid11_face_a_drum_snare_a"] },
        { "time": 9.66, "notes": ["mortals_mid10_face_a_drum_kick_a"] },
        { "time": 10.0, "notes": ["mortals_mid11_face_a_drum_snare_a"] },
        { "time": 10.66, "notes": ["mortals_mid01_face_a_lead_lead1_a", "mortals_mid04_face_a_bass_bass1_a", "mortals_mid10_face_a_drum_kick_a"] },
        { "time": 11.33, "notes": ["mortals_mid11_face_a_drum_snare_a"] },
        { "time": 12.33, "notes": ["mortals_mid10_face_a_drum_kick_a"] },
        { "time": 12.66, "notes": ["mortals_mid11_face_a_drum_snare_a"] },
        { "time": 12.83, "notes": ["mortals_mid10_face_a_drum_kick_a"] },
        { "time": 13.33, "notes": ["mortals_mid10_face_a_drum_kick_a"] },
        { "time": 14.0, "notes": ["mortals_mid11_face_a_drum_snare_a"] },
        { "time": 15.0, "notes": ["mortals_mid10_face_a_drum_kick_a"] },
        { "time": 15.33, "notes": ["mortals_mid11_face_a_drum_snare_a"] },
        { "time": 16.0, "notes": ["mortals_mid02_face_a_lead_lead2_a", "mortals_mid05_face_a_bass_bass2_a", "mortals_mid10_face_a_drum_kick_a"] },
        { "time": 16.66, "notes": ["mortals_mid11_face_a_drum_snare_a"] },
        { "time": 17.66, "notes": ["mortals_mid10_face_a_drum_kick_a"] },
        { "time": 18.0, "notes": ["mortals_mid11_face_a_drum_snare_a"] },
        { "time": 18.16, "notes": ["mortals_mid10_face_a_drum_kick_a"] },
        { "time": 18.66, "notes": ["mortals_mid10_face_a_drum_kick_a"] },
        { "time": 19.33, "notes": ["mortals_mid11_face_a_drum_snare_a"] },
        { "time": 20.33, "notes": ["mortals_mid10_face_a_drum_kick_a"] },
        { "time": 20.66, "notes": ["mortals_mid11_face_a_drum_snare_a"] },
        { "time": 21.33, "notes": ["mortals_mid03_face_a_lead_lead3_a", "mortals_mid07_face_a_bass_bass3_a", "mortals_mid09_face_a_fx_fx1_a", "mortals_mid10_face_a_drum_kick_a"] },
        { "time": 22.0, "notes": ["mortals_mid11_face_a_drum_snare_a"] },
        { "time": 23.0, "notes": ["mortals_mid10_face_a_drum_kick_a"] },
        { "time": 23.33, "notes": ["mortals_mid11_face_a_drum_snare_a"] },
        { "time": 23.5, "notes": ["mortals_mid10_face_a_drum_kick_a"] },
        { "time": 24.0, "notes": ["mortals_mid10_face_a_drum_kick_a"] },
        { "time": 24.66, "notes": ["mortals_mid11_face_a_drum_snare_a"] },
        { "time": 25.66, "notes": ["mortals_mid10_face_a_drum_kick_a"] },
        { "time": 26.16, "notes": ["mortals_mid10_face_a_drum_kick_a"] },
        { "time": 26.66, "notes": ["mortals_mid06_face_a_lead_lead4_a", "mortals_mid08_face_a_bass_bass4_a", "mortals_mid10_face_a_drum_kick_a"] },
        { "time": 27.33, "notes": ["mortals_mid11_face_a_drum_snare_a"] },
        { "time": 28.33, "notes": ["mortals_mid10_face_a_drum_kick_a"] },
        { "time": 28.66, "notes": ["mortals_mid11_face_a_drum_snare_a"] },
        { "time": 28.83, "notes": ["mortals_mid10_face_a_drum_kick_a"] },
        { "time": 29.33, "notes": ["mortals_mid10_face_a_drum_kick_a"] },
        { "time": 30.0, "notes": ["mortals_mid11_face_a_drum_snare_a"] },
        { "time": 31.0, "notes": ["mortals_mid10_face_a_drum_kick_a"] },
        { "time": 31.5, "notes": ["mortals_mid10_face_a_drum_kick_a"] },
        { "time": 32.0, "notes": ["mortals_mid03_face_a_lead_lead3_a", "mortals_mid07_face_a_bass_bass3_a", "mortals_mid10_face_a_drum_kick_a", "mortals_mid12_face_a_fx_fx2_a"] },
        { "time": 32.66, "notes": ["mortals_mid11_face_a_drum_snare_a"] },
        { "time": 33.66, "notes": ["mortals_mid10_face_a_drum_kick_a"] },
        { "time": 34.0, "notes": ["mortals_mid11_face_a_drum_snare_a"] },
        { "time": 34.16, "notes": ["mortals_mid10_face_a_drum_kick_a"] },
        { "time": 34.66, "notes": ["mortals_mid10_face_a_drum_kick_a"] },
        { "time": 35.33, "notes": ["mortals_mid11_face_a_drum_snare_a"] },
        { "time": 36.33, "notes": ["mortals_mid10_face_a_drum_kick_a"] },
        { "time": 36.83, "notes": ["mortals_mid10_face_a_drum_kick_a"] },
        { "time": 37.33, "notes": ["mortals_mid06_face_a_lead_lead4_a", "mortals_mid08_face_a_bass_bass4_a", "mortals_mid10_face_a_drum_kick_a", "mortals_mid12_face_a_fx_fx2_a"] },
        { "time": 38.0, "notes": ["mortals_mid11_face_a_drum_snare_a"] },
        { "time": 39.0, "notes": ["mortals_mid10_face_a_drum_kick_a"] },
        { "time": 39.33, "notes": ["mortals_mid11_face_a_drum_snare_a"] },
        { "time": 39.5, "notes": ["mortals_mid10_face_a_drum_kick_a"] },
        { "time": 40.0, "notes": ["mortals_mid10_face_a_drum_kick_a"] },
        { "time": 40.66, "notes": ["mortals_mid11_face_a_drum_snare_a"] },
        { "time": 41.66, "notes": ["mortals_mid10_face_a_drum_kick_a"] },
        { "time": 42.16, "notes": ["mortals_mid10_face_a_drum_kick_a"] },
        { "time": 43.33, "notes": ["mortals_mid11_face_a_drum_snare_a"] },
        { "time": 44.66, "notes": ["mortals_mid11_face_a_drum_snare_a"] }
      ]
    }
]
