[
    {
      "events": [
        { "time": 0.0, "notes": ["tellme_mid01_face_a_lead_lead1_a"] },
        { "time": 3.42, "notes": ["tellme_mid02_face_a_lead_lead2_a"] },
        { "time": 6.85, "notes": ["tellme_mid01_face_a_lead_lead1_a"] },
        { "time": 10.28, "notes": ["tellme_mid02_face_a_lead_lead2_a"] },
        { "time": 13.71, "notes": ["tellme_mid01_face_a_lead_lead1_a", "tellme_mid03_face_a_lead_lead3_a"] },
        { "time": 17.14, "notes": ["tellme_mid02_face_a_lead_lead2_a", "tellme_mid06_face_a_lead_lead4_a"] },
        { "time": 20.57, "notes": ["tellme_mid01_face_a_lead_lead1_a", "tellme_mid03_face_a_lead_lead3_a"] },
        { "time": 24.0, "notes": ["tellme_mid02_face_a_lead_lead2_a", "tellme_mid06_face_a_lead_lead4_a"] },
        { "time": 27.42, "notes": ["tellme_mid01_face_a_lead_lead1_a"] },
        { "time": 30.85, "notes": ["tellme_mid02_face_a_lead_lead2_a"] },
        { "time": 34.28, "notes": ["tellme_mid01_face_a_lead_lead1_a"] },
        { "time": 37.71, "notes": ["tellme_mid02_face_a_lead_lead2_a"] }
      ]
    },
]
