[
    {
      "events": [
        { "time": 0.0, "notes": ["TellMe_mid12_face_a_lead_a"] },
        { "time": 3.4, "notes": ["TellMe_mid01_face_a_drum_a"] },
        { "time": 6.9, "notes": ["TellMe_mid02_face_a_drum_a"] },
        { "time": 10.3, "notes": ["TellMe_mid07_face_a_lead_a"] },
        { "time": 13.7, "notes": ["TellMe_mid09_face_a_drum_a"] },
        { "time": 17.2, "notes": ["TellMe_mid10_face_a_lead_a"] },
        { "time": 20.6, "notes": ["TellMe_mid11_face_a_lead_a"] },
        { "time": 24.0, "notes": ["TellMe_mid08_face_a_lead_a"] },
        { "time": 27.5, "notes": ["TellMe_mid03_face_a_lead_a"] },
        { "time": 30.9, "notes": ["TellMe_mid04_face_a_drum_a"] },
        { "time": 34.3, "notes": ["TellMe_mid06_face_a_drum_a"] },
        { "time": 37.8, "notes": ["TellMe_mid05_face_a_lead_a"] }
      ]
    }
]
