[
    {
      "events": [
        { "time": 0.0, "notes": ["tellme_mid10_face_a_drum_kick_a", "tellme_mid11_face_a_drum_hihat_a"] },
        { "time": 0.85, "notes": ["tellme_mid12_face_a_drum_snare_a"] },
        { "time": 2.57, "notes": ["tellme_mid10_face_a_drum_kick_a"] },
        { "time": 3.0, "notes": ["tellme_mid12_face_a_drum_snare_a"] },
        { "time": 3.42, "notes": ["tellme_mid10_face_a_drum_kick_a", "tellme_mid11_face_a_drum_hihat_a"] },
        { "time": 4.28, "notes": ["tellme_mid12_face_a_drum_snare_a"] },
        { "time": 5.57, "notes": ["tellme_mid10_face_a_drum_kick_a"] },
        { "time": 6.0, "notes": ["tellme_mid10_face_a_drum_kick_a"] },
        { "time": 6.42, "notes": ["tellme_mid12_face_a_drum_snare_a"] },
        { "time": 6.85, "notes": ["tellme_mid10_face_a_drum_kick_a", "tellme_mid11_face_a_drum_hihat_a"] },
        { "time": 7.71, "notes": ["tellme_mid12_face_a_drum_snare_a"] },
        { "time": 9.42, "notes": ["tellme_mid10_face_a_drum_kick_a"] },
        { "time": 9.85, "notes": ["tellme_mid12_face_a_drum_snare_a"] },
        { "time": 10.28, "notes": ["tellme_mid10_face_a_drum_kick_a", "tellme_mid11_face_a_drum_hihat_a"] },
        { "time": 11.14, "notes": ["tellme_mid12_face_a_drum_snare_a"] },
        { "time": 12.42, "notes": ["tellme_mid10_face_a_drum_kick_a"] },
        { "time": 12.85, "notes": ["tellme_mid10_face_a_drum_kick_a"] },
        { "time": 13.28, "notes": ["tellme_mid12_face_a_drum_snare_a"] },
        { "time": 13.71, "notes": ["tellme_mid10_face_a_drum_kick_a", "tellme_mid11_face_a_drum_hihat_a"] },
        { "time": 14.57, "notes": ["tellme_mid12_face_a_drum_snare_a"] },
        { "time": 16.28, "notes": ["tellme_mid10_face_a_drum_kick_a"] },
        { "time": 16.71, "notes": ["tellme_mid12_face_a_drum_snare_a"] },
        { "time": 17.14, "notes": ["tellme_mid10_face_a_drum_kick_a", "tellme_mid11_face_a_drum_hihat_a"] },
        { "time": 18.0, "notes": ["tellme_mid12_face_a_drum_snare_a"] },
        { "time": 19.28, "notes": ["tellme_mid10_face_a_drum_kick_a"] },
        { "time": 19.71, "notes": ["tellme_mid10_face_a_drum_kick_a"] },
        { "time": 20.14, "notes": ["tellme_mid12_face_a_drum_snare_a"] },
        { "time": 20.57, "notes": ["tellme_mid10_face_a_drum_kick_a", "tellme_mid11_face_a_drum_hihat_a"] },
        { "time": 21.42, "notes": ["tellme_mid12_face_a_drum_snare_a"] },
        { "time": 23.14, "notes": ["tellme_mid10_face_a_drum_kick_a"] },
        { "time": 23.57, "notes": ["tellme_mid12_face_a_drum_snare_a"] },
        { "time": 24.0, "notes": ["tellme_mid10_face_a_drum_kick_a", "tellme_mid11_face_a_drum_hihat_a"] },
        { "time": 24.85, "notes": ["tellme_mid12_face_a_drum_snare_a"] },
        { "time": 26.14, "notes": ["tellme_mid10_face_a_drum_kick_a"] },
        { "time": 26.57, "notes": ["tellme_mid10_face_a_drum_kick_a"] },
        { "time": 27.0, "notes": ["tellme_mid12_face_a_drum_snare_a"] }
      ]
    },
    {
      "events": [
        { "time": 0.0, "notes": ["tellme_mid01_face_a_lead_lead1_a"] },
        { "time": 3.42, "notes": ["tellme_mid02_face_a_lead_lead2_a"] },
        { "time": 6.85, "notes": ["tellme_mid01_face_a_lead_lead1_a"] },
        { "time": 10.28, "notes": ["tellme_mid02_face_a_lead_lead2_a"] },
        { "time": 13.71, "notes": ["tellme_mid01_face_a_lead_lead1_a", "tellme_mid03_face_a_lead_lead3_a"] },
        { "time": 17.14, "notes": ["tellme_mid02_face_a_lead_lead2_a", "tellme_mid06_face_a_lead_lead4_a"] },
        { "time": 20.57, "notes": ["tellme_mid01_face_a_lead_lead1_a", "tellme_mid03_face_a_lead_lead3_a"] },
        { "time": 24.0, "notes": ["tellme_mid02_face_a_lead_lead2_a", "tellme_mid06_face_a_lead_lead4_a"] },
        { "time": 27.42, "notes": ["tellme_mid01_face_a_lead_lead1_a"] },
        { "time": 30.85, "notes": ["tellme_mid02_face_a_lead_lead2_a"] },
        { "time": 34.28, "notes": ["tellme_mid01_face_a_lead_lead1_a"] },
        { "time": 37.71, "notes": ["tellme_mid02_face_a_lead_lead2_a"] }
      ]
    },
    {
      "events": [
        { "time": 6.85, "notes": ["tellme_mid04_face_a_bass_bass1_a"] },
        { "time": 10.28, "notes": ["tellme_mid05_face_a_bass_bass2_a"] },
        { "time": 13.71, "notes": ["tellme_mid04_face_a_bass_bass1_a"] },
        { "time": 17.14, "notes": ["tellme_mid05_face_a_bass_bass2_a"] },
        { "time": 20.57, "notes": ["tellme_mid04_face_a_bass_bass1_a"] },
        { "time": 24.0, "notes": ["tellme_mid05_face_a_bass_bass2_a"] },
        { "time": 27.42, "notes": ["tellme_mid04_face_a_bass_bass1_a"] },
        { "time": 30.85, "notes": ["tellme_mid05_face_a_bass_bass2_a"] },
        { "time": 34.28, "notes": ["tellme_mid04_face_a_bass_bass1_a"] },
        { "time": 37.71, "notes": ["tellme_mid05_face_a_bass_bass2_a"] }
      ]
    },
    {
      "events": [
        { "time": 0.0, "notes": ["tellme_mid10_face_a_drum_kick_a", "tellme_mid11_face_a_drum_hihat_a"] },
        { "time": 0.85, "notes": ["tellme_mid12_face_a_drum_snare_a"] },
        { "time": 2.57, "notes": ["tellme_mid10_face_a_drum_kick_a"] },
        { "time": 3.0, "notes": ["tellme_mid12_face_a_drum_snare_a"] },
        { "time": 3.42, "notes": ["tellme_mid10_face_a_drum_kick_a", "tellme_mid11_face_a_drum_hihat_a"] },
        { "time": 4.28, "notes": ["tellme_mid12_face_a_drum_snare_a"] },
        { "time": 5.57, "notes": ["tellme_mid10_face_a_drum_kick_a"] },
        { "time": 6.0, "notes": ["tellme_mid10_face_a_drum_kick_a"] },
        { "time": 6.42, "notes": ["tellme_mid12_face_a_drum_snare_a"] },
        { "time": 6.85, "notes": ["tellme_mid04_face_a_bass_bass1_a", "tellme_mid10_face_a_drum_kick_a", "tellme_mid11_face_a_drum_hihat_a"] },
        { "time": 7.71, "notes": ["tellme_mid12_face_a_drum_snare_a"] },
        { "time": 9.42, "notes": ["tellme_mid10_face_a_drum_kick_a"] },
        { "time": 9.85, "notes": ["tellme_mid12_face_a_drum_snare_a"] },
        { "time": 10.28, "notes": ["tellme_mid05_face_a_bass_bass2_a", "tellme_mid10_face_a_drum_kick_a", "tellme_mid11_face_a_drum_hihat_a"] },
        { "time": 11.14, "notes": ["tellme_mid12_face_a_drum_snare_a"] },
        { "time": 12.42, "notes": ["tellme_mid10_face_a_drum_kick_a"] },
        { "time": 12.85, "notes": ["tellme_mid10_face_a_drum_kick_a"] },
        { "time": 13.28, "notes": ["tellme_mid12_face_a_drum_snare_a"] },
        { "time": 13.71, "notes": ["tellme_mid04_face_a_bass_bass1_a", "tellme_mid10_face_a_drum_kick_a", "tellme_mid11_face_a_drum_hihat_a"] },
        { "time": 14.57, "notes": ["tellme_mid12_face_a_drum_snare_a"] },
        { "time": 16.28, "notes": ["tellme_mid10_face_a_drum_kick_a"] },
        { "time": 16.71, "notes": ["tellme_mid12_face_a_drum_snare_a"] },
        { "time": 17.14, "notes": ["tellme_mid05_face_a_bass_bass2_a", "tellme_mid10_face_a_drum_kick_a", "tellme_mid11_face_a_drum_hihat_a"] },
        { "time": 18.0, "notes": ["tellme_mid12_face_a_drum_snare_a"] },
        { "time": 19.28, "notes": ["tellme_mid10_face_a_drum_kick_a"] },
        { "time": 19.71, "notes": ["tellme_mid10_face_a_drum_kick_a"] },
        { "time": 20.14, "notes": ["tellme_mid12_face_a_drum_snare_a"] },
        { "time": 20.57, "notes": ["tellme_mid04_face_a_bass_bass1_a", "tellme_mid10_face_a_drum_kick_a", "tellme_mid11_face_a_drum_hihat_a"] },
        { "time": 21.42, "notes": ["tellme_mid12_face_a_drum_snare_a"] },
        { "time": 23.14, "notes": ["tellme_mid10_face_a_drum_kick_a"] },
        { "time": 23.57, "notes": ["tellme_mid12_face_a_drum_snare_a"] },
        { "time": 24.0, "notes": ["tellme_mid05_face_a_bass_bass2_a", "tellme_mid10_face_a_drum_kick_a", "tellme_mid11_face_a_drum_hihat_a"] },
        { "time": 24.85, "notes": ["tellme_mid12_face_a_drum_snare_a"] },
        { "time": 26.14, "notes": ["tellme_mid10_face_a_drum_kick_a"] },
        { "time": 26.57, "notes": ["tellme_mid10_face_a_drum_kick_a"] },
        { "time": 27.0, "notes": ["tellme_mid12_face_a_drum_snare_a"] },
        { "time": 27.42, "notes": ["tellme_mid04_face_a_bass_bass1_a"] },
        { "time": 30.85, "notes": ["tellme_mid05_face_a_bass_bass2_a"] },
        { "time": 34.28, "notes": ["tellme_mid04_face_a_bass_bass1_a"] },
        { "time": 37.71, "notes": ["tellme_mid05_face_a_bass_bass2_a"] }
      ]
    },
    {
      "events": [
        { "time": 0.0, "notes": ["tellme_mid01_face_a_lead_lead1_a", "tellme_mid10_face_a_drum_kick_a", "tellme_mid11_face_a_drum_hihat_a"] },
        { "time": 0.85, "notes": ["tellme_mid12_face_a_drum_snare_a"] },
        { "time": 2.57, "notes": ["tellme_mid10_face_a_drum_kick_a"] },
        { "time": 3.0, "notes": ["tellme_mid12_face_a_drum_snare_a"] },
        { "time": 3.42, "notes": ["tellme_mid02_face_a_lead_lead2_a", "tellme_mid10_face_a_drum_kick_a", "tellme_mid11_face_a_drum_hihat_a"] },
        { "time": 4.28, "notes": ["tellme_mid12_face_a_drum_snare_a"] },
        { "time": 5.57, "notes": ["tellme_mid10_face_a_drum_kick_a"] },
        { "time": 6.0, "notes": ["tellme_mid10_face_a_drum_kick_a"] },
        { "time": 6.42, "notes": ["tellme_mid12_face_a_drum_snare_a"] },
        { "time": 6.85, "notes": ["tellme_mid01_face_a_lead_lead1_a", "tellme_mid10_face_a_drum_kick_a", "tellme_mid11_face_a_drum_hihat_a"] },
        { "time": 7.71, "notes": ["tellme_mid12_face_a_drum_snare_a"] },
        { "time": 9.42, "notes": ["tellme_mid10_face_a_drum_kick_a"] },
        { "time": 9.85, "notes": ["tellme_mid12_face_a_drum_snare_a"] },
        { "time": 10.28, "notes": ["tellme_mid02_face_a_lead_lead2_a", "tellme_mid10_face_a_drum_kick_a", "tellme_mid11_face_a_drum_hihat_a"] },
        { "time": 11.14, "notes": ["tellme_mid12_face_a_drum_snare_a"] },
        { "time": 12.42, "notes": ["tellme_mid10_face_a_drum_kick_a"] },
        { "time": 12.85, "notes": ["tellme_mid10_face_a_drum_kick_a"] },
        { "time": 13.28, "notes": ["tellme_mid12_face_a_drum_snare_a"] },
        { "time": 13.71, "notes": ["tellme_mid01_face_a_lead_lead1_a", "tellme_mid03_face_a_lead_lead3_a", "tellme_mid10_face_a_drum_kick_a", "tellme_mid11_face_a_drum_hihat_a"] },
        { "time": 14.57, "notes": ["tellme_mid12_face_a_drum_snare_a"] },
        { "time": 16.28, "notes": ["tellme_mid10_face_a_drum_kick_a"] },
        { "time": 16.71, "notes": ["tellme_mid12_face_a_drum_snare_a"] },
        { "time": 17.14, "notes": ["tellme_mid02_face_a_lead_lead2_a", "tellme_mid06_face_a_lead_lead4_a", "tellme_mid10_face_a_drum_kick_a", "tellme_mid11_face_a_drum_hihat_a"] },
        { "time": 18.0, "notes": ["tellme_mid12_face_a_drum_snare_a"] },
        { "time": 19.28, "notes": ["tellme_mid10_face_a_drum_kick_a"] },
        { "time": 19.71, "notes": ["tellme_mid10_face_a_drum_kick_a"] },
        { "time": 20.14, "notes": ["tellme_mid12_face_a_drum_snare_a"] },
        { "time": 20.57, "notes": ["tellme_mid01_face_a_lead_lead1_a", "tellme_mid03_face_a_lead_lead3_a", "tellme_mid10_face_a_drum_kick_a", "tellme_mid11_face_a_drum_hihat_a"] },
        { "time": 21.42, "notes": ["tellme_mid12_face_a_drum_snare_a"] },
        { "time": 23.14, "notes": ["tellme_mid10_face_a_drum_kick_a"] },
        { "time": 23.57, "notes": ["tellme_mid12_face_a_drum_snare_a"] },
        { "time": 24.0, "notes": ["tellme_mid02_face_a_lead_lead2_a", "tellme_mid06_face_a_lead_lead4_a", "tellme_mid10_face_a_drum_kick_a", "tellme_mid11_face_a_drum_hihat_a"] },
        { "time": 24.85, "notes": ["tellme_mid12_face_a_drum_snare_a"] },
        { "time": 26.14, "notes": ["tellme_mid10_face_a_drum_kick_a"] },
        { "time": 26.57, "notes": ["tellme_mid10_face_a_drum_kick_a"] },
        { "time": 27.0, "notes": ["tellme_mid12_face_a_drum_snare_a"] },
        { "time": 27.42, "notes": ["tellme_mid01_face_a_lead_lead1_a"] },
        { "time": 30.85, "notes": ["tellme_mid02_face_a_lead_lead2_a"] },
        { "time": 34.28, "notes": ["tellme_mid01_face_a_lead_lead1_a"] },
        { "time": 37.71, "notes": ["tellme_mid02_face_a_lead_lead2_a"] }
      ]
    },
    {
      "events": [
        { "time": 0.0, "notes": ["tellme_mid01_face_a_lead_lead1_a"] },
        { "time": 3.42, "notes": ["tellme_mid02_face_a_lead_lead2_a"] },
        { "time": 6.85, "notes": ["tellme_mid01_face_a_lead_lead1_a", "tellme_mid04_face_a_bass_bass1_a"] },
        { "time": 10.28, "notes": ["tellme_mid02_face_a_lead_lead2_a", "tellme_mid05_face_a_bass_bass2_a"] },
        { "time": 13.71, "notes": ["tellme_mid01_face_a_lead_lead1_a", "tellme_mid03_face_a_lead_lead3_a", "tellme_mid04_face_a_bass_bass1_a"] },
        { "time": 17.14, "notes": ["tellme_mid02_face_a_lead_lead2_a", "tellme_mid06_face_a_lead_lead4_a", "tellme_mid05_face_a_bass_bass2_a"] },
        { "time": 20.57, "notes": ["tellme_mid01_face_a_lead_lead1_a", "tellme_mid03_face_a_lead_lead3_a", "tellme_mid04_face_a_bass_bass1_a"] },
        { "time": 24.0, "notes": ["tellme_mid02_face_a_lead_lead2_a", "tellme_mid06_face_a_lead_lead4_a", "tellme_mid05_face_a_bass_bass2_a"] },
        { "time": 27.42, "notes": ["tellme_mid01_face_a_lead_lead1_a", "tellme_mid04_face_a_bass_bass1_a"] },
        { "time": 30.85, "notes": ["tellme_mid02_face_a_lead_lead2_a", "tellme_mid05_face_a_bass_bass2_a"] },
        { "time": 34.28, "notes": ["tellme_mid01_face_a_lead_lead1_a", "tellme_mid04_face_a_bass_bass1_a"] },
        { "time": 37.71, "notes": ["tellme_mid02_face_a_lead_lead2_a", "tellme_mid05_face_a_bass_bass2_a"] }
      ]
    },
    {
      "events": [
        { "time": 0.0, "notes": ["tellme_mid01_face_a_lead_lead1_a", "tellme_mid10_face_a_drum_kick_a", "tellme_mid11_face_a_drum_hihat_a"] },
        { "time": 0.85, "notes": ["tellme_mid12_face_a_drum_snare_a"] },
        { "time": 2.57, "notes": ["tellme_mid10_face_a_drum_kick_a"] },
        { "time": 3.0, "notes": ["tellme_mid12_face_a_drum_snare_a"] },
        { "time": 3.42, "notes": ["tellme_mid02_face_a_lead_lead2_a", "tellme_mid10_face_a_drum_kick_a", "tellme_mid11_face_a_drum_hihat_a"] },
        { "time": 4.28, "notes": ["tellme_mid12_face_a_drum_snare_a"] },
        { "time": 5.57, "notes": ["tellme_mid10_face_a_drum_kick_a"] },
        { "time": 6.0, "notes": ["tellme_mid10_face_a_drum_kick_a"] },
        { "time": 6.42, "notes": ["tellme_mid12_face_a_drum_snare_a"] },
        { "time": 6.85, "notes": ["tellme_mid01_face_a_lead_lead1_a", "tellme_mid04_face_a_bass_bass1_a", "tellme_mid10_face_a_drum_kick_a", "tellme_mid11_face_a_drum_hihat_a"] },
        { "time": 7.71, "notes": ["tellme_mid12_face_a_drum_snare_a"] },
        { "time": 9.42, "notes": ["tellme_mid10_face_a_drum_kick_a"] },
        { "time": 9.85, "notes": ["tellme_mid12_face_a_drum_snare_a"] },
        { "time": 10.28, "notes": ["tellme_mid02_face_a_lead_lead2_a", "tellme_mid05_face_a_bass_bass2_a", "tellme_mid10_face_a_drum_kick_a", "tellme_mid11_face_a_drum_hihat_a"] },
        { "time": 11.14, "notes": ["tellme_mid12_face_a_drum_snare_a"] },
        { "time": 12.42, "notes": ["tellme_mid10_face_a_drum_kick_a"] },
        { "time": 12.85, "notes": ["tellme_mid10_face_a_drum_kick_a"] },
        { "time": 13.28, "notes": ["tellme_mid12_face_a_drum_snare_a"] },
        { "time": 13.71, "notes": ["tellme_mid01_face_a_lead_lead1_a", "tellme_mid03_face_a_lead_lead3_a", "tellme_mid04_face_a_bass_bass1_a", "tellme_mid10_face_a_drum_kick_a", "tellme_mid11_face_a_drum_hihat_a"] },
        { "time": 14.57, "notes": ["tellme_mid12_face_a_drum_snare_a"] },
        { "time": 16.28, "notes": ["tellme_mid10_face_a_drum_kick_a"] },
        { "time": 16.71, "notes": ["tellme_mid12_face_a_drum_snare_a"] },
        { "time": 17.14, "notes": ["tellme_mid02_face_a_lead_lead2_a", "tellme_mid06_face_a_lead_lead4_a", "tellme_mid05_face_a_bass_bass2_a", "tellme_mid10_face_a_drum_kick_a", "tellme_mid11_face_a_drum_hihat_a"] },
        { "time": 18.0, "notes": ["tellme_mid12_face_a_drum_snare_a"] },
        { "time": 19.28, "notes": ["tellme_mid10_face_a_drum_kick_a"] },
        { "time": 19.71, "notes": ["tellme_mid10_face_a_drum_kick_a"] },
        { "time": 20.14, "notes": ["tellme_mid12_face_a_drum_snare_a"] },
        { "time": 20.57, "notes": ["tellme_mid01_face_a_lead_lead1_a", "tellme_mid03_face_a_lead_lead3_a", "tellme_mid04_face_a_bass_bass1_a", "tellme_mid10_face_a_drum_kick_a", "tellme_mid11_face_a_drum_hihat_a"] },
        { "time": 21.42, "notes": ["tellme_mid12_face_a_drum_snare_a"] },
        { "time": 23.14, "notes": ["tellme_mid10_face_a_drum_kick_a"] },
        { "time": 23.57, "notes": ["tellme_mid12_face_a_drum_snare_a"] },
        { "time": 24.0, "notes": ["tellme_mid02_face_a_lead_lead2_a", "tellme_mid06_face_a_lead_lead4_a", "tellme_mid05_face_a_bass_bass2_a", "tellme_mid10_face_a_drum_kick_a", "tellme_mid11_face_a_drum_hihat_a"] },
        { "time": 24.85, "notes": ["tellme_mid12_face_a_drum_snare_a"] },
        { "time": 26.14, "notes": ["tellme_mid10_face_a_drum_kick_a"] },
        { "time": 26.57, "notes": ["tellme_mid10_face_a_drum_kick_a"] },
        { "time": 27.0, "notes": ["tellme_mid12_face_a_drum_snare_a"] },
        { "time": 27.42, "notes": ["tellme_mid01_face_a_lead_lead1_a", "tellme_mid04_face_a_bass_bass1_a", "tellme_mid07_face_a_fx_fxvocal1_a", "tellme_mid09_face_a_fx_fx_a"] },
        { "time": 30.85, "notes": ["tellme_mid02_face_a_lead_lead2_a", "tellme_mid05_face_a_bass_bass2_a", "tellme_mid08_face_a_fx_fxvocal2_a"] },
        { "time": 34.28, "notes": ["tellme_mid01_face_a_lead_lead1_a", "tellme_mid04_face_a_bass_bass1_a", "tellme_mid07_face_a_fx_fxvocal1_a"] },
        { "time": 37.71, "notes": ["tellme_mid02_face_a_lead_lead2_a", "tellme_mid05_face_a_bass_bass2_a", "tellme_mid08_face_a_fx_fxvocal2_a"] }
      ]
    },
    {
      "events": [
        { "time": 0.0, "notes": ["tellme_mid10_face_b_drum_kick_b", "tellme_mid11_face_b_drum_hihat_b"] },
        { "time": 0.85, "notes": ["tellme_mid12_face_b_drum_snare_b"] },
        { "time": 1.28, "notes": ["tellme_mid10_face_b_drum_kick_b"] },
        { "time": 1.5, "notes": ["tellme_mid10_face_b_drum_kick_b"] },
        { "time": 2.35, "notes": ["tellme_mid10_face_b_drum_kick_b"] },
        { "time": 2.57, "notes": ["tellme_mid10_face_b_drum_kick_b"] },
        { "time": 3.42, "notes": ["tellme_mid10_face_b_drum_kick_b", "tellme_mid11_face_b_drum_hihat_b"] },
        { "time": 4.28, "notes": ["tellme_mid12_face_b_drum_snare_b"] },
        { "time": 4.5, "notes": ["tellme_mid10_face_b_drum_kick_b"] },
        { "time": 4.71, "notes": ["tellme_mid10_face_b_drum_kick_b"] },
        { "time": 4.92, "notes": ["tellme_mid10_face_b_drum_kick_b"] },
        { "time": 5.78, "notes": ["tellme_mid10_face_b_drum_kick_b"] },
        { "time": 6.0, "notes": ["tellme_mid10_face_b_drum_kick_b"] },
        { "time": 6.42, "notes": ["tellme_mid10_face_b_drum_kick_b"] },
        { "time": 6.85, "notes": ["tellme_mid10_face_b_drum_kick_b", "tellme_mid11_face_b_drum_hihat_b"] },
        { "time": 7.71, "notes": ["tellme_mid12_face_b_drum_snare_b"] },
        { "time": 8.14, "notes": ["tellme_mid10_face_b_drum_kick_b"] },
        { "time": 8.35, "notes": ["tellme_mid10_face_b_drum_kick_b"] },
        { "time": 9.21, "notes": ["tellme_mid10_face_b_drum_kick_b"] },
        { "time": 9.42, "notes": ["tellme_mid10_face_b_drum_kick_b"] },
        { "time": 10.28, "notes": ["tellme_mid10_face_b_drum_kick_b", "tellme_mid11_face_b_drum_hihat_b"] },
        { "time": 11.14, "notes": ["tellme_mid12_face_b_drum_snare_b"] },
        { "time": 11.35, "notes": ["tellme_mid10_face_b_drum_kick_b"] },
        { "time": 11.57, "notes": ["tellme_mid10_face_b_drum_kick_b"] },
        { "time": 11.78, "notes": ["tellme_mid10_face_b_drum_kick_b"] },
        { "time": 12.64, "notes": ["tellme_mid10_face_b_drum_kick_b"] },
        { "time": 12.85, "notes": ["tellme_mid10_face_b_drum_kick_b"] },
        { "time": 13.28, "notes": ["tellme_mid10_face_b_drum_kick_b"] },
        { "time": 13.71, "notes": ["tellme_mid10_face_b_drum_kick_b", "tellme_mid11_face_b_drum_hihat_b"] },
        { "time": 14.57, "notes": ["tellme_mid12_face_b_drum_snare_b"] },
        { "time": 15.0, "notes": ["tellme_mid10_face_b_drum_kick_b"] },
        { "time": 15.21, "notes": ["tellme_mid10_face_b_drum_kick_b"] },
        { "time": 16.07, "notes": ["tellme_mid10_face_b_drum_kick_b"] },
        { "time": 16.28, "notes": ["tellme_mid10_face_b_drum_kick_b"] },
        { "time": 17.14, "notes": ["tellme_mid10_face_b_drum_kick_b", "tellme_mid11_face_b_drum_hihat_b"] },
        { "time": 18.0, "notes": ["tellme_mid12_face_b_drum_snare_b"] },
        { "time": 18.21, "notes": ["tellme_mid10_face_b_drum_kick_b"] },
        { "time": 18.42, "notes": ["tellme_mid10_face_b_drum_kick_b"] },
        { "time": 18.64, "notes": ["tellme_mid10_face_b_drum_kick_b"] },
        { "time": 19.5, "notes": ["tellme_mid10_face_b_drum_kick_b"] },
        { "time": 19.71, "notes": ["tellme_mid10_face_b_drum_kick_b"] },
        { "time": 20.14, "notes": ["tellme_mid10_face_b_drum_kick_b"] },
        { "time": 20.57, "notes": ["tellme_mid10_face_b_drum_kick_b", "tellme_mid11_face_b_drum_hihat_b"] },
        { "time": 21.42, "notes": ["tellme_mid12_face_b_drum_snare_b"] },
        { "time": 21.85, "notes": ["tellme_mid10_face_b_drum_kick_b"] },
        { "time": 22.07, "notes": ["tellme_mid10_face_b_drum_kick_b"] },
        { "time": 22.92, "notes": ["tellme_mid10_face_b_drum_kick_b"] },
        { "time": 23.14, "notes": ["tellme_mid10_face_b_drum_kick_b"] },
        { "time": 24.0, "notes": ["tellme_mid10_face_b_drum_kick_b", "tellme_mid11_face_b_drum_hihat_b"] },
        { "time": 24.85, "notes": ["tellme_mid12_face_b_drum_snare_b"] },
        { "time": 25.07, "notes": ["tellme_mid10_face_b_drum_kick_b"] },
        { "time": 25.28, "notes": ["tellme_mid10_face_b_drum_kick_b"] },
        { "time": 25.5, "notes": ["tellme_mid10_face_b_drum_kick_b"] },
        { "time": 26.35, "notes": ["tellme_mid10_face_b_drum_kick_b"] },
        { "time": 26.57, "notes": ["tellme_mid10_face_b_drum_kick_b"] },
        { "time": 27.0, "notes": ["tellme_mid10_face_b_drum_kick_b"] },
        { "time": 27.42, "notes": ["tellme_mid10_face_b_drum_kick_b", "tellme_mid11_face_b_drum_hihat_b"] },
        { "time": 28.28, "notes": ["tellme_mid12_face_b_drum_snare_b"] },
        { "time": 28.71, "notes": ["tellme_mid10_face_b_drum_kick_b"] },
        { "time": 28.92, "notes": ["tellme_mid10_face_b_drum_kick_b"] },
        { "time": 29.78, "notes": ["tellme_mid10_face_b_drum_kick_b"] },
        { "time": 30.0, "notes": ["tellme_mid10_face_b_drum_kick_b"] },
        { "time": 30.85, "notes": ["tellme_mid10_face_b_drum_kick_b", "tellme_mid11_face_b_drum_hihat_b"] },
        { "time": 31.71, "notes": ["tellme_mid12_face_b_drum_snare_b"] },
        { "time": 31.92, "notes": ["tellme_mid10_face_b_drum_kick_b"] },
        { "time": 32.14, "notes": ["tellme_mid10_face_b_drum_kick_b"] },
        { "time": 32.35, "notes": ["tellme_mid10_face_b_drum_kick_b"] },
        { "time": 33.21, "notes": ["tellme_mid10_face_b_drum_kick_b"] },
        { "time": 33.42, "notes": ["tellme_mid10_face_b_drum_kick_b"] },
        { "time": 33.85, "notes": ["tellme_mid10_face_b_drum_kick_b"] },
        { "time": 34.28, "notes": ["tellme_mid10_face_b_drum_kick_b", "tellme_mid11_face_b_drum_hihat_b"] },
        { "time": 35.14, "notes": ["tellme_mid12_face_b_drum_snare_b"] },
        { "time": 35.57, "notes": ["tellme_mid10_face_b_drum_kick_b"] },
        { "time": 35.78, "notes": ["tellme_mid10_face_b_drum_kick_b"] },
        { "time": 36.64, "notes": ["tellme_mid10_face_b_drum_kick_b"] },
        { "time": 36.85, "notes": ["tellme_mid10_face_b_drum_kick_b"] },
        { "time": 37.71, "notes": ["tellme_mid10_face_b_drum_kick_b", "tellme_mid11_face_b_drum_hihat_b"] },
        { "time": 38.57, "notes": ["tellme_mid12_face_b_drum_snare_b"] },
        { "time": 38.78, "notes": ["tellme_mid10_face_b_drum_kick_b"] },
        { "time": 39.0, "notes": ["tellme_mid10_face_b_drum_kick_b"] },
        { "time": 39.21, "notes": ["tellme_mid10_face_b_drum_kick_b"] },
        { "time": 40.07, "notes": ["tellme_mid10_face_b_drum_kick_b"] },
        { "time": 40.28, "notes": ["tellme_mid10_face_b_drum_kick_b"] },
        { "time": 40.71, "notes": ["tellme_mid10_face_b_drum_kick_b"] }
      ]
    },
    {
      "events": [
        { "time": 0.0, "notes": ["tellme_mid4_face_b_bass_bass1_b"] },
        { "time": 3.42, "notes": ["tellme_mid5_face_b_bass_bass2_b"] },
        { "time": 6.85, "notes": ["tellme_mid4_face_b_bass_bass1_b"] },
        { "time": 10.28, "notes": ["tellme_mid5_face_b_bass_bass2_b"] },
        { "time": 13.71, "notes": ["tellme_mid4_face_b_bass_bass1_b"] },
        { "time": 17.14, "notes": ["tellme_mid5_face_b_bass_bass2_b"] },
        { "time": 20.57, "notes": ["tellme_mid4_face_b_bass_bass1_b"] },
        { "time": 24.0, "notes": ["tellme_mid5_face_b_bass_bass2_b"] },
        { "time": 27.42, "notes": ["tellme_mid7_face_b_bass_bass3_b"] },
        { "time": 30.85, "notes": ["tellme_mid8_face_b_bass_bass4_b"] },
        { "time": 34.28, "notes": ["tellme_mid7_face_b_bass_bass3_b"] },
        { "time": 37.71, "notes": ["tellme_mid8_face_b_bass_bass4_b"] }
      ]
    },
    {
      "events": [
        { "time": 0.0, "notes": ["tellme_mid4_face_b_bass_bass1_b", "tellme_mid10_face_b_drum_kick_b", "tellme_mid11_face_b_drum_hihat_b"] },
        { "time": 0.85, "notes": ["tellme_mid12_face_b_drum_snare_b"] },
        { "time": 1.28, "notes": ["tellme_mid10_face_b_drum_kick_b"] },
        { "time": 1.5, "notes": ["tellme_mid10_face_b_drum_kick_b"] },
        { "time": 2.35, "notes": ["tellme_mid10_face_b_drum_kick_b"] },
        { "time": 2.57, "notes": ["tellme_mid10_face_b_drum_kick_b"] },
        { "time": 3.42, "notes": ["tellme_mid5_face_b_bass_bass2_b", "tellme_mid10_face_b_drum_kick_b", "tellme_mid11_face_b_drum_hihat_b"] },
        { "time": 4.28, "notes": ["tellme_mid12_face_b_drum_snare_b"] },
        { "time": 4.5, "notes": ["tellme_mid10_face_b_drum_kick_b"] },
        { "time": 4.71, "notes": ["tellme_mid10_face_b_drum_kick_b"] },
        { "time": 4.92, "notes": ["tellme_mid10_face_b_drum_kick_b"] },
        { "time": 5.78, "notes": ["tellme_mid10_face_b_drum_kick_b"] },
        { "time": 6.0, "notes": ["tellme_mid10_face_b_drum_kick_b"] },
        { "time": 6.42, "notes": ["tellme_mid10_face_b_drum_kick_b"] },
        { "time": 6.85, "notes": ["tellme_mid4_face_b_bass_bass1_b", "tellme_mid10_face_b_drum_kick_b", "tellme_mid11_face_b_drum_hihat_b"] },
        { "time": 7.71, "notes": ["tellme_mid12_face_b_drum_snare_b"] },
        { "time": 8.14, "notes": ["tellme_mid10_face_b_drum_kick_b"] },
        { "time": 8.35, "notes": ["tellme_mid10_face_b_drum_kick_b"] },
        { "time": 9.21, "notes": ["tellme_mid10_face_b_drum_kick_b"] },
        { "time": 9.42, "notes": ["tellme_mid10_face_b_drum_kick_b"] },
        { "time": 10.28, "notes": ["tellme_mid5_face_b_bass_bass2_b", "tellme_mid10_face_b_drum_kick_b", "tellme_mid11_face_b_drum_hihat_b"] },
        { "time": 11.14, "notes": ["tellme_mid12_face_b_drum_snare_b"] },
        { "time": 11.35, "notes": ["tellme_mid10_face_b_drum_kick_b"] },
        { "time": 11.57, "notes": ["tellme_mid10_face_b_drum_kick_b"] },
        { "time": 11.78, "notes": ["tellme_mid10_face_b_drum_kick_b"] },
        { "time": 12.64, "notes": ["tellme_mid10_face_b_drum_kick_b"] },
        { "time": 12.85, "notes": ["tellme_mid10_face_b_drum_kick_b"] },
        { "time": 13.28, "notes": ["tellme_mid10_face_b_drum_kick_b"] },
        { "time": 13.71, "notes": ["tellme_mid4_face_b_bass_bass1_b", "tellme_mid10_face_b_drum_kick_b", "tellme_mid11_face_b_drum_hihat_b"] },
        { "time": 14.57, "notes": ["tellme_mid12_face_b_drum_snare_b"] },
        { "time": 15.0, "notes": ["tellme_mid10_face_b_drum_kick_b"] },
        { "time": 15.21, "notes": ["tellme_mid10_face_b_drum_kick_b"] },
        { "time": 16.07, "notes": ["tellme_mid10_face_b_drum_kick_b"] },
        { "time": 16.28, "notes": ["tellme_mid10_face_b_drum_kick_b"] },
        { "time": 17.14, "notes": ["tellme_mid5_face_b_bass_bass2_b", "tellme_mid10_face_b_drum_kick_b", "tellme_mid11_face_b_drum_hihat_b"] },
        { "time": 18.0, "notes": ["tellme_mid12_face_b_drum_snare_b"] },
        { "time": 18.21, "notes": ["tellme_mid10_face_b_drum_kick_b"] },
        { "time": 18.42, "notes": ["tellme_mid10_face_b_drum_kick_b"] },
        { "time": 18.64, "notes": ["tellme_mid10_face_b_drum_kick_b"] },
        { "time": 19.5, "notes": ["tellme_mid10_face_b_drum_kick_b"] },
        { "time": 19.71, "notes": ["tellme_mid10_face_b_drum_kick_b"] },
        { "time": 20.14, "notes": ["tellme_mid10_face_b_drum_kick_b"] },
        { "time": 20.57, "notes": ["tellme_mid4_face_b_bass_bass1_b", "tellme_mid10_face_b_drum_kick_b", "tellme_mid11_face_b_drum_hihat_b"] },
        { "time": 21.42, "notes": ["tellme_mid12_face_b_drum_snare_b"] },
        { "time": 21.85, "notes": ["tellme_mid10_face_b_drum_kick_b"] },
        { "time": 22.07, "notes": ["tellme_mid10_face_b_drum_kick_b"] },
        { "time": 22.92, "notes": ["tellme_mid10_face_b_drum_kick_b"] },
        { "time": 23.14, "notes": ["tellme_mid10_face_b_drum_kick_b"] },
        { "time": 24.0, "notes": ["tellme_mid5_face_b_bass_bass2_b", "tellme_mid10_face_b_drum_kick_b", "tellme_mid11_face_b_drum_hihat_b"] },
        { "time": 24.85, "notes": ["tellme_mid12_face_b_drum_snare_b"] },
        { "time": 25.07, "notes": ["tellme_mid10_face_b_drum_kick_b"] },
        { "time": 25.28, "notes": ["tellme_mid10_face_b_drum_kick_b"] },
        { "time": 25.5, "notes": ["tellme_mid10_face_b_drum_kick_b"] },
        { "time": 26.35, "notes": ["tellme_mid10_face_b_drum_kick_b"] },
        { "time": 26.57, "notes": ["tellme_mid10_face_b_drum_kick_b"] },
        { "time": 27.0, "notes": ["tellme_mid10_face_b_drum_kick_b"] },
        { "time": 27.42, "notes": ["tellme_mid7_face_b_bass_bass3_b", "tellme_mid10_face_b_drum_kick_b", "tellme_mid11_face_b_drum_hihat_b"] },
        { "time": 28.28, "notes": ["tellme_mid12_face_b_drum_snare_b"] },
        { "time": 28.71, "notes": ["tellme_mid10_face_b_drum_kick_b"] },
        { "time": 28.92, "notes": ["tellme_mid10_face_b_drum_kick_b"] },
        { "time": 29.78, "notes": ["tellme_mid10_face_b_drum_kick_b"] },
        { "time": 30.0, "notes": ["tellme_mid10_face_b_drum_kick_b"] },
        { "time": 30.85, "notes": ["tellme_mid8_face_b_bass_bass4_b", "tellme_mid10_face_b_drum_kick_b", "tellme_mid11_face_b_drum_hihat_b"] },
        { "time": 31.71, "notes": ["tellme_mid12_face_b_drum_snare_b"] },
        { "time": 31.92, "notes": ["tellme_mid10_face_b_drum_kick_b"] },
        { "time": 32.14, "notes": ["tellme_mid10_face_b_drum_kick_b"] },
        { "time": 32.35, "notes": ["tellme_mid10_face_b_drum_kick_b"] },
        { "time": 33.21, "notes": ["tellme_mid10_face_b_drum_kick_b"] },
        { "time": 33.42, "notes": ["tellme_mid10_face_b_drum_kick_b"] },
        { "time": 33.85, "notes": ["tellme_mid10_face_b_drum_kick_b"] },
        { "time": 34.28, "notes": ["tellme_mid7_face_b_bass_bass3_b", "tellme_mid10_face_b_drum_kick_b", "tellme_mid11_face_b_drum_hihat_b"] },
        { "time": 35.14, "notes": ["tellme_mid12_face_b_drum_snare_b"] },
        { "time": 35.57, "notes": ["tellme_mid10_face_b_drum_kick_b"] },
        { "time": 35.78, "notes": ["tellme_mid10_face_b_drum_kick_b"] },
        { "time": 36.64, "notes": ["tellme_mid10_face_b_drum_kick_b"] },
        { "time": 36.85, "notes": ["tellme_mid10_face_b_drum_kick_b"] },
        { "time": 37.71, "notes": ["tellme_mid8_face_b_bass_bass4_b", "tellme_mid10_face_b_drum_kick_b", "tellme_mid11_face_b_drum_hihat_b"] },
        { "time": 38.57, "notes": ["tellme_mid12_face_b_drum_snare_b"] },
        { "time": 38.78, "notes": ["tellme_mid10_face_b_drum_kick_b"] },
        { "time": 39.0, "notes": ["tellme_mid10_face_b_drum_kick_b"] },
        { "time": 39.21, "notes": ["tellme_mid10_face_b_drum_kick_b"] },
        { "time": 40.07, "notes": ["tellme_mid10_face_b_drum_kick_b"] },
        { "time": 40.28, "notes": ["tellme_mid10_face_b_drum_kick_b"] },
        { "time": 40.71, "notes": ["tellme_mid10_face_b_drum_kick_b"] }
      ]
    },
    {
      "events": [
        { "time": 0.0, "notes": ["tellme_mid1_face_b_lead_lead1_b", "tellme_mid10_face_b_drum_kick_b", "tellme_mid11_face_b_drum_hihat_b"] },
        { "time": 0.85, "notes": ["tellme_mid12_face_b_drum_snare_b"] },
        { "time": 1.28, "notes": ["tellme_mid10_face_b_drum_kick_b"] },
        { "time": 1.5, "notes": ["tellme_mid10_face_b_drum_kick_b"] },
        { "time": 2.35, "notes": ["tellme_mid10_face_b_drum_kick_b"] },
        { "time": 2.57, "notes": ["tellme_mid10_face_b_drum_kick_b"] },
        { "time": 3.42, "notes": ["tellme_mid10_face_b_drum_kick_b", "tellme_mid11_face_b_drum_hihat_b"] },
        { "time": 4.28, "notes": ["tellme_mid12_face_b_drum_snare_b"] },
        { "time": 4.5, "notes": ["tellme_mid10_face_b_drum_kick_b"] },
        { "time": 4.71, "notes": ["tellme_mid10_face_b_drum_kick_b"] },
        { "time": 4.92, "notes": ["tellme_mid10_face_b_drum_kick_b"] },
        { "time": 5.78, "notes": ["tellme_mid10_face_b_drum_kick_b"] },
        { "time": 6.0, "notes": ["tellme_mid10_face_b_drum_kick_b"] },
        { "time": 6.42, "notes": ["tellme_mid10_face_b_drum_kick_b"] },
        { "time": 6.85, "notes": ["tellme_mid2_face_b_lead_lead2_b", "tellme_mid10_face_b_drum_kick_b", "tellme_mid11_face_b_drum_hihat_b"] },
        { "time": 7.71, "notes": ["tellme_mid12_face_b_drum_snare_b"] },
        { "time": 8.14, "notes": ["tellme_mid10_face_b_drum_kick_b"] },
        { "time": 8.35, "notes": ["tellme_mid10_face_b_drum_kick_b"] },
        { "time": 9.21, "notes": ["tellme_mid10_face_b_drum_kick_b"] },
        { "time": 9.42, "notes": ["tellme_mid10_face_b_drum_kick_b"] },
        { "time": 10.28, "notes": ["tellme_mid10_face_b_drum_kick_b", "tellme_mid11_face_b_drum_hihat_b"] },
        { "time": 11.14, "notes": ["tellme_mid12_face_b_drum_snare_b"] },
        { "time": 11.35, "notes": ["tellme_mid10_face_b_drum_kick_b"] },
        { "time": 11.57, "notes": ["tellme_mid10_face_b_drum_kick_b"] },
        { "time": 11.78, "notes": ["tellme_mid10_face_b_drum_kick_b"] },
        { "time": 12.64, "notes": ["tellme_mid10_face_b_drum_kick_b"] },
        { "time": 12.85, "notes": ["tellme_mid10_face_b_drum_kick_b"] },
        { "time": 13.28, "notes": ["tellme_mid10_face_b_drum_kick_b"] },
        { "time": 13.71, "notes": ["tellme_mid1_face_b_lead_lead1_b", "tellme_mid3_face_b_lead_lead3_b", "tellme_mid10_face_b_drum_kick_b", "tellme_mid11_face_b_drum_hihat_b"] },
        { "time": 14.57, "notes": ["tellme_mid12_face_b_drum_snare_b"] },
        { "time": 15.0, "notes": ["tellme_mid10_face_b_drum_kick_b"] },
        { "time": 15.21, "notes": ["tellme_mid10_face_b_drum_kick_b"] },
        { "time": 16.07, "notes": ["tellme_mid10_face_b_drum_kick_b"] },
        { "time": 16.28, "notes": ["tellme_mid10_face_b_drum_kick_b"] },
        { "time": 17.14, "notes": ["tellme_mid10_face_b_drum_kick_b", "tellme_mid11_face_b_drum_hihat_b"] },
        { "time": 18.0, "notes": ["tellme_mid12_face_b_drum_snare_b"] },
        { "time": 18.21, "notes": ["tellme_mid10_face_b_drum_kick_b"] },
        { "time": 18.42, "notes": ["tellme_mid10_face_b_drum_kick_b"] },
        { "time": 18.64, "notes": ["tellme_mid10_face_b_drum_kick_b"] },
        { "time": 19.5, "notes": ["tellme_mid10_face_b_drum_kick_b"] },
        { "time": 19.71, "notes": ["tellme_mid10_face_b_drum_kick_b"] },
        { "time": 20.14, "notes": ["tellme_mid10_face_b_drum_kick_b"] },
        { "time": 20.57, "notes": ["tellme_mid2_face_b_lead_lead2_b", "tellme_mid6_face_b_lead_lead4_b", "tellme_mid10_face_b_drum_kick_b", "tellme_mid11_face_b_drum_hihat_b"] },
        { "time": 21.42, "notes": ["tellme_mid12_face_b_drum_snare_b"] },
        { "time": 21.85, "notes": ["tellme_mid10_face_b_drum_kick_b"] },
        { "time": 22.07, "notes": ["tellme_mid10_face_b_drum_kick_b"] },
        { "time": 22.92, "notes": ["tellme_mid10_face_b_drum_kick_b"] },
        { "time": 23.14, "notes": ["tellme_mid10_face_b_drum_kick_b"] },
        { "time": 24.0, "notes": ["tellme_mid10_face_b_drum_kick_b", "tellme_mid11_face_b_drum_hihat_b"] },
        { "time": 24.85, "notes": ["tellme_mid12_face_b_drum_snare_b"] },
        { "time": 25.07, "notes": ["tellme_mid10_face_b_drum_kick_b"] },
        { "time": 25.28, "notes": ["tellme_mid10_face_b_drum_kick_b"] },
        { "time": 25.5, "notes": ["tellme_mid10_face_b_drum_kick_b"] },
        { "time": 26.35, "notes": ["tellme_mid10_face_b_drum_kick_b"] },
        { "time": 26.57, "notes": ["tellme_mid10_face_b_drum_kick_b"] },
        { "time": 27.0, "notes": ["tellme_mid10_face_b_drum_kick_b"] },
        { "time": 27.42, "notes": ["tellme_mid10_face_b_drum_kick_b", "tellme_mid11_face_b_drum_hihat_b"] },
        { "time": 28.28, "notes": ["tellme_mid12_face_b_drum_snare_b"] },
        { "time": 28.71, "notes": ["tellme_mid10_face_b_drum_kick_b"] },
        { "time": 28.92, "notes": ["tellme_mid10_face_b_drum_kick_b"] },
        { "time": 29.78, "notes": ["tellme_mid10_face_b_drum_kick_b"] },
        { "time": 30.0, "notes": ["tellme_mid10_face_b_drum_kick_b"] },
        { "time": 30.85, "notes": ["tellme_mid10_face_b_drum_kick_b", "tellme_mid11_face_b_drum_hihat_b"] },
        { "time": 31.71, "notes": ["tellme_mid12_face_b_drum_snare_b"] },
        { "time": 31.92, "notes": ["tellme_mid10_face_b_drum_kick_b"] },
        { "time": 32.14, "notes": ["tellme_mid10_face_b_drum_kick_b"] },
        { "time": 32.35, "notes": ["tellme_mid10_face_b_drum_kick_b"] },
        { "time": 33.21, "notes": ["tellme_mid10_face_b_drum_kick_b"] },
        { "time": 33.42, "notes": ["tellme_mid10_face_b_drum_kick_b"] },
        { "time": 33.85, "notes": ["tellme_mid10_face_b_drum_kick_b"] },
        { "time": 34.28, "notes": ["tellme_mid10_face_b_drum_kick_b", "tellme_mid11_face_b_drum_hihat_b"] },
        { "time": 35.14, "notes": ["tellme_mid12_face_b_drum_snare_b"] },
        { "time": 35.57, "notes": ["tellme_mid10_face_b_drum_kick_b"] },
        { "time": 35.78, "notes": ["tellme_mid10_face_b_drum_kick_b"] },
        { "time": 36.64, "notes": ["tellme_mid10_face_b_drum_kick_b"] },
        { "time": 36.85, "notes": ["tellme_mid10_face_b_drum_kick_b"] },
        { "time": 37.71, "notes": ["tellme_mid10_face_b_drum_kick_b", "tellme_mid11_face_b_drum_hihat_b"] },
        { "time": 38.57, "notes": ["tellme_mid12_face_b_drum_snare_b"] },
        { "time": 38.78, "notes": ["tellme_mid10_face_b_drum_kick_b"] },
        { "time": 39.0, "notes": ["tellme_mid10_face_b_drum_kick_b"] },
        { "time": 39.21, "notes": ["tellme_mid10_face_b_drum_kick_b"] },
        { "time": 40.07, "notes": ["tellme_mid10_face_b_drum_kick_b"] },
        { "time": 40.28, "notes": ["tellme_mid10_face_b_drum_kick_b"] },
        { "time": 40.71, "notes": ["tellme_mid10_face_b_drum_kick_b"] }
      ]
    },
    {
      "events": [
        { "time": 0.0, "notes": ["tellme_mid1_face_b_lead_lead1_b", "tellme_mid4_face_b_bass_bass1_b"] },
        { "time": 3.42, "notes": ["tellme_mid5_face_b_bass_bass2_b"] },
        { "time": 6.85, "notes": ["tellme_mid2_face_b_lead_lead2_b", "tellme_mid4_face_b_bass_bass1_b"] },
        { "time": 10.28, "notes": ["tellme_mid5_face_b_bass_bass2_b"] },
        { "time": 13.71, "notes": ["tellme_mid1_face_b_lead_lead1_b", "tellme_mid3_face_b_lead_lead3_b", "tellme_mid4_face_b_bass_bass1_b"] },
        { "time": 17.14, "notes": ["tellme_mid5_face_b_bass_bass2_b"] },
        { "time": 20.57, "notes": ["tellme_mid2_face_b_lead_lead2_b", "tellme_mid6_face_b_lead_lead4_b", "tellme_mid4_face_b_bass_bass1_b"] },
        { "time": 24.0, "notes": ["tellme_mid5_face_b_bass_bass2_b"] },
        { "time": 27.42, "notes": ["tellme_mid7_face_b_bass_bass3_b"] },
        { "time": 30.85, "notes": ["tellme_mid8_face_b_bass_bass4_b"] },
        { "time": 34.28, "notes": ["tellme_mid7_face_b_bass_bass3_b"] },
        { "time": 37.71, "notes": ["tellme_mid8_face_b_bass_bass4_b"] }
      ]
    },
    {
      "events": [
        { "time": 0.0, "notes": ["tellme_mid1_face_b_lead_lead1_b", "tellme_mid4_face_b_bass_bass1_b", "tellme_mid10_face_b_drum_kick_b", "tellme_mid11_face_b_drum_hihat_b"] },
        { "time": 0.85, "notes": ["tellme_mid12_face_b_drum_snare_b"] },
        { "time": 1.28, "notes": ["tellme_mid10_face_b_drum_kick_b"] },
        { "time": 1.5, "notes": ["tellme_mid10_face_b_drum_kick_b"] },
        { "time": 2.35, "notes": ["tellme_mid10_face_b_drum_kick_b"] },
        { "time": 2.57, "notes": ["tellme_mid10_face_b_drum_kick_b"] },
        { "time": 3.42, "notes": ["tellme_mid5_face_b_bass_bass2_b", "tellme_mid10_face_b_drum_kick_b", "tellme_mid11_face_b_drum_hihat_b"] },
        { "time": 4.28, "notes": ["tellme_mid12_face_b_drum_snare_b"] },
        { "time": 4.5, "notes": ["tellme_mid10_face_b_drum_kick_b"] },
        { "time": 4.71, "notes": ["tellme_mid10_face_b_drum_kick_b"] },
        { "time": 4.92, "notes": ["tellme_mid10_face_b_drum_kick_b"] },
        { "time": 5.78, "notes": ["tellme_mid10_face_b_drum_kick_b"] },
        { "time": 6.0, "notes": ["tellme_mid10_face_b_drum_kick_b"] },
        { "time": 6.42, "notes": ["tellme_mid10_face_b_drum_kick_b"] },
        { "time": 6.85, "notes": ["tellme_mid2_face_b_lead_lead2_b", "tellme_mid4_face_b_bass_bass1_b", "tellme_mid10_face_b_drum_kick_b", "tellme_mid11_face_b_drum_hihat_b"] },
        { "time": 7.71, "notes": ["tellme_mid12_face_b_drum_snare_b"] },
        { "time": 8.14, "notes": ["tellme_mid10_face_b_drum_kick_b"] },
        { "time": 8.35, "notes": ["tellme_mid10_face_b_drum_kick_b"] },
        { "time": 9.21, "notes": ["tellme_mid10_face_b_drum_kick_b"] },
        { "time": 9.42, "notes": ["tellme_mid10_face_b_drum_kick_b"] },
        { "time": 10.28, "notes": ["tellme_mid5_face_b_bass_bass2_b", "tellme_mid10_face_b_drum_kick_b", "tellme_mid11_face_b_drum_hihat_b"] },
        { "time": 11.14, "notes": ["tellme_mid12_face_b_drum_snare_b"] },
        { "time": 11.35, "notes": ["tellme_mid10_face_b_drum_kick_b"] },
        { "time": 11.57, "notes": ["tellme_mid10_face_b_drum_kick_b"] },
        { "time": 11.78, "notes": ["tellme_mid10_face_b_drum_kick_b"] },
        { "time": 12.64, "notes": ["tellme_mid10_face_b_drum_kick_b"] },
        { "time": 12.85, "notes": ["tellme_mid10_face_b_drum_kick_b"] },
        { "time": 13.28, "notes": ["tellme_mid10_face_b_drum_kick_b"] },
        { "time": 13.71, "notes": ["tellme_mid1_face_b_lead_lead1_b", "tellme_mid3_face_b_lead_lead3_b", "tellme_mid4_face_b_bass_bass1_b", "tellme_mid10_face_b_drum_kick_b", "tellme_mid11_face_b_drum_hihat_b"] },
        { "time": 14.57, "notes": ["tellme_mid12_face_b_drum_snare_b"] },
        { "time": 15.0, "notes": ["tellme_mid10_face_b_drum_kick_b"] },
        { "time": 15.21, "notes": ["tellme_mid10_face_b_drum_kick_b"] },
        { "time": 16.07, "notes": ["tellme_mid10_face_b_drum_kick_b"] },
        { "time": 16.28, "notes": ["tellme_mid10_face_b_drum_kick_b"] },
        { "time": 17.14, "notes": ["tellme_mid5_face_b_bass_bass2_b", "tellme_mid10_face_b_drum_kick_b", "tellme_mid11_face_b_drum_hihat_b"] },
        { "time": 18.0, "notes": ["tellme_mid12_face_b_drum_snare_b"] },
        { "time": 18.21, "notes": ["tellme_mid10_face_b_drum_kick_b"] },
        { "time": 18.42, "notes": ["tellme_mid10_face_b_drum_kick_b"] },
        { "time": 18.64, "notes": ["tellme_mid10_face_b_drum_kick_b"] },
        { "time": 19.5, "notes": ["tellme_mid10_face_b_drum_kick_b"] },
        { "time": 19.71, "notes": ["tellme_mid10_face_b_drum_kick_b"] },
        { "time": 20.14, "notes": ["tellme_mid10_face_b_drum_kick_b"] },
        { "time": 20.57, "notes": ["tellme_mid2_face_b_lead_lead2_b", "tellme_mid6_face_b_lead_lead4_b", "tellme_mid4_face_b_bass_bass1_b", "tellme_mid10_face_b_drum_kick_b", "tellme_mid11_face_b_drum_hihat_b"] },
        { "time": 21.42, "notes": ["tellme_mid12_face_b_drum_snare_b"] },
        { "time": 21.85, "notes": ["tellme_mid10_face_b_drum_kick_b"] },
        { "time": 22.07, "notes": ["tellme_mid10_face_b_drum_kick_b"] },
        { "time": 22.92, "notes": ["tellme_mid10_face_b_drum_kick_b"] },
        { "time": 23.14, "notes": ["tellme_mid10_face_b_drum_kick_b"] },
        { "time": 24.0, "notes": ["tellme_mid5_face_b_bass_bass2_b", "tellme_mid10_face_b_drum_kick_b", "tellme_mid11_face_b_drum_hihat_b"] },
        { "time": 24.85, "notes": ["tellme_mid12_face_b_drum_snare_b"] },
        { "time": 25.07, "notes": ["tellme_mid10_face_b_drum_kick_b"] },
        { "time": 25.28, "notes": ["tellme_mid10_face_b_drum_kick_b"] },
        { "time": 25.5, "notes": ["tellme_mid10_face_b_drum_kick_b"] },
        { "time": 26.35, "notes": ["tellme_mid10_face_b_drum_kick_b"] },
        { "time": 26.57, "notes": ["tellme_mid10_face_b_drum_kick_b"] },
        { "time": 27.0, "notes": ["tellme_mid10_face_b_drum_kick_b"] },
        { "time": 27.42, "notes": ["tellme_mid7_face_b_bass_bass3_b", "tellme_mid9_face_b_fx_fx_b", "tellme_mid10_face_b_drum_kick_b", "tellme_mid11_face_b_drum_hihat_b"] },
        { "time": 28.28, "notes": ["tellme_mid12_face_b_drum_snare_b"] },
        { "time": 28.71, "notes": ["tellme_mid10_face_b_drum_kick_b"] },
        { "time": 28.92, "notes": ["tellme_mid10_face_b_drum_kick_b"] },
        { "time": 29.78, "notes": ["tellme_mid10_face_b_drum_kick_b"] },
        { "time": 30.0, "notes": ["tellme_mid10_face_b_drum_kick_b"] },
        { "time": 30.85, "notes": ["tellme_mid8_face_b_bass_bass4_b", "tellme_mid10_face_b_drum_kick_b", "tellme_mid11_face_b_drum_hihat_b"] },
        { "time": 31.71, "notes": ["tellme_mid12_face_b_drum_snare_b"] },
        { "time": 31.92, "notes": ["tellme_mid10_face_b_drum_kick_b"] },
        { "time": 32.14, "notes": ["tellme_mid10_face_b_drum_kick_b"] },
        { "time": 32.35, "notes": ["tellme_mid10_face_b_drum_kick_b"] },
        { "time": 33.21, "notes": ["tellme_mid10_face_b_drum_kick_b"] },
        { "time": 33.42, "notes": ["tellme_mid10_face_b_drum_kick_b"] },
        { "time": 33.85, "notes": ["tellme_mid10_face_b_drum_kick_b"] },
        { "time": 34.28, "notes": ["tellme_mid7_face_b_bass_bass3_b", "tellme_mid10_face_b_drum_kick_b", "tellme_mid11_face_b_drum_hihat_b"] },
        { "time": 35.14, "notes": ["tellme_mid12_face_b_drum_snare_b"] },
        { "time": 35.57, "notes": ["tellme_mid10_face_b_drum_kick_b"] },
        { "time": 35.78, "notes": ["tellme_mid10_face_b_drum_kick_b"] },
        { "time": 36.64, "notes": ["tellme_mid10_face_b_drum_kick_b"] },
        { "time": 36.85, "notes": ["tellme_mid10_face_b_drum_kick_b"] },
        { "time": 37.71, "notes": ["tellme_mid8_face_b_bass_bass4_b", "tellme_mid10_face_b_drum_kick_b", "tellme_mid11_face_b_drum_hihat_b"] },
        { "time": 38.57, "notes": ["tellme_mid12_face_b_drum_snare_b"] },
        { "time": 38.78, "notes": ["tellme_mid10_face_b_drum_kick_b"] },
        { "time": 39.0, "notes": ["tellme_mid10_face_b_drum_kick_b"] },
        { "time": 39.21, "notes": ["tellme_mid10_face_b_drum_kick_b"] },
        { "time": 40.07, "notes": ["tellme_mid10_face_b_drum_kick_b"] },
        { "time": 40.28, "notes": ["tellme_mid10_face_b_drum_kick_b"] },
        { "time": 40.71, "notes": ["tellme_mid10_face_b_drum_kick_b"] }
      ]
    }
]
